code,name,update_time,last_price,open_price,high_price,low_price,prev_close_price,volume,turnover,turnover_rate,suspension,listing_date,lot_size,price_spread,stock_owner,ask_price,bid_price,ask_vol,bid_vol,enable_margin,mortgage_ratio,long_margin_initial_ratio,enable_short_sell,short_sell_rate,short_available_volume,short_margin_initial_ratio,amplitude,avg_price,bid_ask_ratio,volume_ratio,highest52weeks_price,lowest52weeks_price,highest_history_price,lowest_history_price,close_price_5min,after_volume,after_turnover,sec_status,equity_valid,issued_shares,total_market_val,net_asset,net_profit,earning_per_share,outstanding_shares,circular_market_val,net_asset_per_share,ey_ratio,pe_ratio,pb_ratio,pe_ttm_ratio,dividend_ttm,dividend_ratio_ttm,dividend_lfy,dividend_lfy_ratio,wrt_valid,wrt_conversion_ratio,wrt_type,wrt_strike_price,wrt_maturity_date,wrt_end_trade,wrt_recovery_price,wrt_street_vol,wrt_issue_vol,wrt_street_ratio,wrt_delta,wrt_implied_volatility,wrt_premium,wrt_leverage,wrt_ipop,wrt_break_even_point,wrt_conversion_price,wrt_price_recovery_ratio,wrt_score,wrt_upper_strike_price,wrt_lower_strike_price,wrt_inline_price_status,wrt_issuer_code,option_valid,option_type,strike_time,option_strike_price,option_contract_size,option_open_interest,option_implied_volatility,option_premium,option_delta,option_gamma,option_vega,option_theta,option_rho,option_net_open_interest,option_expiry_date_distance,option_contract_nominal_value,option_owner_lot_multiplier,option_area_type,option_contract_multiplier,index_option_type,index_valid,index_raise_count,index_fall_count,index_equal_count,plate_valid,plate_raise_count,plate_fall_count,plate_equal_count,future_valid,future_last_settle_price,future_position,future_position_change,future_main_contract,future_last_trade_time,trust_valid,trust_dividend_yield,trust_aum,trust_outstanding_units,trust_netAssetValue,trust_premium,trust_assetClass,pre_price,pre_high_price,pre_low_price,pre_volume,pre_turnover,pre_change_val,pre_change_rate,pre_amplitude,after_price,after_high_price,after_low_price,after_change_val,after_change_rate,after_amplitude,overnight_price,overnight_high_price,overnight_low_price,overnight_volume,overnight_turnover,overnight_change_val,overnight_change_rate,overnight_amplitude
US.NVDA260810C110000,NVDA 260810 110.00C,2026-08-07 09:30:00,108.99,0.0,0.0,0.0,108.99,0.0,0.0,0.0,False,N/A,100,0.05,US.NVDA,116.8,109.35,1.0,1.0,,,,,,,,0.0,0.0,0.0,0.0,0.0,0.0,0.0,0.0,0.0,0,0.0,NORMAL,False,,,,,,,,,,,,,,,,,False,,N/A,,,,,,,,,,,,,,,,,,,N/A,,True,CALL,2026-08-10,110.0,100.0,0,0.0,-2.219,0.0,0.0,0.0,0.0,0.0,N/A,1,N/A,N/A,AMERICAN,100.0,N/A,False,,,,False,,,,False,,,,,,False,,,,,,N/A,N/A,N/A,N/A,N/A,N/A,N/A,N/A,N/A,N/A,N/A,N/A,N/A,N/A,N/A,N/A,N/A,N/A,N/A,N/A,N/A,N/A,N/A
US.NVDA260810P110000,NVDA 260810 110.00P,2026-08-07 09:30:00,0.0001,0.0,0.0,0.0,0.0001,0.0,0.0,0.0,False,N/A,100,0.01,US.NVDA,0.01,0.0,17135.0,0.0,,,,,,,,0.0,0.0,-100.0,0.0,0.0,0.0,0.0,0.0,0.0,0,0.0,NORMAL,False,,,,,,,,,,,,,,,,,False,,N/A,,,,,,,,,,,,,,,,,,,N/A,,True,PUT,2026-08-10,110.0,100.0,1202,310.058,50.884,-1.1616e-05,1.343e-06,6.402e-06,-9.9999e-05,1.23e-07,N/A,1,N/A,N/A,AMERICAN,100.0,N/A,False,,,,False,,,,False,,,,,,False,,,,,,N/A,N/A,N/A,N/A,N/A,N/A,N/A,N/A,N/A,N/A,N/A,N/A,N/A,N/A,N/A,N/A,N/A,N/A,N/A,N/A,N/A,N/A,N/A
US.NVDA260810C115000,NVDA 260810 115.00C,2026-08-07 09:30:00,103.99,0.0,0.0,0.0,103.99,0.0,0.0,0.0,False,N/A,100,0.05,US.NVDA,113.8,104.4,2.0,1.0,,,,,,,,0.0,0.0,-33.333,0.0,0.0,0.0,0.0,0.0,0.0,0,0.0,NORMAL,False,,,,,,,,,,,,,,,,,False,,N/A,,,,,,,,,,,,,,,,,,,N/A,,True,CALL,2026-08-10,115.0,100.0,0,505.221,-2.219,0.994216437,0.000262936,0.002038977,-0.138585371,0.003475182,N/A,1,N/A,N/A,AMERICAN,100.0,N/A,False,,,,False,,,,False,,,,,,False,,,,,,N/A,N/A,N/A,N/A,N/A,N/A,N/A,N/A,N/A,N/A,N/A,N/A,N/A,N/A,N/A,N/A,N/A,N/A,N/A,N/A,N/A,N/A,N/A
US.NVDA260810P115000,NVDA 260810 115.00P,2026-08-04 09:30:00,0.0001,0.0,0.0,0.0,0.0001,0.0,0.0,0.0,False,N/A,100,0.01,US.NVDA,0.01,0.0,1100.0,0.0,,,,,,,,0.0,0.0,-100.0,0.0,0.0,0.0,0.0,0.0,0.0,0,0.0,NORMAL,False,,,,,,,,,,,,,,,,,False,,N/A,,,,,,,,,,,,,,,,,,,N/A,,True,PUT,2026-08-10,115.0,100.0,0,291.286,48.651,-1.2356e-05,1.516e-06,6.79e-06,-9.9999e-05,1.26e-07,N/A,1,N/A,N/A,AMERICAN,100.0,N/A,False,,,,False,,,,False,,,,,,False,,,,,,N/A,N/A,N/A,N/A,N/A,N/A,N/A,N/A,N/A,N/A,N/A,N/A,N/A,N/A,N/A,N/A,N/A,N/A,N/A,N/A,N/A,N/A,N/A
US.NVDA260810C120000,NVDA 260810 120.00C,2026-08-07 09:30:00,98.99,0.0,0.0,0.0,98.99,0.0,0.0,0.0,False,N/A,100,0.05,US.NVDA,106.7,99.6,1.0,1.0,,,,,,,,0.0,0.0,0.0,0.0,0.0,0.0,0.0,0.0,0.0,0,0.0,NORMAL,False,,,,,,,,,,,,,,,,,False,,N/A,,,,,,,,,,,,,,,,,,,N/A,,True,CALL,2026-08-10,120.0,100.0,0,0.0,-2.219,0.0,0.0,0.0,0.0,0.0,N/A,1,N/A,N/A,AMERICAN,100.0,N/A,False,,,,False,,,,False,,,,,,False,,,,,,N/A,N/A,N/A,N/A,N/A,N/A,N/A,N/A,N/A,N/A,N/A,N/A,N/A,N/A,N/A,N/A,N/A,N/A,N/A,N/A,N/A,N/A,N/A
US.NVDA260810P120000,NVDA 260810 120.00P,2026-08-04 09:30:00,0.0001,0.0,0.0,0.0,0.0001,0.0,0.0,0.0,False,N/A,100,0.01,US.NVDA,0.01,0.0,1100.0,0.0,,,,,,,,0.0,0.0,-100.0,0.0,0.0,0.0,0.0,0.0,0.0,0,0.0,NORMAL,False,,,,,,,,,,,,,,,,,False,,N/A,,,,,,,,,,,,,,,,,,,N/A,,True,PUT,2026-08-10,120.0,100.0,0,273.297,46.419,-1.3156e-05,1.715e-06,7.208e-06,-9.9999e-05,1.29e-07,N/A,1,N/A,N/A,AMERICAN,100.0,N/A,False,,,,False,,,,False,,,,,,False,,,,,,N/A,N/A,N/A,N/A,N/A,N/A,N/A,N/A,N/A,N/A,N/A,N/A,N/A,N/A,N/A,N/A,N/A,N/A,N/A,N/A,N/A,N/A,N/A
US.NVDA260810C125000,NVDA 260810 125.00C,2026-08-07 09:30:00,93.99,0.0,0.0,0.0,93.99,0.0,0.0,0.0,False,N/A,100,0.05,US.NVDA,101.7,94.6,1.0,1.0,,,,,,,,0.0,0.0,0.0,0.0,0.0,0.0,0.0,0.0,0.0,0,0.0,NORMAL,False,,,,,,,,,,,,,,,,,False,,N/A,,,,,,,,,,,,,,,,,,,N/A,,True,CALL,2026-08-10,125.0,100.0,0,0.0,-2.219,0.0,0.0,0.0,0.0,0.0,N/A,1,N/A,N/A,AMERICAN,100.0,N/A,False,,,,False,,,,False,,,,,,False,,,,,,N/A,N/A,N/A,N/A,N/A,N/A,N/A,N/A,N/A,N/A,N/A,N/A,N/A,N/A,N/A,N/A,N/A,N/A,N/A,N/A,N/A,N/A,N/A
US.NVDA260810P125000,NVDA 260810 125.00P,2026-08-07 09:30:00,0.0001,0.0,0.0,0.0,0.0001,0.0,0.0,0.0,False,N/A,100,0.01,US.NVDA,0.01,0.0,1200.0,0.0,,,,,,,,0.0,0.0,-100.0,0.0,0.0,0.0,0.0,0.0,0.0,0,0.0,NORMAL,False,,,,,,,,,,,,,,,,,False,,N/A,,,,,,,,,,,,,,,,,,,N/A,,True,PUT,2026-08-10,125.0,100.0,630,256.025,44.186,-1.4029e-05,1.946e-06,7.662e-06,-9.9999e-05,1.33e-07,N/A,1,N/A,N/A,AMERICAN,100.0,N/A,False,,,,False,,,,False,,,,,,False,,,,,,N/A,N/A,N/A,N/A,N/A,N/A,N/A,N/A,N/A,N/A,N/A,N/A,N/A,N/A,N/A,N/A,N/A,N/A,N/A,N/A,N/A,N/A,N/A
US.NVDA260810C130000,NVDA 260810 130.00C,2026-08-07 09:30:00,88.99,0.0,0.0,0.0,88.99,0.0,0.0,0.0,False,N/A,100,0.05,US.NVDA,96.8,89.35,1.0,1.0,,,,,,,,0.0,0.0,0.0,0.0,0.0,0.0,0.0,0.0,0.0,0,0.0,NORMAL,False,,,,,,,,,,,,,,,,,False,,N/A,,,,,,,,,,,,,,,,,,,N/A,,True,CALL,2026-08-10,130.0,100.0,1,0.0,-2.219,0.0,0.0,0.0,0.0,0.0,N/A,1,N/A,N/A,AMERICAN,100.0,N/A,False,,,,False,,,,False,,,,,,False,,,,,,N/A,N/A,N/A,N/A,N/A,N/A,N/A,N/A,N/A,N/A,N/A,N/A,N/A,N/A,N/A,N/A,N/A,N/A,N/A,N/A,N/A,N/A,N/A
US.NVDA260810P130000,NVDA 260810 130.00P,2026-08-04 09:30:00,0.0001,0.0,0.0,0.0,0.0001,0.0,0.0,0.0,False,N/A,100,0.01,US.NVDA,0.01,0.0,14.0,0.0,,,,,,,,0.0,0.0,-100.0,0.0,0.0,0.0,0.0,0.0,0.0,0,0.0,NORMAL,False,,,,,,,,,,,,,,,,,False,,N/A,,,,,,,,,,,,,,,,,,,N/A,,True,PUT,2026-08-10,130.0,100.0,2,239.411,41.953,-1.4983e-05,2.215e-06,8.157e-06,-9.9999e-05,1.36e-07,N/A,1,N/A,N/A,AMERICAN,100.0,N/A,False,,,,False,,,,False,,,,,,False,,,,,,N/A,N/A,N/A,N/A,N/A,N/A,N/A,N/A,N/A,N/A,N/A,N/A,N/A,N/A,N/A,N/A,N/A,N/A,N/A,N/A,N/A,N/A,N/A
US.NVDA260810C135000,NVDA 260810 135.00C,2026-08-07 09:44:40,87.55,87.55,87.55,87.55,83.99,1.0,8755.0,0.0,False,N/A,100,0.05,US.NVDA,91.85,84.45,1.0,1.0,,,,,,,,0.0,87.55,0.0,0.0,0.0,0.0,0.0,0.0,0.0,0,0.0,NORMAL,False,,,,,,,,,,,,,,,,,False,,N/A,,,,,,,,,,,,,,,,,,,N/A,,True,CALL,2026-08-10,135.0,100.0,3,0.0,-0.629,0.0,0.0,0.0,0.0,0.0,N/A,1,N/A,N/A,AMERICAN,100.0,N/A,False,,,,False,,,,False,,,,,,False,,,,,,N/A,N/A,N/A,N/A,N/A,N/A,N/A,N/A,N/A,N/A,N/A,N/A,N/A,N/A,N/A,N/A,N/A,N/A,N/A,N/A,N/A,N/A,N/A
US.NVDA260810P135000,NVDA 260810 135.00P,2026-08-06 09:30:00,0.0001,0.0,0.0,0.0,0.0001,0.0,0.0,0.0,False,N/A,100,0.01,US.NVDA,0.01,0.0,14.0,0.0,,,,,,,,0.0,0.0,-100.0,0.0,0.0,0.0,0.0,0.0,0.0,0,0.0,NORMAL,False,,,,,,,,,,,,,,,,,False,,N/A,,,,,,,,,,,,,,,,,,,N/A,,True,PUT,2026-08-10,135.0,100.0,58,223.401,39.721,-1.6033e-05,2.532e-06,8.7e-06,-9.9999e-05,1.4e-07,N/A,1,N/A,N/A,AMERICAN,100.0,N/A,False,,,,False,,,,False,,,,,,False,,,,,,N/A,N/A,N/A,N/A,N/A,N/A,N/A,N/A,N/A,N/A,N/A,N/A,N/A,N/A,N/A,N/A,N/A,N/A,N/A,N/A,N/A,N/A,N/A
US.NVDA260810C140000,NVDA 260810 140.00C,2026-08-07 12:49:34,83.07,83.07,83.07,83.07,78.99,11.0,91377.0,0.0,False,N/A,100,0.05,US.NVDA,86.85,79.55,1.0,1.0,,,,,,,,0.0,83.07,0.0,0.0,0.0,0.0,0.0,0.0,0.0,0,0.0,NORMAL,False,,,,,,,,,,,,,,,,,False,,N/A,,,,,,,,,,,,,,,,,,,N/A,,True,CALL,2026-08-10,140.0,100.0,0,0.0,-0.397,0.0,0.0,0.0,0.0,0.0,N/A,1,N/A,N/A,AMERICAN,100.0,N/A,False,,,,False,,,,False,,,,,,False,,,,,,N/A,N/A,N/A,N/A,N/A,N/A,N/A,N/A,N/A,N/A,N/A,N/A,N/A,N/A,N/A,N/A,N/A,N/A,N/A,N/A,N/A,N/A,N/A
US.NVDA260810P140000,NVDA 260810 140.00P,2026-08-06 09:30:00,0.0001,0.0,0.0,0.0,0.0001,0.0,0.0,0.0,False,N/A,100,0.01,US.NVDA,0.01,0.0,10.0,0.0,,,,,,,,0.0,0.0,-100.0,0.0,0.0,0.0,0.0,0.0,0.0,0,0.0,NORMAL,False,,,,,,,,,,,,,,,,,False,,N/A,,,,,,,,,,,,,,,,,,,N/A,,True,PUT,2026-08-10,140.0,100.0,57,207.949,37.488,-1.7195e-05,2.907e-06,9.299e-06,-9.9999e-05,1.44e-07,N/A,1,N/A,N/A,AMERICAN,100.0,N/A,False,,,,False,,,,False,,,,,,False,,,,,,N/A,N/A,N/A,N/A,N/A,N/A,N/A,N/A,N/A,N/A,N/A,N/A,N/A,N/A,N/A,N/A,N/A,N/A,N/A,N/A,N/A,N/A,N/A
US.NVDA260810C145000,NVDA 260810 145.00C,2026-08-07 09:30:00,73.99,0.0,0.0,0.0,73.99,0.0,0.0,0.0,False,N/A,100,0.05,US.NVDA,81.8,74.35,1.0,1.0,,,,,,,,0.0,0.0,0.0,0.0,0.0,0.0,0.0,0.0,0.0,0,0.0,NORMAL,False,,,,,,,,,,,,,,,,,False,,N/A,,,,,,,,,,,,,,,,,,,N/A,,True,CALL,2026-08-10,145.0,100.0,1,0.0,-2.219,0.0,0.0,0.0,0.0,0.0,N/A,1,N/A,N/A,AMERICAN,100.0,N/A,False,,,,False,,,,False,,,,,,False,,,,,,N/A,N/A,N/A,N/A,N/A,N/A,N/A,N/A,N/A,N/A,N/A,N/A,N/A,N/A,N/A,N/A,N/A,N/A,N/A,N/A,N/A,N/A,N/A
US.NVDA260810P145000,NVDA 260810 145.00P,2026-08-06 09:30:00,0.0001,0.0,0.0,0.0,0.0001,0.0,0.0,0.0,False,N/A,100,0.01,US.NVDA,0.01,0.0,14.0,0.0,,,,,,,,0.0,0.0,-100.0,0.0,0.0,0.0,0.0,0.0,0.0,0,0.0,NORMAL,False,,,,,,,,,,,,,,,,,False,,N/A,,,,,,,,,,,,,,,,,,,N/A,,True,PUT,2026-08-10,145.0,100.0,31,193.013,35.256,-1.8491e-05,3.355e-06,9.965e-06,-9.9999e-05,1.48e-07,N/A,1,N/A,N/A,AMERICAN,100.0,N/A,False,,,,False,,,,False,,,,,,False,,,,,,N/A,N/A,N/A,N/A,N/A,N/A,N/A,N/A,N/A,N/A,N/A,N/A,N/A,N/A,N/A,N/A,N/A,N/A,N/A,N/A,N/A,N/A,N/A
US.NVDA260810C150000,NVDA 260810 150.00C,2026-08-07 09:30:00,68.99,0.0,0.0,0.0,68.99,0.0,0.0,0.0,False,N/A,100,0.05,US.NVDA,76.85,69.45,1.0,1.0,,,,,,,,0.0,0.0,0.0,0.0,0.0,0.0,0.0,0.0,0.0,0,0.0,NORMAL,False,,,,,,,,,,,,,,,,,False,,N/A,,,,,,,,,,,,,,,,,,,N/A,,True,CALL,2026-08-10,150.0,100.0,2,0.0,-2.219,0.0,0.0,0.0,0.0,0.0,N/A,1,N/A,N/A,AMERICAN,100.0,N/A,False,,,,False,,,,False,,,,,,False,,,,,,N/A,N/A,N/A,N/A,N/A,N/A,N/A,N/A,N/A,N/A,N/A,N/A,N/A,N/A,N/A,N/A,N/A,N/A,N/A,N/A,N/A,N/A,N/A
US.NVDA260810P150000,NVDA 260810 150.00P,2026-08-07 09:30:00,0.0002,0.0,0.0,0.0,0.0002,0.0,0.0,0.0,False,N/A,100,0.01,US.NVDA,0.01,0.0,1000.0,0.0,,,,,,,,0.0,0.0,-100.0,0.0,0.0,0.0,0.0,0.0,0.0,0,0.0,NORMAL,False,,,,,,,,,,,,,,,,,False,,N/A,,,,,,,,,,,,,,,,,,,N/A,,True,PUT,2026-08-10,150.0,100.0,1373,185.365,33.023,-3.731e-05,6.798e-06,1.9378e-05,-0.000199998,9.7e-08,N/A,1,N/A,N/A,AMERICAN,100.0,N/A,False,,,,False,,,,False,,,,,,False,,,,,,N/A,N/A,N/A,N/A,N/A,N/A,N/A,N/A,N/A,N/A,N/A,N/A,N/A,N/A,N/A,N/A,N/A,N/A,N/A,N/A,N/A,N/A,N/A
US.NVDA260810C155000,NVDA 260810 155.00C,2026-08-07 09:30:00,63.99,0.0,0.0,0.0,63.99,0.0,0.0,0.0,False,N/A,100,0.05,US.NVDA,71.85,64.35,3.0,6.0,,,,,,,,0.0,0.0,33.333,0.0,0.0,0.0,0.0,0.0,0.0,0,0.0,NORMAL,False,,,,,,,,,,,,,,,,,False,,N/A,,,,,,,,,,,,,,,,,,,N/A,,True,CALL,2026-08-10,155.0,100.0,58,0.0,-2.219,0.0,0.0,0.0,0.0,0.0,N/A,1,N/A,N/A,AMERICAN,100.0,N/A,False,,,,False,,,,False,,,,,,False,,,,,,N/A,N/A,N/A,N/A,N/A,N/A,N/A,N/A,N/A,N/A,N/A,N/A,N/A,N/A,N/A,N/A,N/A,N/A,N/A,N/A,N/A,N/A,N/A
US.NVDA260810P155000,NVDA 260810 155.00P,2026-08-07 15:09:46,0.01,0.01,0.01,0.01,0.0009,5.0,5.0,0.0,False,N/A,100,0.01,US.NVDA,0.01,0.0,9.0,0.0,,,,,,,,0.0,0.01,-100.0,0.0,0.0,0.0,0.0,0.0,0.0,0,0.0,NORMAL,False,,,,,,,,,,,,,,,,,False,,N/A,,,,,,,,,,,,,,,,,,,N/A,,True,PUT,2026-08-10,155.0,100.0,204,224.491,30.795,-0.001236306,0.000147031,0.000506744,-0.009999999,-7.429e-06,N/A,1,N/A,N/A,AMERICAN,100.0,N/A,False,,,,False,,,,False,,,,,,False,,,,,,N/A,N/A,N/A,N/A,N/A,N/A,N/A,N/A,N/A,N/A,N/A,N/A,N/A,N/A,N/A,N/A,N/A,N/A,N/A,N/A,N/A,N/A,N/A
US.NVDA260810C160000,NVDA 260810 160.00C,2026-08-07 09:30:00,58.9911,0.0,0.0,0.0,58.9911,0.0,0.0,0.0,False,N/A,100,0.05,US.NVDA,66.85,59.6,1.0,1.0,,,,,,,,0.0,0.0,0.0,0.0,0.0,0.0,0.0,0.0,0.0,0,0.0,NORMAL,False,,,,,,,,,,,,,,,,,False,,N/A,,,,,,,,,,,,,,,,,,,N/A,,True,CALL,2026-08-10,160.0,100.0,66,0.0,-2.218,0.0,0.0,0.0,0.0,0.0,N/A,1,N/A,N/A,AMERICAN,100.0,N/A,False,,,,False,,,,False,,,,,,False,,,,,,N/A,N/A,N/A,N/A,N/A,N/A,N/A,N/A,N/A,N/A,N/A,N/A,N/A,N/A,N/A,N/A,N/A,N/A,N/A,N/A,N/A,N/A,N/A
US.NVDA260810P160000,NVDA 260810 160.00P,2026-08-07 09:30:00,0.0033,0.0,0.0,0.0,0.0033,0.0,0.0,0.0,False,N/A,100,0.01,US.NVDA,0.01,0.0,1024.0,0.0,,,,,,,,0.0,0.0,-100.0,0.0,0.0,0.0,0.0,0.0,0.0,0,0.0,NORMAL,False,,,,,,,,,,,,,,,,,False,,N/A,,,,,,,,,,,,,,,,,,,N/A,,True,PUT,2026-08-10,160.0,100.0,981,188.432,28.56,-0.000520153,7.895e-05,0.00022846,-0.003299997,-2.691e-06,N/A,1,N/A,N/A,AMERICAN,100.0,N/A,False,,,,False,,,,False,,,,,,False,,,,,,N/A,N/A,N/A,N/A,N/A,N/A,N/A,N/A,N/A,N/A,N/A,N/A,N/A,N/A,N/A,N/A,N/A,N/A,N/A,N/A,N/A,N/A,N/A
US.NVDA260810C162500,NVDA 260810 162.50C,2026-08-07 15:18:46,60.83,60.83,60.83,60.83,56.4934,1.0,6083.0,0.0,False,N/A,100,0.05,US.NVDA,66.0,56.95,10.0,2.0,,,,,,,,0.0,60.83,-66.667,0.0,0.0,0.0,0.0,0.0,0.0,0,0.0,NORMAL,False,,,,,,,,,,,,,,,,,False,,N/A,,,,,,,,,,,,,,,,,,,N/A,,True,CALL,2026-08-10,162.5,100.0,25,0.0,-0.281,0.0,0.0,0.0,0.0,0.0,N/A,1,N/A,N/A,AMERICAN,100.0,N/A,False,,,,False,,,,False,,,,,,False,,,,,,N/A,N/A,N/A,N/A,N/A,N/A,N/A,N/A,N/A,N/A,N/A,N/A,N/A,N/A,N/A,N/A,N/A,N/A,N/A,N/A,N/A,N/A,N/A
US.NVDA260810P162500,NVDA 260810 162.50P,2026-08-07 09:30:00,0.0059,0.0,0.0,0.0,0.0059,0.0,0.0,0.0,False,N/A,100,0.01,US.NVDA,0.01,0.0,7.0,0.0,,,,,,,,0.0,0.0,-100.0,0.0,0.0,0.0,0.0,0.0,0.0,0,0.0,NORMAL,False,,,,,,,,,,,,,,,,,False,,N/A,,,,,,,,,,,,,,,,,,,N/A,,True,PUT,2026-08-10,162.5,100.0,16,188.87,27.444,-0.000893086,0.000129688,0.000376105,-0.005899986,-5.077e-06,N/A,1,N/A,N/A,AMERICAN,100.0,N/A,False,,,,False,,,,False,,,,,,False,,,,,,N/A,N/A,N/A,N/A,N/A,N/A,N/A,N/A,N/A,N/A,N/A,N/A,N/A,N/A,N/A,N/A,N/A,N/A,N/A,N/A,N/A,N/A,N/A
US.NVDA260810C165000,NVDA 260810 165.00C,2026-08-07 15:18:46,58.43,58.43,58.43,58.43,53.9968,1.0,5843.0,0.0,False,N/A,100,0.05,US.NVDA,61.9,54.35,1.0,5.0,,,,,,,,0.0,58.43,66.667,0.0,0.0,0.0,0.0,0.0,0.0,0,0.0,NORMAL,False,,,,,,,,,,,,,,,,,False,,N/A,,,,,,,,,,,,,,,,,,,N/A,,True,CALL,2026-08-10,165.0,100.0,24,0.0,-0.236,0.0,0.0,0.0,0.0,0.0,N/A,1,N/A,N/A,AMERICAN,100.0,N/A,False,,,,False,,,,False,,,,,,False,,,,,,N/A,N/A,N/A,N/A,N/A,N/A,N/A,N/A,N/A,N/A,N/A,N/A,N/A,N/A,N/A,N/A,N/A,N/A,N/A,N/A,N/A,N/A,N/A
US.NVDA260810P165000,NVDA 260810 165.00P,2026-08-07 09:58:28,0.01,0.01,0.02,0.01,0.0093,208.0,209.0,0.0,False,N/A,100,0.01,US.NVDA,0.01,0.0,7.0,0.0,,,,,,,,107.527,0.01004807692,-100.0,0.0,0.0,0.0,0.0,0.0,0.0,0,0.0,NORMAL,False,,,,,,,,,,,,,,,,,False,,N/A,,,,,,,,,,,,,,,,,,,N/A,,True,PUT,2026-08-10,165.0,100.0,328,188.94,26.33,-0.001457939,0.000203106,0.000589188,-0.00999998,-8.778e-06,N/A,1,N/A,N/A,AMERICAN,100.0,N/A,False,,,,False,,,,False,,,,,,False,,,,,,N/A,N/A,N/A,N/A,N/A,N/A,N/A,N/A,N/A,N/A,N/A,N/A,N/A,N/A,N/A,N/A,N/A,N/A,N/A,N/A,N/A,N/A,N/A
US.NVDA260810C167500,NVDA 260810 167.50C,2026-08-07 09:30:00,51.5003,0.0,0.0,0.0,51.5003,0.0,0.0,0.0,False,N/A,100,0.05,US.NVDA,59.35,51.9,1.0,1.0,,,,,,,,0.0,0.0,0.0,0.0,0.0,0.0,0.0,0.0,0.0,0,0.0,NORMAL,False,,,,,,,,,,,,,,,,,False,,N/A,,,,,,,,,,,,,,,,,,,N/A,,True,CALL,2026-08-10,167.5,100.0,31,0.0,-2.214,0.0,0.0,0.0,0.0,0.0,N/A,1,N/A,N/A,AMERICAN,100.0,N/A,False,,,,False,,,,False,,,,,,False,,,,,,N/A,N/A,N/A,N/A,N/A,N/A,N/A,N/A,N/A,N/A,N/A,N/A,N/A,N/A,N/A,N/A,N/A,N/A,N/A,N/A,N/A,N/A,N/A
US.NVDA260810P167500,NVDA 260810 167.50P,2026-08-07 09:59:31,0.01,0.01,0.02,0.01,0.0127,1174.0,1274.0,0.0,False,N/A,100,0.01,US.NVDA,0.01,0.0,1021.0,0.0,,,,,,,,78.74,0.01085178875,-100.0,0.0,0.0,0.0,0.0,0.0,0.0,0,0.0,NORMAL,False,,,,,,,,,,,,,,,,,False,,N/A,,,,,,,,,,,,,,,,,,,N/A,,True,PUT,2026-08-10,167.5,100.0,69,180.338,25.214,-0.001524112,0.000221588,0.000613548,-0.009999956,-9.181e-06,N/A,1,N/A,N/A,AMERICAN,100.0,N/A,False,,,,False,,,,False,,,,,,False,,,,,,N/A,N/A,N/A,N/A,N/A,N/A,N/A,N/A,N/A,N/A,N/A,N/A,N/A,N/A,N/A,N/A,N/A,N/A,N/A,N/A,N/A,N/A,N/A
US.NVDA260810C170000,NVDA 260810 170.00C,2026-08-07 10:36:45,52.82,52.82,52.82,52.82,49.004,1.0,5282.0,0.0,False,N/A,100,0.05,US.NVDA,56.85,49.45,1.0,1.0,,,,,,,,0.0,52.82,0.0,0.0,0.0,0.0,0.0,0.0,0.0,0,0.0,NORMAL,False,,,,,,,,,,,,,,,,,False,,N/A,,,,,,,,,,,,,,,,,,,N/A,,True,CALL,2026-08-10,170.0,100.0,28,0.0,-0.509,0.0,0.0,0.0,0.0,0.0,N/A,1,N/A,N/A,AMERICAN,100.0,N/A,False,,,,False,,,,False,,,,,,False,,,,,,N/A,N/A,N/A,N/A,N/A,N/A,N/A,N/A,N/A,N/A,N/A,N/A,N/A,N/A,N/A,N/A,N/A,N/A,N/A,N/A,N/A,N/A,N/A
US.NVDA260810P170000,NVDA 260810 170.00P,2026-08-07 13:02:51,0.01,0.01,0.2,0.01,0.0161,26.0,166.0,0.0,False,N/A,100,0.01,US.NVDA,0.01,0.0,3.0,0.0,,,,,,,,1180.124,0.06384615384,-100.0,0.0,0.0,0.0,0.0,0.0,0.0,0,0.0,NORMAL,False,,,,,,,,,,,,,,,,,False,,N/A,,,,,,,,,,,,,,,,,,,N/A,,True,PUT,2026-08-10,170.0,100.0,1119,171.841,24.098,-0.001595708,0.000242484,0.000639783,-0.009999954,-9.617e-06,N/A,1,N/A,N/A,AMERICAN,100.0,N/A,False,,,,False,,,,False,,,,,,False,,,,,,N/A,N/A,N/A,N/A,N/A,N/A,N/A,N/A,N/A,N/A,N/A,N/A,N/A,N/A,N/A,N/A,N/A,N/A,N/A,N/A,N/A,N/A,N/A
US.NVDA260810C172500,NVDA 260810 172.50C,2026-08-07 09:30:00,46.5077,0.0,0.0,0.0,46.5077,0.0,0.0,0.0,False,N/A,100,0.05,US.NVDA,54.25,48.3,1.0,1.0,,,,,,,,0.0,0.0,0.0,0.0,0.0,0.0,0.0,0.0,0.0,0,0.0,NORMAL,False,,,,,,,,,,,,,,,,,False,,N/A,,,,,,,,,,,,,,,,,,,N/A,,True,CALL,2026-08-10,172.5,100.0,58,0.0,-2.211,0.0,0.0,0.0,0.0,0.0,N/A,1,N/A,N/A,AMERICAN,100.0,N/A,False,,,,False,,,,False,,,,,,False,,,,,,N/A,N/A,N/A,N/A,N/A,N/A,N/A,N/A,N/A,N/A,N/A,N/A,N/A,N/A,N/A,N/A,N/A,N/A,N/A,N/A,N/A,N/A,N/A
US.NVDA260810P172500,NVDA 260810 172.50P,2026-08-07 09:30:00,0.0195,0.0,0.0,0.0,0.0195,0.0,0.0,0.0,False,N/A,100,0.01,US.NVDA,0.02,0.0,12.0,0.0,,,,,,,,0.0,0.0,-100.0,0.0,0.0,0.0,0.0,0.0,0.0,0,0.0,NORMAL,False,,,,,,,,,,,,,,,,,False,,N/A,,,,,,,,,,,,,,,,,,,N/A,,True,PUT,2026-08-10,172.5,100.0,356,174.298,22.985,-0.002916237,0.000412992,0.001105122,-0.019499965,-1.844e-05,N/A,1,N/A,N/A,AMERICAN,100.0,N/A,False,,,,False,,,,False,,,,,,False,,,,,,N/A,N/A,N/A,N/A,N/A,N/A,N/A,N/A,N/A,N/A,N/A,N/A,N/A,N/A,N/A,N/A,N/A,N/A,N/A,N/A,N/A,N/A,N/A
US.NVDA260810C175000,NVDA 260810 175.00C,2026-08-07 09:30:00,44.0115,0.0,0.0,0.0,44.0115,0.0,0.0,0.0,False,N/A,100,0.05,US.NVDA,51.85,46.0,1.0,1.0,,,,,,,,0.0,0.0,0.0,0.0,0.0,0.0,0.0,0.0,0.0,0,0.0,NORMAL,False,,,,,,,,,,,,,,,,,False,,N/A,,,,,,,,,,,,,,,,,,,N/A,,True,CALL,2026-08-10,175.0,100.0,9,0.0,-2.209,0.0,0.0,0.0,0.0,0.0,N/A,1,N/A,N/A,AMERICAN,100.0,N/A,False,,,,False,,,,False,,,,,,False,,,,,,N/A,N/A,N/A,N/A,N/A,N/A,N/A,N/A,N/A,N/A,N/A,N/A,N/A,N/A,N/A,N/A,N/A,N/A,N/A,N/A,N/A,N/A,N/A
US.NVDA260810P175000,NVDA 260810 175.00P,2026-08-07 15:49:31,0.01,0.01,0.02,0.01,0.0229,3156.0,3201.0,0.0,False,N/A,100,0.01,US.NVDA,0.02,0.0,26.0,0.0,,,,,,,,43.668,0.010142585550000001,-100.0,0.0,0.0,0.0,0.0,0.0,0.0,0,0.0,NORMAL,False,,,,,,,,,,,,,,,,,False,,N/A,,,,,,,,,,,,,,,,,,,N/A,,True,PUT,2026-08-10,175.0,100.0,361,155.142,21.865,-0.001758234,0.000293385,0.000698893,-0.009999965,-1.0607e-05,N/A,1,N/A,N/A,AMERICAN,100.0,N/A,False,,,,False,,,,False,,,,,,False,,,,,,N/A,N/A,N/A,N/A,N/A,N/A,N/A,N/A,N/A,N/A,N/A,N/A,N/A,N/A,N/A,N/A,N/A,N/A,N/A,N/A,N/A,N/A,N/A
US.NVDA260810C177500,NVDA 260810 177.50C,2026-08-07 15:52:44,44.77,45.08,45.08,44.52,41.5154,3.0,13437.0,0.0,False,N/A,100,0.05,US.NVDA,49.25,41.95,1.0,3.0,,,,,,,,1.349,44.79,50.0,0.0,0.0,0.0,0.0,0.0,0.0,0,0.0,NORMAL,False,,,,,,,,,,,,,,,,,False,,N/A,,,,,,,,,,,,,,,,,,,N/A,,True,CALL,2026-08-10,177.5,100.0,10,0.0,-0.754,0.0,0.0,0.0,0.0,0.0,N/A,1,N/A,N/A,AMERICAN,100.0,N/A,False,,,,False,,,,False,,,,,,False,,,,,,N/A,N/A,N/A,N/A,N/A,N/A,N/A,N/A,N/A,N/A,N/A,N/A,N/A,N/A,N/A,N/A,N/A,N/A,N/A,N/A,N/A,N/A,N/A
US.NVDA260810P177500,NVDA 260810 177.50P,2026-08-07 15:57:49,0.01,0.01,0.01,0.01,0.0264,2858.0,2858.0,0.0,False,N/A,100,0.01,US.NVDA,0.01,0.0,6.0,0.0,,,,,,,,0.0,0.01,-100.0,0.0,0.0,0.0,0.0,0.0,0.0,0,0.0,NORMAL,False,,,,,,,,,,,,,,,,,False,,N/A,,,,,,,,,,,,,,,,,,,N/A,,True,PUT,2026-08-10,177.5,100.0,1296,146.931,20.749,-0.00185109,0.000324625,0.000732403,-0.009999973,-1.1173e-05,N/A,1,N/A,N/A,AMERICAN,100.0,N/A,False,,,,False,,,,False,,,,,,False,,,,,,N/A,N/A,N/A,N/A,N/A,N/A,N/A,N/A,N/A,N/A,N/A,N/A,N/A,N/A,N/A,N/A,N/A,N/A,N/A,N/A,N/A,N/A,N/A
US.NVDA260810C180000,NVDA 260810 180.00C,2026-08-07 15:52:44,42.37,42.49,42.68,41.3,39.0193,43.0,179967.0,0.0,False,N/A,100,0.05,US.NVDA,46.9,41.15,1.0,6.0,,,,,,,,3.537,41.852790697669995,71.429,0.0,0.0,0.0,0.0,0.0,0.0,0,0.0,NORMAL,False,,,,,,,,,,,,,,,,,False,,N/A,,,,,,,,,,,,,,,,,,,N/A,,True,CALL,2026-08-10,180.0,100.0,45,162.211,-0.709,0.993454998,0.000913766,0.002275308,-0.062785778,0.005461317,N/A,1,N/A,N/A,AMERICAN,100.0,N/A,False,,,,False,,,,False,,,,,,False,,,,,,N/A,N/A,N/A,N/A,N/A,N/A,N/A,N/A,N/A,N/A,N/A,N/A,N/A,N/A,N/A,N/A,N/A,N/A,N/A,N/A,N/A,N/A,N/A
US.NVDA260810P180000,NVDA 260810 180.00P,2026-08-07 15:58:59,0.01,0.02,0.02,0.01,0.0298,1744.0,2907.0,0.0,False,N/A,100,0.01,US.NVDA,0.02,0.01,112.0,64.0,,,,,,,,33.557,0.016668577979999998,-27.273,0.0,0.0,0.0,0.0,0.0,0.0,0,0.0,NORMAL,False,,,,,,,,,,,,,,,,,False,,N/A,,,,,,,,,,,,,,,,,,,N/A,,True,PUT,2026-08-10,180.0,100.0,942,144.35,19.632,-0.002736526,0.00047086,0.001043594,-0.014999939,-1.702e-05,N/A,1,N/A,N/A,AMERICAN,100.0,N/A,False,,,,False,,,,False,,,,,,False,,,,,,N/A,N/A,N/A,N/A,N/A,N/A,N/A,N/A,N/A,N/A,N/A,N/A,N/A,N/A,N/A,N/A,N/A,N/A,N/A,N/A,N/A,N/A,N/A
US.NVDA260810C182500,NVDA 260810 182.50C,2026-08-07 12:50:41,40.09,40.09,40.09,40.09,36.5233,15.0,60135.0,0.0,False,N/A,100,0.05,US.NVDA,44.35,36.95,1.0,1.0,,,,,,,,0.0,40.09,0.0,0.0,0.0,0.0,0.0,0.0,0.0,0,0.0,NORMAL,False,,,,,,,,,,,,,,,,,False,,N/A,,,,,,,,,,,,,,,,,,,N/A,,True,CALL,2026-08-10,182.5,100.0,16,0.0,-0.611,0.0,0.0,0.0,0.0,0.0,N/A,1,N/A,N/A,AMERICAN,100.0,N/A,False,,,,False,,,,False,,,,,,False,,,,,,N/A,N/A,N/A,N/A,N/A,N/A,N/A,N/A,N/A,N/A,N/A,N/A,N/A,N/A,N/A,N/A,N/A,N/A,N/A,N/A,N/A,N/A,N/A
US.NVDA260810P182500,NVDA 260810 182.50P,2026-08-07 15:42:23,0.02,0.02,0.02,0.01,0.0332,28.0,55.0,0.0,False,N/A,100,0.01,US.NVDA,0.02,0.0,38.0,0.0,,,,,,,,30.12,0.01964285714,-100.0,0.0,0.0,0.0,0.0,0.0,0.0,0,0.0,NORMAL,False,,,,,,,,,,,,,,,,,False,,N/A,,,,,,,,,,,,,,,,,,,N/A,,True,PUT,2026-08-10,182.5,100.0,534,140.115,18.521,-0.00366561,0.000631067,0.001357578,-0.019999977,-2.3187e-05,N/A,1,N/A,N/A,AMERICAN,100.0,N/A,False,,,,False,,,,False,,,,,,False,,,,,,N/A,N/A,N/A,N/A,N/A,N/A,N/A,N/A,N/A,N/A,N/A,N/A,N/A,N/A,N/A,N/A,N/A,N/A,N/A,N/A,N/A,N/A,N/A
US.NVDA260810C185000,NVDA 260810 185.00C,2026-08-07 14:03:27,37.31,37.94,39.69,37.03,34.0273,157.0,600896.0,0.0,False,N/A,100,0.05,US.NVDA,41.85,36.0,1.0,12.0,,,,,,,,7.817,38.27363057324,84.615,0.0,0.0,0.0,0.0,0.0,0.0,0,0.0,NORMAL,False,,,,,,,,,,,,,,,,,False,,N/A,,,,,,,,,,,,,,,,,,,N/A,,True,CALL,2026-08-10,185.0,100.0,93,0.0,-0.736,0.0,0.0,0.0,0.0,0.0,N/A,1,N/A,N/A,AMERICAN,100.0,N/A,False,,,,False,,,,False,,,,,,False,,,,,,N/A,N/A,N/A,N/A,N/A,N/A,N/A,N/A,N/A,N/A,N/A,N/A,N/A,N/A,N/A,N/A,N/A,N/A,N/A,N/A,N/A,N/A,N/A
US.NVDA260810P185000,NVDA 260810 185.00P,2026-08-07 15:42:07,0.02,0.02,0.02,0.01,0.0366,728.0,1451.0,0.0,False,N/A,100,0.01,US.NVDA,0.02,0.01,308.0,9.0,,,,,,,,27.322,0.01993131868,-94.322,0.0,0.0,0.0,0.0,0.0,0.0,0,0.0,NORMAL,False,,,,,,,,,,,,,,,,,False,,N/A,,,,,,,,,,,,,,,,,,,N/A,,True,PUT,2026-08-10,185.0,100.0,423,127.792,17.404,-0.003068426,0.000589696,0.00115712,-0.014999921,-1.9083e-05,N/A,1,N/A,N/A,AMERICAN,100.0,N/A,False,,,,False,,,,False,,,,,,False,,,,,,N/A,N/A,N/A,N/A,N/A,N/A,N/A,N/A,N/A,N/A,N/A,N/A,N/A,N/A,N/A,N/A,N/A,N/A,N/A,N/A,N/A,N/A,N/A
US.NVDA260810C187500,NVDA 260810 187.50C,2026-08-07 15:58:23,36.42,36.42,36.42,36.42,31.5315,5.0,18210.0,0.0,False,N/A,100,0.05,US.NVDA,39.25,31.95,1.0,1.0,,,,,,,,0.0,36.42,0.0,0.0,0.0,0.0,0.0,0.0,0.0,0,0.0,NORMAL,False,,,,,,,,,,,,,,,,,False,,N/A,,,,,,,,,,,,,,,,,,,N/A,,True,CALL,2026-08-10,187.5,100.0,51,0.0,-0.017,0.0,0.0,0.0,0.0,0.0,N/A,1,N/A,N/A,AMERICAN,100.0,N/A,False,,,,False,,,,False,,,,,,False,,,,,,N/A,N/A,N/A,N/A,N/A,N/A,N/A,N/A,N/A,N/A,N/A,N/A,N/A,N/A,N/A,N/A,N/A,N/A,N/A,N/A,N/A,N/A,N/A
US.NVDA260810P187500,NVDA 260810 187.50P,2026-08-07 15:53:10,0.02,0.02,0.03,0.01,0.0401,1001.0,2040.0,0.0,False,N/A,100,0.01,US.NVDA,0.02,0.01,27.0,13.0,,,,,,,,49.875,0.020379620369999997,-35.0,0.0,0.0,0.0,0.0,0.0,0.0,0,0.0,NORMAL,False,,,,,,,,,,,,,,,,,False,,N/A,,,,,,,,,,,,,,,,,,,N/A,,True,PUT,2026-08-10,187.5,100.0,339,119.624,16.288,-0.003264309,0.00066604,0.001223433,-0.014999925,-2.03e-05,N/A,1,N/A,N/A,AMERICAN,100.0,N/A,False,,,,False,,,,False,,,,,,False,,,,,,N/A,N/A,N/A,N/A,N/A,N/A,N/A,N/A,N/A,N/A,N/A,N/A,N/A,N/A,N/A,N/A,N/A,N/A,N/A,N/A,N/A,N/A,N/A
US.NVDA260810C190000,NVDA 260810 190.00C,2026-08-07 15:58:23,33.97,32.65,34.64,31.3,29.0371,257.0,841635.0,0.0,False,N/A,100,0.05,US.NVDA,36.45,32.05,77.0,56.0,,,,,,,,11.503,32.74844357976,-15.789,0.0,0.0,0.0,0.0,0.0,0.0,0,0.0,NORMAL,False,,,,,,,,,,,,,,,,,False,,N/A,,,,,,,,,,,,,,,,,,,N/A,,True,CALL,2026-08-10,190.0,100.0,227,165.121,0.004,0.967645675,0.003540617,0.00897343,-0.287662702,0.00558356,N/A,1,N/A,N/A,AMERICAN,100.0,N/A,False,,,,False,,,,False,,,,,,False,,,,,,N/A,N/A,N/A,N/A,N/A,N/A,N/A,N/A,N/A,N/A,N/A,N/A,N/A,N/A,N/A,N/A,N/A,N/A,N/A,N/A,N/A,N/A,N/A
US.NVDA260810P190000,NVDA 260810 190.00P,2026-08-07 15:43:55,0.02,0.03,0.04,0.01,0.045,1699.0,3699.0,0.0,False,N/A,100,0.01,US.NVDA,0.02,0.01,5.0,42.0,,,,,,,,66.667,0.021771630370000003,78.723,0.0,0.0,0.0,0.0,0.0,0.0,0,0.0,NORMAL,False,,,,,,,,,,,,,,,,,False,,N/A,,,,,,,,,,,,,,,,,,,N/A,,True,PUT,2026-08-10,190.0,100.0,1244,111.522,15.172,-0.003485524,0.000757789,0.001297749,-0.014999935,-2.1675e-05,N/A,1,N/A,N/A,AMERICAN,100.0,N/A,False,,,,False,,,,False,,,,,,False,,,,,,N/A,N/A,N/A,N/A,N/A,N/A,N/A,N/A,N/A,N/A,N/A,N/A,N/A,N/A,N/A,N/A,N/A,N/A,N/A,N/A,N/A,N/A,N/A
US.NVDA260810C192500,NVDA 260810 192.50C,2026-08-07 15:54:50,30.9,29.5,31.05,29.35,26.5431,12.0,35998.0,0.0,False,N/A,100,0.05,US.NVDA,33.3,30.05,1.0,1.0,,,,,,,,6.405,29.998333333330002,0.0,0.0,0.0,0.0,0.0,0.0,0.0,0,0.0,NORMAL,False,,,,,,,,,,,,,,,,,False,,N/A,,,,,,,,,,,,,,,,,,,N/A,,True,CALL,2026-08-10,192.5,100.0,162,145.374,-0.25,0.972820806,0.003480003,0.007765136,-0.212631986,0.005697824,N/A,1,N/A,N/A,AMERICAN,100.0,N/A,False,,,,False,,,,False,,,,,,False,,,,,,N/A,N/A,N/A,N/A,N/A,N/A,N/A,N/A,N/A,N/A,N/A,N/A,N/A,N/A,N/A,N/A,N/A,N/A,N/A,N/A,N/A,N/A,N/A
US.NVDA260810P192500,NVDA 260810 192.50P,2026-08-07 15:26:20,0.02,0.02,0.04,0.02,0.0501,839.0,1737.0,0.0,False,N/A,100,0.01,US.NVDA,0.02,0.01,10.0,42.0,,,,,,,,39.92,0.020703218109999998,61.538,0.0,0.0,0.0,0.0,0.0,0.0,0,0.0,NORMAL,False,,,,,,,,,,,,,,,,,False,,N/A,,,,,,,,,,,,,,,,,,,N/A,,True,PUT,2026-08-10,192.5,100.0,1690,103.482,14.056,-0.003737593,0.00086948,0.001381733,-0.014999949,-2.3241e-05,N/A,1,N/A,N/A,AMERICAN,100.0,N/A,False,,,,False,,,,False,,,,,,False,,,,,,N/A,N/A,N/A,N/A,N/A,N/A,N/A,N/A,N/A,N/A,N/A,N/A,N/A,N/A,N/A,N/A,N/A,N/A,N/A,N/A,N/A,N/A,N/A
US.NVDA260810C195000,NVDA 260810 195.00C,2026-08-07 15:28:49,27.96,26.55,28.65,26.55,24.0538,87.0,239382.0,0.0,False,N/A,100,0.05,US.NVDA,29.45,26.85,1.0,1.0,,,,,,,,8.73,27.51517241379,0.0,0.0,0.0,0.0,0.0,0.0,0.0,0,0.0,NORMAL,False,,,,,,,,,,,,,,,,,False,,N/A,,,,,,,,,,,,,,,,,,,N/A,,True,CALL,2026-08-10,195.0,100.0,592,0.0,-0.446,0.0,0.0,0.0,0.0,0.0,N/A,1,N/A,N/A,AMERICAN,100.0,N/A,False,,,,False,,,,False,,,,,,False,,,,,,N/A,N/A,N/A,N/A,N/A,N/A,N/A,N/A,N/A,N/A,N/A,N/A,N/A,N/A,N/A,N/A,N/A,N/A,N/A,N/A,N/A,N/A,N/A
US.NVDA260810P195000,NVDA 260810 195.00P,2026-08-07 15:53:17,0.03,0.05,0.05,0.02,0.06,2139.0,5113.0,0.0,False,N/A,100,0.01,US.NVDA,0.03,0.01,61.0,83.0,,,,,,,,50.0,0.02390369331,15.278,0.0,0.0,0.0,0.0,0.0,0.0,0,0.0,NORMAL,False,,,,,,,,,,,,,,,,,False,,N/A,,,,,,,,,,,,,,,,,,,N/A,,True,PUT,2026-08-10,195.0,100.0,9307,98.535,12.944,-0.005089845,0.001203325,0.001820733,-0.019999943,-3.214e-05,N/A,1,N/A,N/A,AMERICAN,100.0,N/A,False,,,,False,,,,False,,,,,,False,,,,,,N/A,N/A,N/A,N/A,N/A,N/A,N/A,N/A,N/A,N/A,N/A,N/A,N/A,N/A,N/A,N/A,N/A,N/A,N/A,N/A,N/A,N/A,N/A
US.NVDA260810C197500,NVDA 260810 197.50C,2026-08-07 15:30:45,25.14,24.35,27.08,23.57,21.5648,238.0,597751.0,0.0,False,N/A,100,0.05,US.NVDA,28.35,24.5,1.0,23.0,,,,,,,,16.277,25.11558823529,91.667,0.0,0.0,0.0,0.0,0.0,0.0,0,0.0,NORMAL,False,,,,,,,,,,,,,,,,,False,,N/A,,,,,,,,,,,,,,,,,,,N/A,,True,CALL,2026-08-10,197.5,100.0,7159,0.0,-0.589,0.0,0.0,0.0,0.0,0.0,N/A,1,N/A,N/A,AMERICAN,100.0,N/A,False,,,,False,,,,False,,,,,,False,,,,,,N/A,N/A,N/A,N/A,N/A,N/A,N/A,N/A,N/A,N/A,N/A,N/A,N/A,N/A,N/A,N/A,N/A,N/A,N/A,N/A,N/A,N/A,N/A
US.NVDA260810P197500,NVDA 260810 197.50P,2026-08-07 15:58:20,0.01,0.05,0.05,0.01,0.07,681.0,2106.0,0.0,False,N/A,100,0.01,US.NVDA,0.03,0.02,51.0,8.0,,,,,,,,57.143,0.030925110130000003,-72.881,0.0,0.0,0.0,0.0,0.0,0.0,0,0.0,NORMAL,False,,,,,,,,,,,,,,,,,False,,N/A,,,,,,,,,,,,,,,,,,,N/A,,True,PUT,2026-08-10,197.5,100.0,1155,92.744,11.819,-0.006596792,0.001609244,0.002291742,-0.024999969,-4.2069e-05,N/A,1,N/A,N/A,AMERICAN,100.0,N/A,False,,,,False,,,,False,,,,,,False,,,,,,N/A,N/A,N/A,N/A,N/A,N/A,N/A,N/A,N/A,N/A,N/A,N/A,N/A,N/A,N/A,N/A,N/A,N/A,N/A,N/A,N/A,N/A,N/A
US.NVDA260810C200000,NVDA 260810 200.00C,2026-08-07 15:59:41,24.05,21.7,24.36,21.0,19.0857,542.0,1222628.0,0.0,False,N/A,100,0.05,US.NVDA,25.0,23.4,5.0,45.0,,,,,,,,17.605,22.557712177120003,80.0,0.0,0.0,0.0,0.0,0.0,0.0,0,0.0,NORMAL,False,,,,,,,,,,,,,,,,,False,,N/A,,,,,,,,,,,,,,,,,,,N/A,,True,CALL,2026-08-10,200.0,100.0,5218,116.51,0.04,0.963244213,0.005572187,0.009964744,-0.237539182,0.005860934,N/A,1,N/A,N/A,AMERICAN,100.0,N/A,False,,,,False,,,,False,,,,,,False,,,,,,N/A,N/A,N/A,N/A,N/A,N/A,N/A,N/A,N/A,N/A,N/A,N/A,N/A,N/A,N/A,N/A,N/A,N/A,N/A,N/A,N/A,N/A,N/A
US.NVDA260810P200000,NVDA 260810 200.00P,2026-08-07 15:56:46,0.03,0.07,0.07,0.02,0.09,1771.0,5523.0,0.0,False,N/A,100,0.01,US.NVDA,0.03,0.02,79.0,26.0,,,,,,,,55.556,0.03118577075,-50.476,0.0,0.0,0.0,0.0,0.0,0.0,0,0.0,NORMAL,False,,,,,,,,,,,,,,,,,False,,N/A,,,,,,,,,,,,,,,,,,,N/A,,True,PUT,2026-08-10,200.0,100.0,2564,84.46,10.711,-0.007191032,0.001906936,0.002473221,-0.024999908,-4.5827e-05,N/A,1,N/A,N/A,AMERICAN,100.0,N/A,False,,,,False,,,,False,,,,,,False,,,,,,N/A,N/A,N/A,N/A,N/A,N/A,N/A,N/A,N/A,N/A,N/A,N/A,N/A,N/A,N/A,N/A,N/A,N/A,N/A,N/A,N/A,N/A,N/A
US.NVDA260810C202500,NVDA 260810 202.50C,2026-08-07 15:40:04,20.29,18.97,22.35,18.97,16.6167,772.0,1566534.0,0.0,False,N/A,100,0.05,US.NVDA,23.7,21.05,25.0,3.0,,,,,,,,20.341,20.2918911917,-78.571,0.0,0.0,0.0,0.0,0.0,0.0,0,0.0,NORMAL,False,,,,,,,,,,,,,,,,,False,,N/A,,,,,,,,,,,,,,,,,,,N/A,,True,CALL,2026-08-10,202.5,100.0,669,146.886,-0.522,0.900030093,0.009641788,0.021737394,-0.91242516,0.005483551,N/A,1,N/A,N/A,AMERICAN,100.0,N/A,False,,,,False,,,,False,,,,,,False,,,,,,N/A,N/A,N/A,N/A,N/A,N/A,N/A,N/A,N/A,N/A,N/A,N/A,N/A,N/A,N/A,N/A,N/A,N/A,N/A,N/A,N/A,N/A,N/A
US.NVDA260810P202500,NVDA 260810 202.50P,2026-08-07 15:59:58,0.03,0.07,0.07,0.02,0.12,475.0,1838.0,0.0,False,N/A,100,0.01,US.NVDA,0.03,0.02,50.0,53.0,,,,,,,,41.667,0.03869473684,2.913,0.0,0.0,0.0,0.0,0.0,0.0,0,0.0,NORMAL,False,,,,,,,,,,,,,,,,,False,,N/A,,,,,,,,,,,,,,,,,,,N/A,,True,PUT,2026-08-10,202.5,100.0,725,76.202,9.595,-0.007904361,0.002297178,0.002688203,-0.024999985,-5.0336e-05,N/A,1,N/A,N/A,AMERICAN,100.0,N/A,False,,,,False,,,,False,,,,,,False,,,,,,N/A,N/A,N/A,N/A,N/A,N/A,N/A,N/A,N/A,N/A,N/A,N/A,N/A,N/A,N/A,N/A,N/A,N/A,N/A,N/A,N/A,N/A,N/A
US.NVDA260810C205000,NVDA 260810 205.00C,2026-08-07 15:58:39,18.95,16.93,19.67,16.55,14.1777,409.0,717154.0,0.0,False,N/A,100,0.05,US.NVDA,20.05,18.15,17.0,10.0,,,,,,,,22.006,17.53432762836,-25.926,0.0,0.0,0.0,0.0,0.0,0.0,0,0.0,NORMAL,False,,,,,,,,,,,,,,,,,False,,N/A,,,,,,,,,,,,,,,,,,,N/A,,True,CALL,2026-08-10,205.0,100.0,3109,84.973,-0.004,0.971795073,0.006140354,0.008008841,-0.137477826,0.006075601,N/A,1,N/A,N/A,AMERICAN,100.0,N/A,False,,,,False,,,,False,,,,,,False,,,,,,N/A,N/A,N/A,N/A,N/A,N/A,N/A,N/A,N/A,N/A,N/A,N/A,N/A,N/A,N/A,N/A,N/A,N/A,N/A,N/A,N/A,N/A,N/A
US.NVDA260810P205000,NVDA 260810 205.00P,2026-08-07 15:59:53,0.03,0.12,0.12,0.03,0.18,1679.0,7851.0,0.0,False,N/A,100,0.01,US.NVDA,0.04,0.02,159.0,243.0,,,,,,,,50.0,0.04675997617,20.896,0.0,0.0,0.0,0.0,0.0,0.0,0,0.0,NORMAL,False,,,,,,,,,,,,,,,,,False,,N/A,,,,,,,,,,,,,,,,,,,N/A,,True,PUT,2026-08-10,205.0,100.0,2183,69.55,8.479,-0.010133984,0.003128986,0.003341848,-0.029999917,-6.4939e-05,N/A,1,N/A,N/A,AMERICAN,100.0,N/A,False,,,,False,,,,False,,,,,,False,,,,,,N/A,N/A,N/A,N/A,N/A,N/A,N/A,N/A,N/A,N/A,N/A,N/A,N/A,N/A,N/A,N/A,N/A,N/A,N/A,N/A,N/A,N/A,N/A
US.NVDA260810C207500,NVDA 260810 207.50C,2026-08-07 15:59:08,16.72,14.3,17.28,13.91,11.7787,4608.0,6839599.0,0.0,False,N/A,100,0.05,US.NVDA,16.65,15.75,10.0,21.0,,,,,,,,28.611,14.8428797743,35.484,0.0,0.0,0.0,0.0,0.0,0.0,0,0.0,NORMAL,False,,,,,,,,,,,,,,,,,False,,N/A,,,,,,,,,,,,,,,,,,,N/A,,True,CALL,2026-08-10,207.5,100.0,1565,0.0,0.116,0.0,0.0,0.0,0.0,0.0,N/A,1,N/A,N/A,AMERICAN,100.0,N/A,False,,,,False,,,,False,,,,,,False,,,,,,N/A,N/A,N/A,N/A,N/A,N/A,N/A,N/A,N/A,N/A,N/A,N/A,N/A,N/A,N/A,N/A,N/A,N/A,N/A,N/A,N/A,N/A,N/A
US.NVDA260810P207500,NVDA 260810 207.50P,2026-08-07 15:57:16,0.05,0.12,0.15,0.02,0.28,807.0,5541.0,0.0,False,N/A,100,0.01,US.NVDA,0.04,0.03,4.0,78.0,,,,,,,,46.429,0.06866171003,90.244,0.0,0.0,0.0,0.0,0.0,0.0,0,0.0,NORMAL,False,,,,,,,,,,,,,,,,,False,,N/A,,,,,,,,,,,,,,,,,,,N/A,,True,PUT,2026-08-10,207.5,100.0,1687,62.432,7.371,-0.012844099,0.004282666,0.004105756,-0.034999706,-8.2657e-05,N/A,1,N/A,N/A,AMERICAN,100.0,N/A,False,,,,False,,,,False,,,,,,False,,,,,,N/A,N/A,N/A,N/A,N/A,N/A,N/A,N/A,N/A,N/A,N/A,N/A,N/A,N/A,N/A,N/A,N/A,N/A,N/A,N/A,N/A,N/A,N/A
US.NVDA260810C210000,NVDA 260810 210.00C,2026-08-07 15:59:46,14.07,12.2,14.82,11.14,9.4597,2544.0,3254795.0,0.0,False,N/A,100,0.05,US.NVDA,15.5,12.35,1.0,1.0,,,,,,,,38.902,12.79400550314,0.0,0.0,0.0,0.0,0.0,0.0,0.0,0,0.0,NORMAL,False,,,,,,,,,,,,,,,,,False,,N/A,,,,,,,,,,,,,,,,,,,N/A,,True,CALL,2026-08-10,210.0,100.0,6296,0.0,0.049,0.0,0.0,0.0,0.0,0.0,N/A,1,N/A,N/A,AMERICAN,100.0,N/A,False,,,,False,,,,False,,,,,,False,,,,,,N/A,N/A,N/A,N/A,N/A,N/A,N/A,N/A,N/A,N/A,N/A,N/A,N/A,N/A,N/A,N/A,N/A,N/A,N/A,N/A,N/A,N/A,N/A
US.NVDA260810P210000,NVDA 260810 210.00P,2026-08-07 15:59:57,0.06,0.17,0.23,0.05,0.46,4362.0,39937.0,0.0,False,N/A,100,0.01,US.NVDA,0.06,0.05,428.0,36.0,,,,,,,,39.13,0.0915566254,-84.483,0.0,0.0,0.0,0.0,0.0,0.0,0,0.0,NORMAL,False,,,,,,,,,,,,,,,,,False,,N/A,,,,,,,,,,,,,,,,,,,N/A,,True,PUT,2026-08-10,210.0,100.0,3269,57.586,6.26,-0.020681216,0.006981596,0.006172524,-0.054999867,-0.000134683,N/A,1,N/A,N/A,AMERICAN,100.0,N/A,False,,,,False,,,,False,,,,,,False,,,,,,N/A,N/A,N/A,N/A,N/A,N/A,N/A,N/A,N/A,N/A,N/A,N/A,N/A,N/A,N/A,N/A,N/A,N/A,N/A,N/A,N/A,N/A,N/A
US.NVDA260810C212500,NVDA 260810 212.50C,2026-08-07 15:57:51,11.75,9.68,12.28,8.83,7.2756,4265.0,4371801.0,0.0,False,N/A,100,0.05,US.NVDA,11.65,10.75,7.0,30.0,,,,,,,,47.419,10.250412661190001,62.162,0.0,0.0,0.0,0.0,0.0,0.0,0,0.0,NORMAL,False,,,,,,,,,,,,,,,,,False,,N/A,,,,,,,,,,,,,,,,,,,N/A,,True,CALL,2026-08-10,212.5,100.0,1757,0.0,0.129,0.0,0.0,0.0,0.0,0.0,N/A,1,N/A,N/A,AMERICAN,100.0,N/A,False,,,,False,,,,False,,,,,,False,,,,,,N/A,N/A,N/A,N/A,N/A,N/A,N/A,N/A,N/A,N/A,N/A,N/A,N/A,N/A,N/A,N/A,N/A,N/A,N/A,N/A,N/A,N/A,N/A
US.NVDA260810P212500,NVDA 260810 212.50P,2026-08-07 15:59:43,0.08,0.34,0.4,0.08,0.775,5576.0,76152.0,0.0,False,N/A,100,0.01,US.NVDA,0.09,0.08,373.0,1.0,,,,,,,,41.29,0.13657101865,-99.465,0.0,0.0,0.0,0.0,0.0,0.0,0,0.0,NORMAL,False,,,,,,,,,,,,,,,,,False,,N/A,,,,,,,,,,,,,,,,,,,N/A,,True,PUT,2026-08-10,212.5,100.0,3226,52.215,5.152,-0.03311426,0.011412442,0.009147175,-0.084999778,-0.000217405,N/A,1,N/A,N/A,AMERICAN,100.0,N/A,False,,,,False,,,,False,,,,,,False,,,,,,N/A,N/A,N/A,N/A,N/A,N/A,N/A,N/A,N/A,N/A,N/A,N/A,N/A,N/A,N/A,N/A,N/A,N/A,N/A,N/A,N/A,N/A,N/A
US.NVDA260810C215000,NVDA 260810 215.00C,2026-08-07 15:59:08,9.25,7.2,9.98,6.5,5.2815,4718.0,3864511.0,0.0,False,N/A,100,0.05,US.NVDA,9.2,8.95,2.0,14.0,,,,,,,,65.89,8.19099406528,75.0,0.0,0.0,0.0,0.0,0.0,0.0,0,0.0,NORMAL,False,,,,,,,,,,,,,,,,,False,,N/A,,,,,,,,,,,,,,,,,,,N/A,,True,CALL,2026-08-10,215.0,100.0,7008,42.923,0.129,0.958748376,0.016614967,0.010946357,-0.112354673,0.006292961,N/A,1,N/A,N/A,AMERICAN,100.0,N/A,False,,,,False,,,,False,,,,,,False,,,,,,N/A,N/A,N/A,N/A,N/A,N/A,N/A,N/A,N/A,N/A,N/A,N/A,N/A,N/A,N/A,N/A,N/A,N/A,N/A,N/A,N/A,N/A,N/A
US.NVDA260810P215000,NVDA 260810 215.00P,2026-08-07 15:59:58,0.13,0.62,0.7,0.11,1.28,14703.0,385200.0,0.0,False,N/A,100,0.01,US.NVDA,0.15,0.13,41.0,66.0,,,,,,,,46.094,0.26198734951999997,23.364,0.0,0.0,0.0,0.0,0.0,0.0,0,0.0,NORMAL,False,,,,,,,,,,,,,,,,,False,,N/A,,,,,,,,,,,,,,,,,,,N/A,,True,PUT,2026-08-10,215.0,100.0,1664,46.951,4.058,-0.055983137,0.019393097,0.013974159,-0.139999213,-0.000369908,N/A,1,N/A,N/A,AMERICAN,100.0,N/A,False,,,,False,,,,False,,,,,,False,,,,,,N/A,N/A,N/A,N/A,N/A,N/A,N/A,N/A,N/A,N/A,N/A,N/A,N/A,N/A,N/A,N/A,N/A,N/A,N/A,N/A,N/A,N/A,N/A
US.NVDA260810C217500,NVDA 260810 217.50C,2026-08-07 15:59:56,6.75,5.5,7.57,4.63,3.6172,8673.0,5417848.0,0.0,False,N/A,100,0.05,US.NVDA,6.85,6.3,7.0,81.0,,,,,,,,81.278,6.24679810907,84.091,0.0,0.0,0.0,0.0,0.0,0.0,0,0.0,NORMAL,False,,,,,,,,,,,,,,,,,False,,N/A,,,,,,,,,,,,,,,,,,,N/A,,True,CALL,2026-08-10,217.5,100.0,3552,32.844,0.129,0.948072424,0.026120383,0.013166035,-0.112323603,0.006296298,N/A,1,N/A,N/A,AMERICAN,100.0,N/A,False,,,,False,,,,False,,,,,,False,,,,,,N/A,N/A,N/A,N/A,N/A,N/A,N/A,N/A,N/A,N/A,N/A,N/A,N/A,N/A,N/A,N/A,N/A,N/A,N/A,N/A,N/A,N/A,N/A
US.NVDA260810P217500,NVDA 260810 217.50P,2026-08-07 15:59:59,0.3,0.86,1.28,0.28,2.115,15171.0,801667.0,0.0,False,N/A,100,0.01,US.NVDA,0.31,0.29,8.0,5.0,,,,,,,,47.281,0.52842067101,-23.077,0.0,0.0,0.0,0.0,0.0,0.0,0,0.0,NORMAL,False,,,,,,,,,,,,,,,,,False,,N/A,,,,,,,,,,,,,,,,,,,N/A,,True,PUT,2026-08-10,217.5,100.0,1912,44.129,3.018,-0.112020373,0.034845005,0.023596167,-0.299954501,-0.000745285,N/A,1,N/A,N/A,AMERICAN,100.0,N/A,False,,,,False,,,,False,,,,,,False,,,,,,N/A,N/A,N/A,N/A,N/A,N/A,N/A,N/A,N/A,N/A,N/A,N/A,N/A,N/A,N/A,N/A,N/A,N/A,N/A,N/A,N/A,N/A,N/A
US.NVDA260810C220000,NVDA 260810 220.00C,2026-08-07 15:59:53,4.6,3.45,5.4,2.82,2.32,26872.0,9798553.0,0.0,False,N/A,100,0.05,US.NVDA,4.7,4.4,42.0,68.0,,,,,,,,111.207,3.6463802470899997,23.636,0.0,0.0,0.0,0.0,0.0,0.0,0,0.0,NORMAL,False,,,,,,,,,,,,,,,,,False,,N/A,,,,,,,,,,,,,,,,,,,N/A,,True,CALL,2026-08-10,220.0,100.0,9854,39.593,0.285,0.796967245,0.057591007,0.034992937,-0.584321247,0.005322684,N/A,1,N/A,N/A,AMERICAN,100.0,N/A,False,,,,False,,,,False,,,,,,False,,,,,,N/A,N/A,N/A,N/A,N/A,N/A,N/A,N/A,N/A,N/A,N/A,N/A,N/A,N/A,N/A,N/A,N/A,N/A,N/A,N/A,N/A,N/A,N/A
US.NVDA260810P220000,NVDA 260810 220.00P,2026-08-07 15:59:59,0.64,1.89,2.19,0.6,3.3172,49758.0,5596145.0,0.0,False,N/A,100,0.01,US.NVDA,0.66,0.62,14.0,34.0,,,,,,,,47.932,1.12467241448,41.667,0.0,0.0,0.0,0.0,0.0,0.0,0,0.0,NORMAL,False,,,,,,,,,,,,,,,,,False,,N/A,,,,,,,,,,,,,,,,,,,N/A,,True,PUT,2026-08-10,220.0,100.0,3600,41.719,2.053,-0.214910412,0.056523431,0.036184245,-0.635362243,-0.001432858,N/A,1,N/A,N/A,AMERICAN,100.0,N/A,False,,,,False,,,,False,,,,,,False,,,,,,N/A,N/A,N/A,N/A,N/A,N/A,N/A,N/A,N/A,N/A,N/A,N/A,N/A,N/A,N/A,N/A,N/A,N/A,N/A,N/A,N/A,N/A,N/A
US.NVDA260810C222500,NVDA 260810 222.50C,2026-08-07 15:59:59,2.8,2.15,3.5,1.54,1.4,59669.0,13443808.0,0.0,False,N/A,100,0.01,US.NVDA,2.78,2.74,2.0,4.0,,,,,,,,140.0,2.2530640701199998,33.333,0.0,0.0,0.0,0.0,0.0,0.0,0,0.0,NORMAL,False,,,,,,,,,,,,,,,,,False,,N/A,,,,,,,,,,,,,,,,,,,N/A,,True,CALL,2026-08-10,222.5,100.0,7525,39.106,0.598,0.624976711,0.078267317,0.046978145,-1.150462455,0.004198743,N/A,1,N/A,N/A,AMERICAN,100.0,N/A,False,,,,False,,,,False,,,,,,False,,,,,,N/A,N/A,N/A,N/A,N/A,N/A,N/A,N/A,N/A,N/A,N/A,N/A,N/A,N/A,N/A,N/A,N/A,N/A,N/A,N/A,N/A,N/A,N/A
US.NVDA260810P222500,NVDA 260810 222.50P,2026-08-07 15:59:59,1.34,3.1,3.5,1.2,4.8968,28192.0,5379249.0,0.0,False,N/A,100,0.01,US.NVDA,1.34,1.3,5.0,3.0,,,,,,,,46.969,1.9080764046499998,-25.0,0.0,0.0,0.0,0.0,0.0,0.0,0,0.0,NORMAL,False,,,,,,,,,,,,,,,,,False,,N/A,,,,,,,,,,,,,,,,,,,N/A,,True,PUT,2026-08-10,222.5,100.0,450,40.081,1.25,-0.377852459,0.076565117,0.047085385,-1.16306476,-0.00250971,N/A,1,N/A,N/A,AMERICAN,100.0,N/A,False,,,,False,,,,False,,,,,,False,,,,,,N/A,N/A,N/A,N/A,N/A,N/A,N/A,N/A,N/A,N/A,N/A,N/A,N/A,N/A,N/A,N/A,N/A,N/A,N/A,N/A,N/A,N/A,N/A
US.NVDA260810C225000,NVDA 260810 225.00C,2026-08-07 15:59:59,1.47,1.3,2.03,0.71,0.785,101831.0,13383522.0,0.0,False,N/A,100,0.01,US.NVDA,1.48,1.45,2.0,5.0,,,,,,,,168.153,1.31428759415,42.857,0.0,0.0,0.0,0.0,0.0,0.0,0,0.0,NORMAL,False,,,,,,,,,,,,,,,,,False,,N/A,,,,,,,,,,,,,,,,,,,N/A,,True,CALL,2026-08-10,225.0,100.0,12878,38.952,1.12,0.421217958,0.08104993,0.048457531,-1.226927026,0.002841935,N/A,1,N/A,N/A,AMERICAN,100.0,N/A,False,,,,False,,,,False,,,,,,False,,,,,,N/A,N/A,N/A,N/A,N/A,N/A,N/A,N/A,N/A,N/A,N/A,N/A,N/A,N/A,N/A,N/A,N/A,N/A,N/A,N/A,N/A,N/A,N/A
US.NVDA260810P225000,NVDA 260810 225.00P,2026-08-07 15:59:57,2.57,5.04,5.1,2.24,6.7816,10845.0,3335034.0,0.0,False,N/A,100,0.01,US.NVDA,2.54,2.5,4.0,1.0,,,,,,,,42.173,3.07518118948,-60.0,0.0,0.0,0.0,0.0,0.0,0.0,0,0.0,NORMAL,False,,,,,,,,,,,,,,,,,False,,N/A,,,,,,,,,,,,,,,,,,,N/A,,True,PUT,2026-08-10,225.0,100.0,440,39.793,0.683,-0.577149129,0.079465243,0.048490468,-1.233745738,-0.003783517,N/A,1,N/A,N/A,AMERICAN,100.0,N/A,False,,,,False,,,,False,,,,,,False,,,,,,N/A,N/A,N/A,N/A,N/A,N/A,N/A,N/A,N/A,N/A,N/A,N/A,N/A,N/A,N/A,N/A,N/A,N/A,N/A,N/A,N/A,N/A,N/A
US.NVDA260810C227500,NVDA 260810 227.50C,2026-08-07 15:59:59,0.7,0.73,1.06,0.31,0.42,30371.0,1826411.0,0.0,False,N/A,100,0.01,US.NVDA,0.71,0.68,15.0,6.0,,,,,,,,178.571,0.60136676434,-42.857,0.0,0.0,0.0,0.0,0.0,0.0,0,0.0,NORMAL,False,,,,,,,,,,,,,,,,,False,,N/A,,,,,,,,,,,,,,,,,,,N/A,,True,CALL,2026-08-10,227.5,100.0,3175,39.628,1.893,0.242252218,0.063641788,0.03870508,-0.687377809,0.001638977,N/A,1,N/A,N/A,AMERICAN,100.0,N/A,False,,,,False,,,,False,,,,,,False,,,,,,N/A,N/A,N/A,N/A,N/A,N/A,N/A,N/A,N/A,N/A,N/A,N/A,N/A,N/A,N/A,N/A,N/A,N/A,N/A,N/A,N/A,N/A,N/A
US.NVDA260810P227500,NVDA 260810 227.50P,2026-08-07 15:59:41,4.17,5.93,6.88,3.74,8.9167,4443.0,2361725.0,0.0,False,N/A,100,0.05,US.NVDA,4.5,4.15,13.0,10.0,,,,,,,,35.215,5.315608822860001,-13.043,0.0,0.0,0.0,0.0,0.0,0.0,0,0.0,NORMAL,False,,,,,,,,,,,,,,,,,False,,N/A,,,,,,,,,,,,,,,,,,,N/A,,True,PUT,2026-08-10,227.5,100.0,67,42.56,0.281,-0.742279447,0.061368662,0.039986706,-0.774714647,-0.004753585,N/A,1,N/A,N/A,AMERICAN,100.0,N/A,False,,,,False,,,,False,,,,,,False,,,,,,N/A,N/A,N/A,N/A,N/A,N/A,N/A,N/A,N/A,N/A,N/A,N/A,N/A,N/A,N/A,N/A,N/A,N/A,N/A,N/A,N/A,N/A,N/A
US.NVDA260810C230000,NVDA 260810 230.00C,2026-08-07 15:59:59,0.29,0.36,0.49,0.12,0.22,32284.0,851056.0,0.0,False,N/A,100,0.01,US.NVDA,0.3,0.28,25.0,35.0,,,,,,,,168.182,0.2636154132,16.667,0.0,0.0,0.0,0.0,0.0,0.0,0,0.0,NORMAL,False,,,,,,,,,,,,,,,,,False,,N/A,,,,,,,,,,,,,,,,,,,N/A,,True,CALL,2026-08-10,230.0,100.0,8265,40.274,2.826,0.119387822,0.039946592,0.024688147,-0.289954344,0.000809335,N/A,1,N/A,N/A,AMERICAN,100.0,N/A,False,,,,False,,,,False,,,,,,False,,,,,,N/A,N/A,N/A,N/A,N/A,N/A,N/A,N/A,N/A,N/A,N/A,N/A,N/A,N/A,N/A,N/A,N/A,N/A,N/A,N/A,N/A,N/A,N/A
US.NVDA260810P230000,NVDA 260810 230.00P,2026-08-07 15:59:45,6.25,8.56,9.0,5.69,11.2171,2892.0,2224316.0,0.0,False,N/A,100,0.05,US.NVDA,6.8,6.2,37.0,35.0,,,,,,,,29.509,7.69127247579,-2.778,0.0,0.0,0.0,0.0,0.0,0.0,0,0.0,NORMAL,False,,,,,,,,,,,,,,,,,False,,N/A,,,,,,,,,,,,,,,,,,,N/A,,True,PUT,2026-08-10,230.0,100.0,121,47.368,0.093,-0.841336348,0.041430306,0.029956988,-0.459999472,-0.005227613,N/A,1,N/A,N/A,AMERICAN,100.0,N/A,False,,,,False,,,,False,,,,,,False,,,,,,N/A,N/A,N/A,N/A,N/A,N/A,N/A,N/A,N/A,N/A,N/A,N/A,N/A,N/A,N/A,N/A,N/A,N/A,N/A,N/A,N/A,N/A,N/A
US.NVDA260810C232500,NVDA 260810 232.50C,2026-08-07 15:59:59,0.1,0.2,0.23,0.03,0.115,9174.0,88058.0,0.0,False,N/A,100,0.01,US.NVDA,0.11,0.1,114.0,194.0,,,,,,,,173.913,0.09598648354,25.974,0.0,0.0,0.0,0.0,0.0,0.0,0,0.0,NORMAL,False,,,,,,,,,,,,,,,,,False,,N/A,,,,,,,,,,,,,,,,,,,N/A,,True,CALL,2026-08-10,232.5,100.0,1617,40.757,3.857,0.050158311,0.020476417,0.012808815,-0.10499972,0.00034054,N/A,1,N/A,N/A,AMERICAN,100.0,N/A,False,,,,False,,,,False,,,,,,False,,,,,,N/A,N/A,N/A,N/A,N/A,N/A,N/A,N/A,N/A,N/A,N/A,N/A,N/A,N/A,N/A,N/A,N/A,N/A,N/A,N/A,N/A,N/A,N/A
US.NVDA260810P232500,NVDA 260810 232.50P,2026-08-07 15:59:26,8.4,10.6,11.7,8.05,13.6127,2013.0,1985447.0,0.0,False,N/A,100,0.05,US.NVDA,8.9,7.6,22.0,51.0,,,,,,,,26.813,9.86312468951,39.726,0.0,0.0,0.0,0.0,0.0,0.0,0,0.0,NORMAL,False,,,,,,,,,,,,,,,,,False,,N/A,,,,,,,,,,,,,,,,,,,N/A,,True,PUT,2026-08-10,232.5,100.0,35,0.0,-0.062,0.0,0.0,0.0,0.0,0.0,N/A,1,N/A,N/A,AMERICAN,100.0,N/A,False,,,,False,,,,False,,,,,,False,,,,,,N/A,N/A,N/A,N/A,N/A,N/A,N/A,N/A,N/A,N/A,N/A,N/A,N/A,N/A,N/A,N/A,N/A,N/A,N/A,N/A,N/A,N/A,N/A
US.NVDA260810C235000,NVDA 260810 235.00C,2026-08-07 15:59:56,0.04,0.13,0.2,0.02,0.065,8025.0,34467.0,0.0,False,N/A,100,0.01,US.NVDA,0.04,0.03,111.0,248.0,,,,,,,,276.923,0.042949532709999995,38.162,0.0,0.0,0.0,0.0,0.0,0.0,0,0.0,NORMAL,False,,,,,,,,,,,,,,,,,False,,N/A,,,,,,,,,,,,,,,,,,,N/A,,True,CALL,2026-08-10,235.0,100.0,1921,41.512,4.947,0.018818662,0.008939796,0.005699425,-0.034999758,0.0001279,N/A,1,N/A,N/A,AMERICAN,100.0,N/A,False,,,,False,,,,False,,,,,,False,,,,,,N/A,N/A,N/A,N/A,N/A,N/A,N/A,N/A,N/A,N/A,N/A,N/A,N/A,N/A,N/A,N/A,N/A,N/A,N/A,N/A,N/A,N/A,N/A
US.NVDA260810P235000,NVDA 260810 235.00P,2026-08-07 15:33:01,11.9,13.0,13.89,10.35,16.0635,1171.0,1443303.0,0.0,False,N/A,100,0.05,US.NVDA,12.0,10.45,10.0,10.0,,,,,,,,22.038,12.325388556779998,0.0,0.0,0.0,0.0,0.0,0.0,0.0,0,0.0,NORMAL,False,,,,,,,,,,,,,,,,,False,,N/A,,,,,,,,,,,,,,,,,,,N/A,,True,PUT,2026-08-10,235.0,100.0,0,57.462,0.383,-0.933180704,0.018502607,0.016019849,-0.184998914,-0.005337448,N/A,1,N/A,N/A,AMERICAN,100.0,N/A,False,,,,False,,,,False,,,,,,False,,,,,,N/A,N/A,N/A,N/A,N/A,N/A,N/A,N/A,N/A,N/A,N/A,N/A,N/A,N/A,N/A,N/A,N/A,N/A,N/A,N/A,N/A,N/A,N/A
US.NVDA260810C240000,NVDA 260810 240.00C,2026-08-07 15:59:51,0.01,0.05,0.07,0.01,0.035,2596.0,6798.0,0.0,False,N/A,100,0.01,US.NVDA,0.02,0.01,188.0,23.0,,,,,,,,171.429,0.026186440669999998,-78.199,0.0,0.0,0.0,0.0,0.0,0.0,0,0.0,NORMAL,False,,,,,,,,,,,,,,,,,False,,N/A,,,,,,,,,,,,,,,,,,,N/A,,True,CALL,2026-08-10,240.0,100.0,1888,50.843,7.166,0.00732078,0.003218359,0.002514526,-0.014999854,4.9712e-05,N/A,1,N/A,N/A,AMERICAN,100.0,N/A,False,,,,False,,,,False,,,,,,False,,,,,,N/A,N/A,N/A,N/A,N/A,N/A,N/A,N/A,N/A,N/A,N/A,N/A,N/A,N/A,N/A,N/A,N/A,N/A,N/A,N/A,N/A,N/A,N/A
US.NVDA260810P240000,NVDA 260810 240.00P,2026-08-07 15:58:44,15.9,17.85,18.33,15.6,21.0344,269.0,452223.0,0.0,False,N/A,100,0.05,US.NVDA,17.65,15.65,11.0,10.0,,,,,,,,12.979,16.81126394052,-4.762,0.0,0.0,0.0,0.0,0.0,0.0,0,0.0,NORMAL,False,,,,,,,,,,,,,,,,,False,,N/A,,,,,,,,,,,,,,,,,,,N/A,,True,PUT,2026-08-10,240.0,100.0,0,99.361,-0.062,-0.890685319,0.015261203,0.023182411,-0.609998328,-0.005802324,N/A,1,N/A,N/A,AMERICAN,100.0,N/A,False,,,,False,,,,False,,,,,,False,,,,,,N/A,N/A,N/A,N/A,N/A,N/A,N/A,N/A,N/A,N/A,N/A,N/A,N/A,N/A,N/A,N/A,N/A,N/A,N/A,N/A,N/A,N/A,N/A
US.NVDA260810C245000,NVDA 260810 245.00C,2026-08-07 15:58:10,0.01,0.03,0.03,0.01,0.025,2385.0,3192.0,0.0,False,N/A,100,0.01,US.NVDA,0.01,0.0,474.0,0.0,,,,,,,,80.0,0.01338364779,-100.0,0.0,0.0,0.0,0.0,0.0,0.0,0,0.0,NORMAL,False,,,,,,,,,,,,,,,,,False,,N/A,,,,,,,,,,,,,,,,,,,N/A,,True,CALL,2026-08-10,245.0,100.0,834,61.246,9.398,0.004271714,0.001655873,0.00155857,-0.00999995,2.8969e-05,N/A,1,N/A,N/A,AMERICAN,100.0,N/A,False,,,,False,,,,False,,,,,,False,,,,,,N/A,N/A,N/A,N/A,N/A,N/A,N/A,N/A,N/A,N/A,N/A,N/A,N/A,N/A,N/A,N/A,N/A,N/A,N/A,N/A,N/A,N/A,N/A
US.NVDA260810P245000,NVDA 260810 245.00P,2026-08-07 15:58:12,21.15,22.65,23.2,20.56,26.0248,377.0,858280.0,0.0,False,N/A,100,0.05,US.NVDA,22.05,20.1,21.0,10.0,,,,,,,,10.144,22.76604774535,-35.484,0.0,0.0,0.0,0.0,0.0,0.0,0,0.0,NORMAL,False,,,,,,,,,,,,,,,,,False,,N/A,,,,,,,,,,,,,,,,,,,N/A,,True,PUT,2026-08-10,245.0,100.0,0,75.42,0.049,-0.984650789,0.004632022,0.004741635,-0.034999998,-0.004193943,N/A,1,N/A,N/A,AMERICAN,100.0,N/A,False,,,,False,,,,False,,,,,,False,,,,,,N/A,N/A,N/A,N/A,N/A,N/A,N/A,N/A,N/A,N/A,N/A,N/A,N/A,N/A,N/A,N/A,N/A,N/A,N/A,N/A,N/A,N/A,N/A
US.NVDA260810C250000,NVDA 260810 250.00C,2026-08-07 15:57:14,0.01,0.02,0.03,0.01,0.016,3985.0,4203.0,0.0,False,N/A,100,0.01,US.NVDA,0.01,0.0,2234.0,0.0,,,,,,,,125.0,0.01054705144,-100.0,0.0,0.0,0.0,0.0,0.0,0.0,0,0.0,NORMAL,False,,,,,,,,,,,,,,,,,False,,N/A,,,,,,,,,,,,,,,,,,,N/A,,True,CALL,2026-08-10,250.0,100.0,883,73.413,11.631,0.003623416,0.001192077,0.001344551,-0.009999984,2.4526e-05,N/A,1,N/A,N/A,AMERICAN,100.0,N/A,False,,,,False,,,,False,,,,,,False,,,,,,N/A,N/A,N/A,N/A,N/A,N/A,N/A,N/A,N/A,N/A,N/A,N/A,N/A,N/A,N/A,N/A,N/A,N/A,N/A,N/A,N/A,N/A,N/A
US.NVDA260810P250000,NVDA 260810 250.00P,2026-08-07 15:54:48,26.67,29.0,29.0,26.67,31.0169,41.0,112052.0,0.0,False,N/A,100,0.05,US.NVDA,27.05,25.1,20.0,10.0,,,,,,,,7.512,27.329756097559997,-33.333,0.0,0.0,0.0,0.0,0.0,0.0,0,0.0,NORMAL,False,,,,,,,,,,,,,,,,,False,,N/A,,,,,,,,,,,,,,,,,,,N/A,,True,PUT,2026-08-10,250.0,100.0,0,89.748,0.281,-0.986813826,0.003420882,0.004160851,-0.034999988,-0.004233627,N/A,1,N/A,N/A,AMERICAN,100.0,N/A,False,,,,False,,,,False,,,,,,False,,,,,,N/A,N/A,N/A,N/A,N/A,N/A,N/A,N/A,N/A,N/A,N/A,N/A,N/A,N/A,N/A,N/A,N/A,N/A,N/A,N/A,N/A,N/A,N/A
US.NVDA260810C255000,NVDA 260810 255.00C,2026-08-07 12:48:27,0.02,0.02,0.04,0.01,0.007,704.0,1149.0,0.0,False,N/A,100,0.01,US.NVDA,0.01,0.0,25.0,0.0,,,,,,,,428.571,0.01632102272,-100.0,0.0,0.0,0.0,0.0,0.0,0.0,0,0.0,NORMAL,False,,,,,,,,,,,,,,,,,False,,N/A,,,,,,,,,,,,,,,,,,,N/A,,True,CALL,2026-08-10,255.0,100.0,384,91.517,13.868,0.00560306,0.001411252,0.001983286,-0.019999934,3.7787e-05,N/A,1,N/A,N/A,AMERICAN,100.0,N/A,False,,,,False,,,,False,,,,,,False,,,,,,N/A,N/A,N/A,N/A,N/A,N/A,N/A,N/A,N/A,N/A,N/A,N/A,N/A,N/A,N/A,N/A,N/A,N/A,N/A,N/A,N/A,N/A,N/A
US.NVDA260810P255000,NVDA 260810 255.00P,2026-08-07 15:42:57,31.95,32.94,33.14,31.95,36.0107,24.0,77533.0,0.0,False,N/A,100,0.05,US.NVDA,32.05,30.1,14.0,10.0,,,,,,,,3.305,32.30541666666,-16.667,0.0,0.0,0.0,0.0,0.0,0.0,0,0.0,NORMAL,False,,,,,,,,,,,,,,,,,False,,N/A,,,,,,,,,,,,,,,,,,,N/A,,True,PUT,2026-08-10,255.0,100.0,0,103.508,0.406,-0.988352464,0.002668638,0.00373732,-0.034999846,-0.00427474,N/A,1,N/A,N/A,AMERICAN,100.0,N/A,False,,,,False,,,,False,,,,,,False,,,,,,N/A,N/A,N/A,N/A,N/A,N/A,N/A,N/A,N/A,N/A,N/A,N/A,N/A,N/A,N/A,N/A,N/A,N/A,N/A,N/A,N/A,N/A,N/A
US.NVDA260810C260000,NVDA 260810 260.00C,2026-08-07 09:30:00,0.0019,0.0,0.0,0.0,0.0019,0.0,0.0,0.0,False,N/A,100,0.01,US.NVDA,0.01,0.0,23.0,0.0,,,,,,,,0.0,0.0,-100.0,0.0,0.0,0.0,0.0,0.0,0.0,0,0.0,NORMAL,False,,,,,,,,,,,,,,,,,False,,N/A,,,,,,,,,,,,,,,,,,,N/A,,True,CALL,2026-08-10,260.0,100.0,644,83.633,16.092,0.000688139,0.000230403,0.000296302,-0.001899996,4.657e-06,N/A,1,N/A,N/A,AMERICAN,100.0,N/A,False,,,,False,,,,False,,,,,,False,,,,,,N/A,N/A,N/A,N/A,N/A,N/A,N/A,N/A,N/A,N/A,N/A,N/A,N/A,N/A,N/A,N/A,N/A,N/A,N/A,N/A,N/A,N/A,N/A
US.NVDA260810P260000,NVDA 260810 260.00P,2026-08-07 09:30:00,41.01,0.0,0.0,0.0,41.01,0.0,0.0,0.0,False,N/A,100,0.05,US.NVDA,37.05,35.1,10.0,10.0,,,,,,,,0.0,0.0,0.0,0.0,0.0,0.0,0.0,0.0,0.0,0,0.0,NORMAL,False,,,,,,,,,,,,,,,,,False,,N/A,,,,,,,,,,,,,,,,,,,N/A,,True,PUT,2026-08-10,260.0,100.0,0,116.778,2.219,-0.989507669,0.002163925,0.00341299,-0.034999913,-0.004316929,N/A,1,N/A,N/A,AMERICAN,100.0,N/A,False,,,,False,,,,False,,,,,,False,,,,,,N/A,N/A,N/A,N/A,N/A,N/A,N/A,N/A,N/A,N/A,N/A,N/A,N/A,N/A,N/A,N/A,N/A,N/A,N/A,N/A,N/A,N/A,N/A
US.NVDA260810C265000,NVDA 260810 265.00C,2026-08-07 14:17:24,0.01,0.01,0.05,0.01,0.0005,511.0,519.0,0.0,False,N/A,100,0.01,US.NVDA,0.01,0.0,27.0,0.0,,,,,,,,8000.0,0.010156555769999999,-100.0,0.0,0.0,0.0,0.0,0.0,0.0,0,0.0,NORMAL,False,,,,,,,,,,,,,,,,,False,,N/A,,,,,,,,,,,,,,,,,,,N/A,,True,CALL,2026-08-10,265.0,100.0,138,107.454,18.329,0.00256298,0.000596234,0.000983937,-0.009999963,1.7259e-05,N/A,1,N/A,N/A,AMERICAN,100.0,N/A,False,,,,False,,,,False,,,,,,False,,,,,,N/A,N/A,N/A,N/A,N/A,N/A,N/A,N/A,N/A,N/A,N/A,N/A,N/A,N/A,N/A,N/A,N/A,N/A,N/A,N/A,N/A,N/A,N/A
US.NVDA260810P265000,NVDA 260810 265.00P,2026-08-07 09:30:00,46.01,0.0,0.0,0.0,46.01,0.0,0.0,0.0,False,N/A,100,0.05,US.NVDA,42.05,40.1,10.0,10.0,,,,,,,,0.0,0.0,0.0,0.0,0.0,0.0,0.0,0.0,0.0,0,0.0,NORMAL,False,,,,,,,,,,,,,,,,,False,,N/A,,,,,,,,,,,,,,,,,,,N/A,,True,PUT,2026-08-10,265.0,100.0,0,129.614,2.219,-0.990409525,0.001805906,0.003155637,-0.034999842,-0.004359895,N/A,1,N/A,N/A,AMERICAN,100.0,N/A,False,,,,False,,,,False,,,,,,False,,,,,,N/A,N/A,N/A,N/A,N/A,N/A,N/A,N/A,N/A,N/A,N/A,N/A,N/A,N/A,N/A,N/A,N/A,N/A,N/A,N/A,N/A,N/A,N/A
US.NVDA260810C270000,NVDA 260810 270.00C,2026-08-07 09:30:00,0.0001,0.0,0.0,0.0,0.0001,0.0,0.0,0.0,False,N/A,100,0.01,US.NVDA,0.01,0.0,4.0,0.0,,,,,,,,0.0,0.0,-100.0,0.0,0.0,0.0,0.0,0.0,0.0,0,0.0,NORMAL,False,,,,,,,,,,,,,,,,,False,,N/A,,,,,,,,,,,,,,,,,,,N/A,,True,CALL,2026-08-10,270.0,100.0,246,85.342,20.557,4.1777e-05,1.6447e-05,2.1643e-05,-9.9998e-05,2.83e-07,N/A,1,N/A,N/A,AMERICAN,100.0,N/A,False,,,,False,,,,False,,,,,,False,,,,,,N/A,N/A,N/A,N/A,N/A,N/A,N/A,N/A,N/A,N/A,N/A,N/A,N/A,N/A,N/A,N/A,N/A,N/A,N/A,N/A,N/A,N/A,N/A
US.NVDA260810P270000,NVDA 260810 270.00P,2026-08-07 09:30:00,51.01,0.0,0.0,0.0,51.01,0.0,0.0,0.0,False,N/A,100,0.05,US.NVDA,47.05,45.1,10.0,10.0,,,,,,,,0.0,0.0,0.0,0.0,0.0,0.0,0.0,0.0,0.0,0,0.0,NORMAL,False,,,,,,,,,,,,,,,,,False,,N/A,,,,,,,,,,,,,,,,,,,N/A,,True,PUT,2026-08-10,270.0,100.0,0,142.06,2.219,-0.991134647,0.001541033,0.002945857,-0.034999801,-0.004403425,N/A,1,N/A,N/A,AMERICAN,100.0,N/A,False,,,,False,,,,False,,,,,,False,,,,,,N/A,N/A,N/A,N/A,N/A,N/A,N/A,N/A,N/A,N/A,N/A,N/A,N/A,N/A,N/A,N/A,N/A,N/A,N/A,N/A,N/A,N/A,N/A
US.NVDA260810C275000,NVDA 260810 275.00C,2026-08-07 09:30:00,0.0001,0.0,0.0,0.0,0.0001,0.0,0.0,0.0,False,N/A,100,0.01,US.NVDA,0.01,0.0,4.0,0.0,,,,,,,,0.0,0.0,-100.0,0.0,0.0,0.0,0.0,0.0,0.0,0,0.0,NORMAL,False,,,,,,,,,,,,,,,,,False,,N/A,,,,,,,,,,,,,,,,,,,N/A,,True,CALL,2026-08-10,275.0,100.0,830,93.204,22.789,3.8447e-05,1.3923e-05,1.9996e-05,-9.9999e-05,2.6e-07,N/A,1,N/A,N/A,AMERICAN,100.0,N/A,False,,,,False,,,,False,,,,,,False,,,,,,N/A,N/A,N/A,N/A,N/A,N/A,N/A,N/A,N/A,N/A,N/A,N/A,N/A,N/A,N/A,N/A,N/A,N/A,N/A,N/A,N/A,N/A,N/A
US.NVDA260810P275000,NVDA 260810 275.00P,2026-08-07 09:30:00,56.01,0.0,0.0,0.0,56.01,0.0,0.0,0.0,False,N/A,100,0.05,US.NVDA,52.05,50.1,10.0,10.0,,,,,,,,0.0,0.0,0.0,0.0,0.0,0.0,0.0,0.0,0.0,0,0.0,NORMAL,False,,,,,,,,,,,,,,,,,False,,N/A,,,,,,,,,,,,,,,,,,,N/A,,True,PUT,2026-08-10,275.0,100.0,0,154.15,2.219,-0.991731298,0.001338506,0.002771193,-0.034999802,-0.004447354,N/A,1,N/A,N/A,AMERICAN,100.0,N/A,False,,,,False,,,,False,,,,,,False,,,,,,N/A,N/A,N/A,N/A,N/A,N/A,N/A,N/A,N/A,N/A,N/A,N/A,N/A,N/A,N/A,N/A,N/A,N/A,N/A,N/A,N/A,N/A,N/A
US.NVDA260810C280000,NVDA 260810 280.00C,2026-08-07 09:30:00,0.0001,0.0,0.0,0.0,0.0001,0.0,0.0,0.0,False,N/A,100,0.01,US.NVDA,0.01,0.0,4.0,0.0,,,,,,,,0.0,0.0,-100.0,0.0,0.0,0.0,0.0,0.0,0.0,0,0.0,NORMAL,False,,,,,,,,,,,,,,,,,False,,N/A,,,,,,,,,,,,,,,,,,,N/A,,True,CALL,2026-08-10,280.0,100.0,5,100.883,25.022,3.5684e-05,1.1987e-05,1.8624e-05,-9.9999e-05,2.41e-07,N/A,1,N/A,N/A,AMERICAN,100.0,N/A,False,,,,False,,,,False,,,,,,False,,,,,,N/A,N/A,N/A,N/A,N/A,N/A,N/A,N/A,N/A,N/A,N/A,N/A,N/A,N/A,N/A,N/A,N/A,N/A,N/A,N/A,N/A,N/A,N/A
US.NVDA260810P280000,NVDA 260810 280.00P,2026-08-07 09:30:00,61.01,0.0,0.0,0.0,61.01,0.0,0.0,0.0,False,N/A,100,0.05,US.NVDA,57.05,55.1,10.0,10.0,,,,,,,,0.0,0.0,0.0,0.0,0.0,0.0,0.0,0.0,0.0,0,0.0,NORMAL,False,,,,,,,,,,,,,,,,,False,,N/A,,,,,,,,,,,,,,,,,,,N/A,,True,PUT,2026-08-10,280.0,100.0,0,165.912,2.219,-0.99223146,0.001179486,0.002623255,-0.034999836,-0.004491555,N/A,1,N/A,N/A,AMERICAN,100.0,N/A,False,,,,False,,,,False,,,,,,False,,,,,,N/A,N/A,N/A,N/A,N/A,N/A,N/A,N/A,N/A,N/A,N/A,N/A,N/A,N/A,N/A,N/A,N/A,N/A,N/A,N/A,N/A,N/A,N/A
US.NVDA260810C285000,NVDA 260810 285.00C,2026-08-07 09:30:00,0.0001,0.0,0.0,0.0,0.0001,0.0,0.0,0.0,False,N/A,100,0.01,US.NVDA,0.01,0.0,4.0,0.0,,,,,,,,0.0,0.0,-100.0,0.0,0.0,0.0,0.0,0.0,0.0,0,0.0,NORMAL,False,,,,,,,,,,,,,,,,,False,,N/A,,,,,,,,,,,,,,,,,,,N/A,,True,CALL,2026-08-10,285.0,100.0,15,108.391,27.254,3.3351e-05,1.0465e-05,1.7464e-05,-9.9998e-05,2.25e-07,N/A,1,N/A,N/A,AMERICAN,100.0,N/A,False,,,,False,,,,False,,,,,,False,,,,,,N/A,N/A,N/A,N/A,N/A,N/A,N/A,N/A,N/A,N/A,N/A,N/A,N/A,N/A,N/A,N/A,N/A,N/A,N/A,N/A,N/A,N/A,N/A
US.NVDA260810P285000,NVDA 260810 285.00P,2026-08-07 09:30:00,66.01,0.0,0.0,0.0,66.01,0.0,0.0,0.0,False,N/A,100,0.05,US.NVDA,62.05,60.1,10.0,10.0,,,,,,,,0.0,0.0,0.0,0.0,0.0,0.0,0.0,0.0,0.0,0,0.0,NORMAL,False,,,,,,,,,,,,,,,,,False,,N/A,,,,,,,,,,,,,,,,,,,N/A,,True,PUT,2026-08-10,285.0,100.0,0,177.37,2.219,-0.992657196,0.001051877,0.002496177,-0.034999996,-0.004535941,N/A,1,N/A,N/A,AMERICAN,100.0,N/A,False,,,,False,,,,False,,,,,,False,,,,,,N/A,N/A,N/A,N/A,N/A,N/A,N/A,N/A,N/A,N/A,N/A,N/A,N/A,N/A,N/A,N/A,N/A,N/A,N/A,N/A,N/A,N/A,N/A
US.NVDA260810C290000,NVDA 260810 290.00C,2026-08-07 09:30:00,0.0001,0.0,0.0,0.0,0.0001,0.0,0.0,0.0,False,N/A,100,0.01,US.NVDA,0.01,0.0,4.0,0.0,,,,,,,,0.0,0.0,-100.0,0.0,0.0,0.0,0.0,0.0,0.0,0,0.0,NORMAL,False,,,,,,,,,,,,,,,,,False,,N/A,,,,,,,,,,,,,,,,,,,N/A,,True,CALL,2026-08-10,290.0,100.0,6,115.737,29.487,3.1355e-05,9.245e-06,1.6468e-05,-9.9999e-05,2.11e-07,N/A,1,N/A,N/A,AMERICAN,100.0,N/A,False,,,,False,,,,False,,,,,,False,,,,,,N/A,N/A,N/A,N/A,N/A,N/A,N/A,N/A,N/A,N/A,N/A,N/A,N/A,N/A,N/A,N/A,N/A,N/A,N/A,N/A,N/A,N/A,N/A
US.NVDA260810P290000,NVDA 260810 290.00P,2026-08-07 09:30:00,71.01,0.0,0.0,0.0,71.01,0.0,0.0,0.0,False,N/A,100,0.05,US.NVDA,67.05,65.1,10.0,10.0,,,,,,,,0.0,0.0,0.0,0.0,0.0,0.0,0.0,0.0,0.0,0,0.0,NORMAL,False,,,,,,,,,,,,,,,,,False,,N/A,,,,,,,,,,,,,,,,,,,N/A,,True,PUT,2026-08-10,290.0,100.0,0,188.544,2.219,-0.993024297,0.000947582,0.002385735,-0.034999978,-0.004580416,N/A,1,N/A,N/A,AMERICAN,100.0,N/A,False,,,,False,,,,False,,,,,,False,,,,,,N/A,N/A,N/A,N/A,N/A,N/A,N/A,N/A,N/A,N/A,N/A,N/A,N/A,N/A,N/A,N/A,N/A,N/A,N/A,N/A,N/A,N/A,N/A
US.NVDA260810C295000,NVDA 260810 295.00C,2026-08-07 09:30:00,0.0001,0.0,0.0,0.0,0.0001,0.0,0.0,0.0,False,N/A,100,0.01,US.NVDA,0.01,0.0,4.0,0.0,,,,,,,,0.0,0.0,-100.0,0.0,0.0,0.0,0.0,0.0,0.0,0,0.0,NORMAL,False,,,,,,,,,,,,,,,,,False,,N/A,,,,,,,,,,,,,,,,,,,N/A,,True,CALL,2026-08-10,295.0,100.0,0,122.928,31.719,2.9627e-05,8.249e-06,1.5603e-05,-9.9999e-05,1.99e-07,N/A,1,N/A,N/A,AMERICAN,100.0,N/A,False,,,,False,,,,False,,,,,,False,,,,,,N/A,N/A,N/A,N/A,N/A,N/A,N/A,N/A,N/A,N/A,N/A,N/A,N/A,N/A,N/A,N/A,N/A,N/A,N/A,N/A,N/A,N/A,N/A
US.NVDA260810P295000,NVDA 260810 295.00P,2026-08-07 09:30:00,76.01,0.0,0.0,0.0,76.01,0.0,0.0,0.0,False,N/A,100,0.05,US.NVDA,72.05,70.15,10.0,1.0,,,,,,,,0.0,0.0,-81.818,0.0,0.0,0.0,0.0,0.0,0.0,0,0.0,NORMAL,False,,,,,,,,,,,,,,,,,False,,N/A,,,,,,,,,,,,,,,,,,,N/A,,True,PUT,2026-08-10,295.0,100.0,0,208.722,2.219,-0.99057176,0.001059172,0.003119923,-0.059999857,-0.005269155,N/A,1,N/A,N/A,AMERICAN,100.0,N/A,False,,,,False,,,,False,,,,,,False,,,,,,N/A,N/A,N/A,N/A,N/A,N/A,N/A,N/A,N/A,N/A,N/A,N/A,N/A,N/A,N/A,N/A,N/A,N/A,N/A,N/A,N/A,N/A,N/A
US.NVDA260810C300000,NVDA 260810 300.00C,2026-08-07 09:33:18,0.01,0.01,0.01,0.01,0.0001,20.0,20.0,0.0,False,N/A,100,0.01,US.NVDA,0.01,0.0,8.0,0.0,,,,,,,,0.0,0.01,-100.0,0.0,0.0,0.0,0.0,0.0,0.0,0,0.0,NORMAL,False,,,,,,,,,,,,,,,,,False,,N/A,,,,,,,,,,,,,,,,,,,N/A,,True,CALL,2026-08-10,300.0,100.0,300,176.633,33.956,0.001632683,0.000240901,0.000653298,-0.009999978,1.0883e-05,N/A,1,N/A,N/A,AMERICAN,100.0,N/A,False,,,,False,,,,False,,,,,,False,,,,,,N/A,N/A,N/A,N/A,N/A,N/A,N/A,N/A,N/A,N/A,N/A,N/A,N/A,N/A,N/A,N/A,N/A,N/A,N/A,N/A,N/A,N/A,N/A
US.NVDA260810P300000,NVDA 260810 300.00P,2026-08-07 09:30:00,81.01,0.0,0.0,0.0,81.01,0.0,0.0,0.0,False,N/A,100,0.05,US.NVDA,77.05,73.75,10.0,1.0,,,,,,,,0.0,0.0,-81.818,0.0,0.0,0.0,0.0,0.0,0.0,0,0.0,NORMAL,False,,,,,,,,,,,,,,,,,False,,N/A,,,,,,,,,,,,,,,,,,,N/A,,True,PUT,2026-08-10,300.0,100.0,0,0.0,2.219,0.0,0.0,0.0,0.0,0.0,N/A,1,N/A,N/A,AMERICAN,100.0,N/A,False,,,,False,,,,False,,,,,,False,,,,,,N/A,N/A,N/A,N/A,N/A,N/A,N/A,N/A,N/A,N/A,N/A,N/A,N/A,N/A,N/A,N/A,N/A,N/A,N/A,N/A,N/A,N/A,N/A
US.NVDA260810C310000,NVDA 260810 310.00C,2026-08-07 09:30:00,0.0001,0.0,0.0,0.0,0.0001,0.0,0.0,0.0,False,N/A,100,0.01,US.NVDA,0.01,0.0,5.0,0.0,,,,,,,,0.0,0.0,-100.0,0.0,0.0,0.0,0.0,0.0,0.0,0,0.0,NORMAL,False,,,,,,,,,,,,,,,,,False,,N/A,,,,,,,,,,,,,,,,,,,N/A,,True,CALL,2026-08-10,310.0,100.0,1,143.644,38.417,2.5593e-05,6.145e-06,1.3575e-05,-9.9999e-05,1.72e-07,N/A,1,N/A,N/A,AMERICAN,100.0,N/A,False,,,,False,,,,False,,,,,,False,,,,,,N/A,N/A,N/A,N/A,N/A,N/A,N/A,N/A,N/A,N/A,N/A,N/A,N/A,N/A,N/A,N/A,N/A,N/A,N/A,N/A,N/A,N/A,N/A
US.NVDA260810P310000,NVDA 260810 310.00P,2026-08-07 09:30:00,91.01,0.0,0.0,0.0,91.01,0.0,0.0,0.0,False,N/A,100,0.05,US.NVDA,87.05,85.15,6.0,6.0,,,,,,,,0.0,0.0,0.0,0.0,0.0,0.0,0.0,0.0,0.0,0,0.0,NORMAL,False,,,,,,,,,,,,,,,,,False,,N/A,,,,,,,,,,,,,,,,,,,N/A,,True,PUT,2026-08-10,310.0,100.0,0,241.031,2.219,-0.991631883,0.000829432,0.002810041,-0.059999921,-0.005434741,N/A,1,N/A,N/A,AMERICAN,100.0,N/A,False,,,,False,,,,False,,,,,,False,,,,,,N/A,N/A,N/A,N/A,N/A,N/A,N/A,N/A,N/A,N/A,N/A,N/A,N/A,N/A,N/A,N/A,N/A,N/A,N/A,N/A,N/A,N/A,N/A
US.NVDA260810C320000,NVDA 260810 320.00C,2026-08-07 11:09:04,0.01,0.01,0.01,0.01,0.0001,2.0,2.0,0.0,False,N/A,100,0.01,US.NVDA,0.01,0.0,6.0,0.0,,,,,,,,0.0,0.01,-100.0,0.0,0.0,0.0,0.0,0.0,0.0,0,0.0,NORMAL,False,,,,,,,,,,,,,,,,,False,,N/A,,,,,,,,,,,,,,,,,,,N/A,,True,CALL,2026-08-10,320.0,100.0,0,211.432,42.887,0.00138771,0.000173514,0.00056322,-0.009999981,9.204e-06,N/A,1,N/A,N/A,AMERICAN,100.0,N/A,False,,,,False,,,,False,,,,,,False,,,,,,N/A,N/A,N/A,N/A,N/A,N/A,N/A,N/A,N/A,N/A,N/A,N/A,N/A,N/A,N/A,N/A,N/A,N/A,N/A,N/A,N/A,N/A,N/A
US.NVDA260810P320000,NVDA 260810 320.00P,2026-08-07 09:30:00,101.01,0.0,0.0,0.0,101.01,0.0,0.0,0.0,False,N/A,100,0.05,US.NVDA,97.05,95.15,11.0,6.0,,,,,,,,0.0,0.0,-29.412,0.0,0.0,0.0,0.0,0.0,0.0,0,0.0,NORMAL,False,,,,,,,,,,,,,,,,,False,,N/A,,,,,,,,,,,,,,,,,,,N/A,,True,PUT,2026-08-10,320.0,100.0,0,261.421,2.219,-0.992170387,0.000723203,0.002650305,-0.059999906,-0.005544236,N/A,1,N/A,N/A,AMERICAN,100.0,N/A,False,,,,False,,,,False,,,,,,False,,,,,,N/A,N/A,N/A,N/A,N/A,N/A,N/A,N/A,N/A,N/A,N/A,N/A,N/A,N/A,N/A,N/A,N/A,N/A,N/A,N/A,N/A,N/A,N/A
US.NVDA260810C330000,NVDA 260810 330.00C,2026-08-04 09:30:00,0.0001,0.0,0.0,0.0,0.0001,0.0,0.0,0.0,False,N/A,100,0.01,US.NVDA,0.01,0.0,5.0,0.0,,,,,,,,0.0,0.0,-100.0,0.0,0.0,0.0,0.0,0.0,0.0,0,0.0,NORMAL,False,,,,,,,,,,,,,,,,,False,,N/A,,,,,,,,,,,,,,,,,,,N/A,,True,CALL,2026-08-10,330.0,100.0,0,169.484,47.347,2.1915e-05,4.496e-06,1.1712e-05,-9.9999e-05,1.47e-07,N/A,1,N/A,N/A,AMERICAN,100.0,N/A,False,,,,False,,,,False,,,,,,False,,,,,,N/A,N/A,N/A,N/A,N/A,N/A,N/A,N/A,N/A,N/A,N/A,N/A,N/A,N/A,N/A,N/A,N/A,N/A,N/A,N/A,N/A,N/A,N/A
US.NVDA260810P330000,NVDA 260810 330.00P,2026-08-07 09:30:00,111.01,0.0,0.0,0.0,111.01,0.0,0.0,0.0,False,N/A,100,0.05,US.NVDA,107.05,105.15,9.0,10.0,,,,,,,,0.0,0.0,5.263,0.0,0.0,0.0,0.0,0.0,0.0,0,0.0,NORMAL,False,,,,,,,,,,,,,,,,,False,,N/A,,,,,,,,,,,,,,,,,,,N/A,,True,PUT,2026-08-10,330.0,100.0,0,280.995,2.219,-0.992615895,0.000640667,0.002516876,-0.059999856,-0.005652916,N/A,1,N/A,N/A,AMERICAN,100.0,N/A,False,,,,False,,,,False,,,,,,False,,,,,,N/A,N/A,N/A,N/A,N/A,N/A,N/A,N/A,N/A,N/A,N/A,N/A,N/A,N/A,N/A,N/A,N/A,N/A,N/A,N/A,N/A,N/A,N/A
US.NVDA260810C340000,NVDA 260810 340.00C,2026-08-04 09:30:00,0.0001,0.0,0.0,0.0,0.0001,0.0,0.0,0.0,False,N/A,100,0.01,US.NVDA,0.01,0.0,5.0,0.0,,,,,,,,0.0,0.0,-100.0,0.0,0.0,0.0,0.0,0.0,0.0,0,0.0,NORMAL,False,,,,,,,,,,,,,,,,,False,,N/A,,,,,,,,,,,,,,,,,,,N/A,,True,CALL,2026-08-10,340.0,100.0,0,181.726,51.812,2.053e-05,3.941e-06,1.1007e-05,-9.9999e-05,1.37e-07,N/A,1,N/A,N/A,AMERICAN,100.0,N/A,False,,,,False,,,,False,,,,,,False,,,,,,N/A,N/A,N/A,N/A,N/A,N/A,N/A,N/A,N/A,N/A,N/A,N/A,N/A,N/A,N/A,N/A,N/A,N/A,N/A,N/A,N/A,N/A,N/A
US.NVDA260810P340000,NVDA 260810 340.00P,2026-08-07 09:30:00,121.01,0.0,0.0,0.0,121.01,0.0,0.0,0.0,False,N/A,100,0.05,US.NVDA,117.05,115.1,10.0,10.0,,,,,,,,0.0,0.0,0.0,0.0,0.0,0.0,0.0,0.0,0.0,0,0.0,NORMAL,False,,,,,,,,,,,,,,,,,False,,N/A,,,,,,,,,,,,,,,,,,,N/A,,True,PUT,2026-08-10,340.0,100.0,0,287.762,2.219,-0.9950614,0.000465817,0.001755444,-0.034999898,-0.005021843,N/A,1,N/A,N/A,AMERICAN,100.0,N/A,False,,,,False,,,,False,,,,,,False,,,,,,N/A,N/A,N/A,N/A,N/A,N/A,N/A,N/A,N/A,N/A,N/A,N/A,N/A,N/A,N/A,N/A,N/A,N/A,N/A,N/A,N/A,N/A,N/A
US.NVDA260810C350000,NVDA 260810 350.00C,2026-08-04 09:30:00,0.0001,0.0,0.0,0.0,0.0001,0.0,0.0,0.0,False,N/A,100,0.01,US.NVDA,0.01,0.0,6.0,0.0,,,,,,,,0.0,0.0,-100.0,0.0,0.0,0.0,0.0,0.0,0.0,0,0.0,NORMAL,False,,,,,,,,,,,,,,,,,False,,N/A,,,,,,,,,,,,,,,,,,,N/A,,True,CALL,2026-08-10,350.0,100.0,0,193.56,56.277,1.9353e-05,3.498e-06,1.0406e-05,-9.9999e-05,1.29e-07,N/A,1,N/A,N/A,AMERICAN,100.0,N/A,False,,,,False,,,,False,,,,,,False,,,,,,N/A,N/A,N/A,N/A,N/A,N/A,N/A,N/A,N/A,N/A,N/A,N/A,N/A,N/A,N/A,N/A,N/A,N/A,N/A,N/A,N/A,N/A,N/A
US.NVDA260810P350000,NVDA 260810 350.00P,2026-08-07 09:30:00,131.01,0.0,0.0,0.0,131.01,0.0,0.0,0.0,False,N/A,100,0.05,US.NVDA,127.05,125.15,10.0,10.0,,,,,,,,0.0,0.0,0.0,0.0,0.0,0.0,0.0,0.0,0.0,0,0.0,NORMAL,False,,,,,,,,,,,,,,,,,False,,N/A,,,,,,,,,,,,,,,,,,,N/A,,True,PUT,2026-08-10,350.0,100.0,0,317.963,2.219,-0.993311186,0.000521549,0.002306162,-0.059999946,-0.005867578,N/A,1,N/A,N/A,AMERICAN,100.0,N/A,False,,,,False,,,,False,,,,,,False,,,,,,N/A,N/A,N/A,N/A,N/A,N/A,N/A,N/A,N/A,N/A,N/A,N/A,N/A,N/A,N/A,N/A,N/A,N/A,N/A,N/A,N/A,N/A,N/A
US.NVDA260810C360000,NVDA 260810 360.00C,2026-07-29 09:30:00,0.0001,0.0,0.0,0.0,0.0001,0.0,0.0,0.0,False,N/A,100,0.01,US.NVDA,0.01,0.0,14.0,0.0,,,,,,,,0.0,0.0,-100.0,0.0,0.0,0.0,0.0,0.0,0.0,0,0.0,NORMAL,False,,,,,,,,,,,,,,,,,False,,N/A,,,,,,,,,,,,,,,,,,,N/A,,True,CALL,2026-08-10,360.0,100.0,0,205.012,60.742,1.8341e-05,3.139e-06,9.888e-06,-9.9999e-05,1.22e-07,N/A,1,N/A,N/A,AMERICAN,100.0,N/A,False,,,,False,,,,False,,,,,,False,,,,,,N/A,N/A,N/A,N/A,N/A,N/A,N/A,N/A,N/A,N/A,N/A,N/A,N/A,N/A,N/A,N/A,N/A,N/A,N/A,N/A,N/A,N/A,N/A
US.NVDA260810P360000,NVDA 260810 360.00P,2026-08-07 09:30:00,141.01,0.0,0.0,0.0,141.01,0.0,0.0,0.0,False,N/A,100,0.05,US.NVDA,138.45,133.75,1.0,2.0,,,,,,,,0.0,0.0,33.333,0.0,0.0,0.0,0.0,0.0,0.0,0,0.0,NORMAL,False,,,,,,,,,,,,,,,,,False,,N/A,,,,,,,,,,,,,,,,,,,N/A,,True,PUT,2026-08-10,360.0,100.0,0,335.471,2.219,-0.993588041,0.000477415,0.002221363,-0.059999918,-0.005973493,N/A,1,N/A,N/A,AMERICAN,100.0,N/A,False,,,,False,,,,False,,,,,,False,,,,,,N/A,N/A,N/A,N/A,N/A,N/A,N/A,N/A,N/A,N/A,N/A,N/A,N/A,N/A,N/A,N/A,N/A,N/A,N/A,N/A,N/A,N/A,N/A
US.NVDA260810C370000,NVDA 260810 370.00C,2026-08-07 09:33:23,0.01,0.01,0.01,0.01,0.0001,30.0,30.0,0.0,False,N/A,100,0.01,US.NVDA,0.01,0.0,1000.0,0.0,,,,,,,,0.0,0.01,-100.0,0.0,0.0,0.0,0.0,0.0,0.0,0,0.0,NORMAL,False,,,,,,,,,,,,,,,,,False,,N/A,,,,,,,,,,,,,,,,,,,N/A,,True,CALL,2026-08-10,370.0,100.0,0,287.614,65.212,0.001052059,9.8998e-05,0.000437092,-0.009999978,6.904e-06,N/A,1,N/A,N/A,AMERICAN,100.0,N/A,False,,,,False,,,,False,,,,,,False,,,,,,N/A,N/A,N/A,N/A,N/A,N/A,N/A,N/A,N/A,N/A,N/A,N/A,N/A,N/A,N/A,N/A,N/A,N/A,N/A,N/A,N/A,N/A,N/A
US.NVDA260810P370000,NVDA 260810 370.00P,2026-08-07 09:30:00,151.01,0.0,0.0,0.0,151.01,0.0,0.0,0.0,False,N/A,100,0.05,US.NVDA,147.0,145.15,10.0,10.0,,,,,,,,0.0,0.0,0.0,0.0,0.0,0.0,0.0,0.0,0.0,0,0.0,NORMAL,False,,,,,,,,,,,,,,,,,False,,N/A,,,,,,,,,,,,,,,,,,,N/A,,True,PUT,2026-08-10,370.0,100.0,0,338.883,2.219,-0.995652535,0.000356946,0.001566122,-0.034999892,-0.00527917,N/A,1,N/A,N/A,AMERICAN,100.0,N/A,False,,,,False,,,,False,,,,,,False,,,,,,N/A,N/A,N/A,N/A,N/A,N/A,N/A,N/A,N/A,N/A,N/A,N/A,N/A,N/A,N/A,N/A,N/A,N/A,N/A,N/A,N/A,N/A,N/A
US.NVDA260810C380000,NVDA 260810 380.00C,2026-08-07 09:33:24,0.01,0.01,0.01,0.01,0.0001,50.0,50.0,0.0,False,N/A,100,0.01,US.NVDA,0.01,0.0,1048.0,0.0,,,,,,,,0.0,0.01,-100.0,0.0,0.0,0.0,0.0,0.0,0.0,0,0.0,NORMAL,False,,,,,,,,,,,,,,,,,False,,N/A,,,,,,,,,,,,,,,,,,,N/A,,True,CALL,2026-08-10,380.0,100.0,0,301.344,69.677,0.001009005,9.0934e-05,0.00042065,-0.009999976,6.609e-06,N/A,1,N/A,N/A,AMERICAN,100.0,N/A,False,,,,False,,,,False,,,,,,False,,,,,,N/A,N/A,N/A,N/A,N/A,N/A,N/A,N/A,N/A,N/A,N/A,N/A,N/A,N/A,N/A,N/A,N/A,N/A,N/A,N/A,N/A,N/A,N/A
US.NVDA260810P380000,NVDA 260810 380.00P,2026-08-07 09:30:00,161.01,0.0,0.0,0.0,161.01,0.0,0.0,0.0,False,N/A,100,0.05,US.NVDA,158.05,155.1,1.0,10.0,,,,,,,,0.0,0.0,81.818,0.0,0.0,0.0,0.0,0.0,0.0,0,0.0,NORMAL,False,,,,,,,,,,,,,,,,,False,,N/A,,,,,,,,,,,,,,,,,,,N/A,,True,PUT,2026-08-10,380.0,100.0,0,468.398,2.219,-0.972125954,0.001112756,0.007926809,-0.53499964,-0.008916254,N/A,1,N/A,N/A,AMERICAN,100.0,N/A,False,,,,False,,,,False,,,,,,False,,,,,,N/A,N/A,N/A,N/A,N/A,N/A,N/A,N/A,N/A,N/A,N/A,N/A,N/A,N/A,N/A,N/A,N/A,N/A,N/A,N/A,N/A,N/A,N/A
US.NVDA260810C390000,NVDA 260810 390.00C,2026-08-07 13:01:58,0.01,0.01,0.01,0.01,0.0001,10.0,10.0,0.0,False,N/A,100,0.01,US.NVDA,0.01,0.0,1000.0,0.0,,,,,,,,0.0,0.01,-100.0,0.0,0.0,0.0,0.0,0.0,0.0,0,0.0,NORMAL,False,,,,,,,,,,,,,,,,,False,,N/A,,,,,,,,,,,,,,,,,,,N/A,,True,CALL,2026-08-10,390.0,100.0,12,314.649,74.142,0.000970739,8.4052e-05,0.000405981,-0.009999972,6.346e-06,N/A,1,N/A,N/A,AMERICAN,100.0,N/A,False,,,,False,,,,False,,,,,,False,,,,,,N/A,N/A,N/A,N/A,N/A,N/A,N/A,N/A,N/A,N/A,N/A,N/A,N/A,N/A,N/A,N/A,N/A,N/A,N/A,N/A,N/A,N/A,N/A
US.NVDA260810P390000,NVDA 260810 390.00P,2026-08-07 09:30:00,171.01,0.0,0.0,0.0,171.01,0.0,0.0,0.0,False,N/A,100,0.05,US.NVDA,167.05,165.15,10.0,10.0,,,,,,,,0.0,0.0,0.0,0.0,0.0,0.0,0.0,0.0,0.0,0,0.0,NORMAL,False,,,,,,,,,,,,,,,,,False,,N/A,,,,,,,,,,,,,,,,,,,N/A,,True,PUT,2026-08-10,390.0,100.0,0,384.632,2.219,-0.99423223,0.000381999,0.002021915,-0.059999939,-0.006285466,N/A,1,N/A,N/A,AMERICAN,100.0,N/A,False,,,,False,,,,False,,,,,,False,,,,,,N/A,N/A,N/A,N/A,N/A,N/A,N/A,N/A,N/A,N/A,N/A,N/A,N/A,N/A,N/A,N/A,N/A,N/A,N/A,N/A,N/A,N/A,N/A
US.NVDA260812C110000,NVDA 260812 110.00C,2026-08-07 09:30:00,108.99,0.0,0.0,0.0,108.99,0.0,0.0,0.0,False,N/A,100,0.05,US.NVDA,116.85,110.75,1.0,1.0,,,,,,,,0.0,0.0,0.0,0.0,0.0,0.0,0.0,0.0,0.0,0,0.0,NORMAL,False,,,,,,,,,,,,,,,,,False,,N/A,,,,,,,,,,,,,,,,,,,N/A,,True,CALL,2026-08-12,110.0,100.0,0,0.0,-2.219,0.0,0.0,0.0,0.0,0.0,N/A,3,N/A,N/A,AMERICAN,100.0,N/A,False,,,,False,,,,False,,,,,,False,,,,,,N/A,N/A,N/A,N/A,N/A,N/A,N/A,N/A,N/A,N/A,N/A,N/A,N/A,N/A,N/A,N/A,N/A,N/A,N/A,N/A,N/A,N/A,N/A
US.NVDA260812P110000,NVDA 260812 110.00P,2026-08-07 09:48:38,0.01,0.01,0.01,0.01,0.0001,3.0,3.0,0.0,False,N/A,100,0.01,US.NVDA,0.01,0.0,500.0,0.0,,,,,,,,0.0,0.01,-100.0,0.0,0.0,0.0,0.0,0.0,0.0,0,0.0,NORMAL,False,,,,,,,,,,,,,,,,,False,,N/A,,,,,,,,,,,,,,,,,,,N/A,,True,PUT,2026-08-12,110.0,100.0,8,249.183,50.888,-0.000677476,4.562e-05,0.000487101,-0.009367808,-1.0072e-05,N/A,3,N/A,N/A,AMERICAN,100.0,N/A,False,,,,False,,,,False,,,,,,False,,,,,,N/A,N/A,N/A,N/A,N/A,N/A,N/A,N/A,N/A,N/A,N/A,N/A,N/A,N/A,N/A,N/A,N/A,N/A,N/A,N/A,N/A,N/A,N/A
US.NVDA260812C115000,NVDA 260812 115.00C,2026-08-07 09:30:00,103.99,0.0,0.0,0.0,103.99,0.0,0.0,0.0,False,N/A,100,0.05,US.NVDA,111.8,105.75,1.0,1.0,,,,,,,,0.0,0.0,0.0,0.0,0.0,0.0,0.0,0.0,0.0,0,0.0,NORMAL,False,,,,,,,,,,,,,,,,,False,,N/A,,,,,,,,,,,,,,,,,,,N/A,,True,CALL,2026-08-12,115.0,100.0,0,0.0,-2.219,0.0,0.0,0.0,0.0,0.0,N/A,3,N/A,N/A,AMERICAN,100.0,N/A,False,,,,False,,,,False,,,,,,False,,,,,,N/A,N/A,N/A,N/A,N/A,N/A,N/A,N/A,N/A,N/A,N/A,N/A,N/A,N/A,N/A,N/A,N/A,N/A,N/A,N/A,N/A,N/A,N/A
US.NVDA260812P115000,NVDA 260812 115.00P,2026-08-07 09:30:00,0.0001,0.0,0.0,0.0,0.0001,0.0,0.0,0.0,False,N/A,100,0.01,US.NVDA,0.01,0.0,500.0,0.0,,,,,,,,0.0,0.0,-100.0,0.0,0.0,0.0,0.0,0.0,0.0,0,0.0,NORMAL,False,,,,,,,,,,,,,,,,,False,,N/A,,,,,,,,,,,,,,,,,,,N/A,,True,PUT,2026-08-12,115.0,100.0,2,174.257,48.651,-1.2213e-05,1.495e-06,1.1228e-05,-9.858e-05,6.33e-07,N/A,3,N/A,N/A,AMERICAN,100.0,N/A,False,,,,False,,,,False,,,,,,False,,,,,,N/A,N/A,N/A,N/A,N/A,N/A,N/A,N/A,N/A,N/A,N/A,N/A,N/A,N/A,N/A,N/A,N/A,N/A,N/A,N/A,N/A,N/A,N/A
US.NVDA260812C120000,NVDA 260812 120.00C,2026-08-07 09:30:00,98.99,0.0,0.0,0.0,98.99,0.0,0.0,0.0,False,N/A,100,0.05,US.NVDA,106.85,100.75,1.0,2.0,,,,,,,,0.0,0.0,33.333,0.0,0.0,0.0,0.0,0.0,0.0,0,0.0,NORMAL,False,,,,,,,,,,,,,,,,,False,,N/A,,,,,,,,,,,,,,,,,,,N/A,,True,CALL,2026-08-12,120.0,100.0,0,0.0,-2.219,0.0,0.0,0.0,0.0,0.0,N/A,3,N/A,N/A,AMERICAN,100.0,N/A,False,,,,False,,,,False,,,,,,False,,,,,,N/A,N/A,N/A,N/A,N/A,N/A,N/A,N/A,N/A,N/A,N/A,N/A,N/A,N/A,N/A,N/A,N/A,N/A,N/A,N/A,N/A,N/A,N/A
US.NVDA260812P120000,NVDA 260812 120.00P,2026-08-07 13:58:13,0.01,0.01,0.01,0.01,0.0001,20.0,20.0,0.0,False,N/A,100,0.01,US.NVDA,0.02,0.0,11.0,0.0,,,,,,,,0.0,0.01,-100.0,0.0,0.0,0.0,0.0,0.0,0.0,0,0.0,NORMAL,False,,,,,,,,,,,,,,,,,False,,N/A,,,,,,,,,,,,,,,,,,,N/A,,True,PUT,2026-08-12,120.0,100.0,0,220.256,46.423,-0.000765103,5.7734e-05,0.000544913,-0.009347001,-1.1451e-05,N/A,3,N/A,N/A,AMERICAN,100.0,N/A,False,,,,False,,,,False,,,,,,False,,,,,,N/A,N/A,N/A,N/A,N/A,N/A,N/A,N/A,N/A,N/A,N/A,N/A,N/A,N/A,N/A,N/A,N/A,N/A,N/A,N/A,N/A,N/A,N/A
US.NVDA260812C125000,NVDA 260812 125.00C,2026-08-07 09:30:00,93.99,0.0,0.0,0.0,93.99,0.0,0.0,0.0,False,N/A,100,0.05,US.NVDA,101.85,95.85,1.0,1.0,,,,,,,,0.0,0.0,0.0,0.0,0.0,0.0,0.0,0.0,0.0,0,0.0,NORMAL,False,,,,,,,,,,,,,,,,,False,,N/A,,,,,,,,,,,,,,,,,,,N/A,,True,CALL,2026-08-12,125.0,100.0,0,0.0,-2.219,0.0,0.0,0.0,0.0,0.0,N/A,3,N/A,N/A,AMERICAN,100.0,N/A,False,,,,False,,,,False,,,,,,False,,,,,,N/A,N/A,N/A,N/A,N/A,N/A,N/A,N/A,N/A,N/A,N/A,N/A,N/A,N/A,N/A,N/A,N/A,N/A,N/A,N/A,N/A,N/A,N/A
US.NVDA260812P125000,NVDA 260812 125.00P,2026-08-05 09:30:00,0.0001,0.0,0.0,0.0,0.0001,0.0,0.0,0.0,False,N/A,100,0.01,US.NVDA,0.02,0.0,11.0,0.0,,,,,,,,0.0,0.0,-100.0,0.0,0.0,0.0,0.0,0.0,0.0,0,0.0,NORMAL,False,,,,,,,,,,,,,,,,,False,,N/A,,,,,,,,,,,,,,,,,,,N/A,,True,PUT,2026-08-12,125.0,100.0,0,153.156,44.186,-1.3853e-05,1.917e-06,1.2662e-05,-9.8504e-05,6.8e-07,N/A,3,N/A,N/A,AMERICAN,100.0,N/A,False,,,,False,,,,False,,,,,,False,,,,,,N/A,N/A,N/A,N/A,N/A,N/A,N/A,N/A,N/A,N/A,N/A,N/A,N/A,N/A,N/A,N/A,N/A,N/A,N/A,N/A,N/A,N/A,N/A
US.NVDA260812C130000,NVDA 260812 130.00C,2026-08-07 09:30:00,88.99,0.0,0.0,0.0,88.99,0.0,0.0,0.0,False,N/A,100,0.05,US.NVDA,96.8,90.75,1.0,3.0,,,,,,,,0.0,0.0,50.0,0.0,0.0,0.0,0.0,0.0,0.0,0,0.0,NORMAL,False,,,,,,,,,,,,,,,,,False,,N/A,,,,,,,,,,,,,,,,,,,N/A,,True,CALL,2026-08-12,130.0,100.0,0,0.0,-2.219,0.0,0.0,0.0,0.0,0.0,N/A,3,N/A,N/A,AMERICAN,100.0,N/A,False,,,,False,,,,False,,,,,,False,,,,,,N/A,N/A,N/A,N/A,N/A,N/A,N/A,N/A,N/A,N/A,N/A,N/A,N/A,N/A,N/A,N/A,N/A,N/A,N/A,N/A,N/A,N/A,N/A
US.NVDA260812P130000,NVDA 260812 130.00P,2026-08-05 09:30:00,0.0001,0.0,0.0,0.0,0.0001,0.0,0.0,0.0,False,N/A,100,0.01,US.NVDA,0.02,0.0,11.0,0.0,,,,,,,,0.0,0.0,-100.0,0.0,0.0,0.0,0.0,0.0,0.0,0,0.0,NORMAL,False,,,,,,,,,,,,,,,,,False,,N/A,,,,,,,,,,,,,,,,,,,N/A,,True,PUT,2026-08-12,130.0,100.0,1,143.213,41.953,-1.4787e-05,2.18e-06,1.3474e-05,-9.8461e-05,7.06e-07,N/A,3,N/A,N/A,AMERICAN,100.0,N/A,False,,,,False,,,,False,,,,,,False,,,,,,N/A,N/A,N/A,N/A,N/A,N/A,N/A,N/A,N/A,N/A,N/A,N/A,N/A,N/A,N/A,N/A,N/A,N/A,N/A,N/A,N/A,N/A,N/A
US.NVDA260812C135000,NVDA 260812 135.00C,2026-08-07 09:30:00,83.99,0.0,0.0,0.0,83.99,0.0,0.0,0.0,False,N/A,100,0.05,US.NVDA,92.15,85.75,6.0,6.0,,,,,,,,0.0,0.0,0.0,0.0,0.0,0.0,0.0,0.0,0.0,0,0.0,NORMAL,False,,,,,,,,,,,,,,,,,False,,N/A,,,,,,,,,,,,,,,,,,,N/A,,True,CALL,2026-08-12,135.0,100.0,0,0.0,-2.219,0.0,0.0,0.0,0.0,0.0,N/A,3,N/A,N/A,AMERICAN,100.0,N/A,False,,,,False,,,,False,,,,,,False,,,,,,N/A,N/A,N/A,N/A,N/A,N/A,N/A,N/A,N/A,N/A,N/A,N/A,N/A,N/A,N/A,N/A,N/A,N/A,N/A,N/A,N/A,N/A,N/A
US.NVDA260812P135000,NVDA 260812 135.00P,2026-08-05 09:30:00,0.0001,0.0,0.0,0.0,0.0001,0.0,0.0,0.0,False,N/A,100,0.01,US.NVDA,0.02,0.0,11.0,0.0,,,,,,,,0.0,0.0,-100.0,0.0,0.0,0.0,0.0,0.0,0.0,0,0.0,NORMAL,False,,,,,,,,,,,,,,,,,False,,N/A,,,,,,,,,,,,,,,,,,,N/A,,True,PUT,2026-08-12,135.0,100.0,1,133.632,39.721,-1.5814e-05,2.49e-06,1.4365e-05,-9.8415e-05,7.34e-07,N/A,3,N/A,N/A,AMERICAN,100.0,N/A,False,,,,False,,,,False,,,,,,False,,,,,,N/A,N/A,N/A,N/A,N/A,N/A,N/A,N/A,N/A,N/A,N/A,N/A,N/A,N/A,N/A,N/A,N/A,N/A,N/A,N/A,N/A,N/A,N/A
US.NVDA260812C140000,NVDA 260812 140.00C,2026-08-07 09:30:00,78.99,0.0,0.0,0.0,78.99,0.0,0.0,0.0,False,N/A,100,0.05,US.NVDA,87.15,80.75,6.0,6.0,,,,,,,,0.0,0.0,0.0,0.0,0.0,0.0,0.0,0.0,0.0,0,0.0,NORMAL,False,,,,,,,,,,,,,,,,,False,,N/A,,,,,,,,,,,,,,,,,,,N/A,,True,CALL,2026-08-12,140.0,100.0,4,0.0,-2.219,0.0,0.0,0.0,0.0,0.0,N/A,3,N/A,N/A,AMERICAN,100.0,N/A,False,,,,False,,,,False,,,,,,False,,,,,,N/A,N/A,N/A,N/A,N/A,N/A,N/A,N/A,N/A,N/A,N/A,N/A,N/A,N/A,N/A,N/A,N/A,N/A,N/A,N/A,N/A,N/A,N/A
US.NVDA260812P140000,NVDA 260812 140.00P,2026-08-06 09:30:00,0.0001,0.0,0.0,0.0,0.0001,0.0,0.0,0.0,False,N/A,100,0.01,US.NVDA,0.02,0.0,5.0,0.0,,,,,,,,0.0,0.0,-100.0,0.0,0.0,0.0,0.0,0.0,0.0,0,0.0,NORMAL,False,,,,,,,,,,,,,,,,,False,,N/A,,,,,,,,,,,,,,,,,,,N/A,,True,PUT,2026-08-12,140.0,100.0,281,124.385,37.488,-1.695e-05,2.857e-06,1.5348e-05,-9.8364e-05,7.65e-07,N/A,3,N/A,N/A,AMERICAN,100.0,N/A,False,,,,False,,,,False,,,,,,False,,,,,,N/A,N/A,N/A,N/A,N/A,N/A,N/A,N/A,N/A,N/A,N/A,N/A,N/A,N/A,N/A,N/A,N/A,N/A,N/A,N/A,N/A,N/A,N/A
US.NVDA260812C145000,NVDA 260812 145.00C,2026-08-07 09:30:00,73.99,0.0,0.0,0.0,73.99,0.0,0.0,0.0,False,N/A,100,0.05,US.NVDA,82.15,75.75,6.0,6.0,,,,,,,,0.0,0.0,0.0,0.0,0.0,0.0,0.0,0.0,0.0,0,0.0,NORMAL,False,,,,,,,,,,,,,,,,,False,,N/A,,,,,,,,,,,,,,,,,,,N/A,,True,CALL,2026-08-12,145.0,100.0,2,0.0,-2.219,0.0,0.0,0.0,0.0,0.0,N/A,3,N/A,N/A,AMERICAN,100.0,N/A,False,,,,False,,,,False,,,,,,False,,,,,,N/A,N/A,N/A,N/A,N/A,N/A,N/A,N/A,N/A,N/A,N/A,N/A,N/A,N/A,N/A,N/A,N/A,N/A,N/A,N/A,N/A,N/A,N/A
US.NVDA260812P145000,NVDA 260812 145.00P,2026-08-07 13:57:47,0.01,0.01,0.01,0.01,0.0001,20.0,20.0,0.0,False,N/A,100,0.01,US.NVDA,0.02,0.0,5.0,0.0,,,,,,,,0.0,0.01,-100.0,0.0,0.0,0.0,0.0,0.0,0.0,0,0.0,NORMAL,False,,,,,,,,,,,,,,,,,False,,N/A,,,,,,,,,,,,,,,,,,,N/A,,True,PUT,2026-08-12,145.0,100.0,62,156.963,35.26,-0.001064003,0.000109691,0.000737933,-0.009278299,-1.6157e-05,N/A,3,N/A,N/A,AMERICAN,100.0,N/A,False,,,,False,,,,False,,,,,,False,,,,,,N/A,N/A,N/A,N/A,N/A,N/A,N/A,N/A,N/A,N/A,N/A,N/A,N/A,N/A,N/A,N/A,N/A,N/A,N/A,N/A,N/A,N/A,N/A
US.NVDA260812C150000,NVDA 260812 150.00C,2026-08-07 09:30:00,68.99,0.0,0.0,0.0,68.99,0.0,0.0,0.0,False,N/A,100,0.05,US.NVDA,76.85,70.75,1.0,3.0,,,,,,,,0.0,0.0,50.0,0.0,0.0,0.0,0.0,0.0,0.0,0,0.0,NORMAL,False,,,,,,,,,,,,,,,,,False,,N/A,,,,,,,,,,,,,,,,,,,N/A,,True,CALL,2026-08-12,150.0,100.0,10,0.0,-2.219,0.0,0.0,0.0,0.0,0.0,N/A,3,N/A,N/A,AMERICAN,100.0,N/A,False,,,,False,,,,False,,,,,,False,,,,,,N/A,N/A,N/A,N/A,N/A,N/A,N/A,N/A,N/A,N/A,N/A,N/A,N/A,N/A,N/A,N/A,N/A,N/A,N/A,N/A,N/A,N/A,N/A
US.NVDA260812P150000,NVDA 260812 150.00P,2026-08-07 09:30:00,0.0001,0.0,0.0,0.0,0.0001,0.0,0.0,0.0,False,N/A,100,0.01,US.NVDA,0.02,0.0,8.0,0.0,,,,,,,,0.0,0.0,-100.0,0.0,0.0,0.0,0.0,0.0,0.0,0,0.0,NORMAL,False,,,,,,,,,,,,,,,,,False,,N/A,,,,,,,,,,,,,,,,,,,N/A,,True,PUT,2026-08-12,150.0,100.0,115,106.795,33.023,-1.9631e-05,3.823e-06,1.7656e-05,-9.8247e-05,8.34e-07,N/A,3,N/A,N/A,AMERICAN,100.0,N/A,False,,,,False,,,,False,,,,,,False,,,,,,N/A,N/A,N/A,N/A,N/A,N/A,N/A,N/A,N/A,N/A,N/A,N/A,N/A,N/A,N/A,N/A,N/A,N/A,N/A,N/A,N/A,N/A,N/A
US.NVDA260812C155000,NVDA 260812 155.00C,2026-08-07 09:30:00,63.99,0.0,0.0,0.0,63.99,0.0,0.0,0.0,False,N/A,100,0.05,US.NVDA,71.85,65.75,1.0,3.0,,,,,,,,0.0,0.0,50.0,0.0,0.0,0.0,0.0,0.0,0.0,0,0.0,NORMAL,False,,,,,,,,,,,,,,,,,False,,N/A,,,,,,,,,,,,,,,,,,,N/A,,True,CALL,2026-08-12,155.0,100.0,18,0.0,-2.219,0.0,0.0,0.0,0.0,0.0,N/A,3,N/A,N/A,AMERICAN,100.0,N/A,False,,,,False,,,,False,,,,,,False,,,,,,N/A,N/A,N/A,N/A,N/A,N/A,N/A,N/A,N/A,N/A,N/A,N/A,N/A,N/A,N/A,N/A,N/A,N/A,N/A,N/A,N/A,N/A,N/A
US.NVDA260812P155000,NVDA 260812 155.00P,2026-08-07 09:30:00,0.0005,0.0,0.0,0.0,0.0005,0.0,0.0,0.0,False,N/A,100,0.01,US.NVDA,0.02,0.0,6.0,0.0,,,,,,,,0.0,0.0,-100.0,0.0,0.0,0.0,0.0,0.0,0.0,0,0.0,NORMAL,False,,,,,,,,,,,,,,,,,False,,N/A,,,,,,,,,,,,,,,,,,,N/A,,True,PUT,2026-08-12,155.0,100.0,142,107.926,30.791,-9.1136e-05,1.6205e-05,7.5231e-05,-0.000487157,3.08e-07,N/A,3,N/A,N/A,AMERICAN,100.0,N/A,False,,,,False,,,,False,,,,,,False,,,,,,N/A,N/A,N/A,N/A,N/A,N/A,N/A,N/A,N/A,N/A,N/A,N/A,N/A,N/A,N/A,N/A,N/A,N/A,N/A,N/A,N/A,N/A,N/A
US.NVDA260812C157500,NVDA 260812 157.50C,2026-08-07 09:30:00,61.49,0.0,0.0,0.0,61.49,0.0,0.0,0.0,False,N/A,100,0.05,US.NVDA,69.35,63.25,1.0,1.0,,,,,,,,0.0,0.0,0.0,0.0,0.0,0.0,0.0,0.0,0.0,0,0.0,NORMAL,False,,,,,,,,,,,,,,,,,False,,N/A,,,,,,,,,,,,,,,,,,,N/A,,True,CALL,2026-08-12,157.5,100.0,0,0.0,-2.219,0.0,0.0,0.0,0.0,0.0,N/A,3,N/A,N/A,AMERICAN,100.0,N/A,False,,,,False,,,,False,,,,,,False,,,,,,N/A,N/A,N/A,N/A,N/A,N/A,N/A,N/A,N/A,N/A,N/A,N/A,N/A,N/A,N/A,N/A,N/A,N/A,N/A,N/A,N/A,N/A,N/A
US.NVDA260812P157500,NVDA 260812 157.50P,2026-08-07 09:30:03,0.03,0.03,0.03,0.03,0.0011,1.0,3.0,0.0,False,N/A,100,0.01,US.NVDA,0.02,0.0,6.0,0.0,,,,,,,,0.0,0.03,-100.0,0.0,0.0,0.0,0.0,0.0,0.0,0,0.0,NORMAL,False,,,,,,,,,,,,,,,,,False,,N/A,,,,,,,,,,,,,,,,,,,N/A,,True,PUT,2026-08-12,157.5,100.0,1,143.348,29.688,-0.003203817,0.000327147,0.002009428,-0.026560196,-5.5195e-05,N/A,3,N/A,N/A,AMERICAN,100.0,N/A,False,,,,False,,,,False,,,,,,False,,,,,,N/A,N/A,N/A,N/A,N/A,N/A,N/A,N/A,N/A,N/A,N/A,N/A,N/A,N/A,N/A,N/A,N/A,N/A,N/A,N/A,N/A,N/A,N/A
US.NVDA260812C160000,NVDA 260812 160.00C,2026-08-07 09:45:08,62.46,62.46,62.46,62.46,58.99,1.0,6246.0,0.0,False,N/A,100,0.05,US.NVDA,67.2,60.75,6.0,6.0,,,,,,,,0.0,62.46,0.0,0.0,0.0,0.0,0.0,0.0,0.0,0,0.0,NORMAL,False,,,,,,,,,,,,,,,,,False,,N/A,,,,,,,,,,,,,,,,,,,N/A,,True,CALL,2026-08-12,160.0,100.0,25,0.0,-0.669,0.0,0.0,0.0,0.0,0.0,N/A,3,N/A,N/A,AMERICAN,100.0,N/A,False,,,,False,,,,False,,,,,,False,,,,,,N/A,N/A,N/A,N/A,N/A,N/A,N/A,N/A,N/A,N/A,N/A,N/A,N/A,N/A,N/A,N/A,N/A,N/A,N/A,N/A,N/A,N/A,N/A
US.NVDA260812P160000,NVDA 260812 160.00P,2026-08-07 09:30:00,0.0021,0.0,0.0,0.0,0.0021,0.0,0.0,0.0,False,N/A,100,0.01,US.NVDA,0.02,0.0,6.0,0.0,,,,,,,,0.0,0.0,-100.0,0.0,0.0,0.0,0.0,0.0,0.0,0,0.0,NORMAL,False,,,,,,,,,,,,,,,,,False,,N/A,,,,,,,,,,,,,,,,,,,N/A,,True,PUT,2026-08-12,160.0,100.0,28,109.095,28.559,-0.000350807,5.6611e-05,0.000265096,-0.002008109,-3.376e-06,N/A,3,N/A,N/A,AMERICAN,100.0,N/A,False,,,,False,,,,False,,,,,,False,,,,,,N/A,N/A,N/A,N/A,N/A,N/A,N/A,N/A,N/A,N/A,N/A,N/A,N/A,N/A,N/A,N/A,N/A,N/A,N/A,N/A,N/A,N/A,N/A
US.NVDA260812C162500,NVDA 260812 162.50C,2026-08-07 09:30:00,56.49,0.0,0.0,0.0,56.49,0.0,0.0,0.0,False,N/A,100,0.05,US.NVDA,64.35,58.25,1.0,1.0,,,,,,,,0.0,0.0,0.0,0.0,0.0,0.0,0.0,0.0,0.0,0,0.0,NORMAL,False,,,,,,,,,,,,,,,,,False,,N/A,,,,,,,,,,,,,,,,,,,N/A,,True,CALL,2026-08-12,162.5,100.0,30,0.0,-2.219,0.0,0.0,0.0,0.0,0.0,N/A,3,N/A,N/A,AMERICAN,100.0,N/A,False,,,,False,,,,False,,,,,,False,,,,,,N/A,N/A,N/A,N/A,N/A,N/A,N/A,N/A,N/A,N/A,N/A,N/A,N/A,N/A,N/A,N/A,N/A,N/A,N/A,N/A,N/A,N/A,N/A
US.NVDA260812P162500,NVDA 260812 162.50P,2026-08-07 09:30:00,0.0038,0.0,0.0,0.0,0.0038,0.0,0.0,0.0,False,N/A,100,0.01,US.NVDA,0.02,0.0,6.0,0.0,,,,,,,,0.0,0.0,-100.0,0.0,0.0,0.0,0.0,0.0,0.0,0,0.0,NORMAL,False,,,,,,,,,,,,,,,,,False,,N/A,,,,,,,,,,,,,,,,,,,N/A,,True,PUT,2026-08-12,162.5,100.0,14,109.162,27.443,-0.0006117,9.4729e-05,0.00044363,-0.003589687,-7.608e-06,N/A,3,N/A,N/A,AMERICAN,100.0,N/A,False,,,,False,,,,False,,,,,,False,,,,,,N/A,N/A,N/A,N/A,N/A,N/A,N/A,N/A,N/A,N/A,N/A,N/A,N/A,N/A,N/A,N/A,N/A,N/A,N/A,N/A,N/A,N/A,N/A
US.NVDA260812C165000,NVDA 260812 165.00C,2026-08-07 09:30:00,53.9904,0.0,0.0,0.0,53.9904,0.0,0.0,0.0,False,N/A,100,0.05,US.NVDA,62.05,55.85,2.0,2.0,,,,,,,,0.0,0.0,0.0,0.0,0.0,0.0,0.0,0.0,0.0,0,0.0,NORMAL,False,,,,,,,,,,,,,,,,,False,,N/A,,,,,,,,,,,,,,,,,,,N/A,,True,CALL,2026-08-12,165.0,100.0,50,0.0,-2.219,0.0,0.0,0.0,0.0,0.0,N/A,3,N/A,N/A,AMERICAN,100.0,N/A,False,,,,False,,,,False,,,,,,False,,,,,,N/A,N/A,N/A,N/A,N/A,N/A,N/A,N/A,N/A,N/A,N/A,N/A,N/A,N/A,N/A,N/A,N/A,N/A,N/A,N/A,N/A,N/A,N/A
US.NVDA260812P165000,NVDA 260812 165.00P,2026-08-07 15:48:03,0.01,0.01,0.01,0.01,0.0069,40.0,40.0,0.0,False,N/A,100,0.01,US.NVDA,0.02,0.01,4.0,1000.0,,,,,,,,0.0,0.01,99.203,0.0,0.0,0.0,0.0,0.0,0.0,0,0.0,NORMAL,False,,,,,,,,,,,,,,,,,False,,N/A,,,,,,,,,,,,,,,,,,,N/A,,True,PUT,2026-08-12,165.0,100.0,104,117.49,26.33,-0.002045072,0.000266005,0.001339597,-0.013601196,-3.3032e-05,N/A,3,N/A,N/A,AMERICAN,100.0,N/A,False,,,,False,,,,False,,,,,,False,,,,,,N/A,N/A,N/A,N/A,N/A,N/A,N/A,N/A,N/A,N/A,N/A,N/A,N/A,N/A,N/A,N/A,N/A,N/A,N/A,N/A,N/A,N/A,N/A
US.NVDA260812C167500,NVDA 260812 167.50C,2026-08-07 09:30:00,51.4932,0.0,0.0,0.0,51.4932,0.0,0.0,0.0,False,N/A,100,0.05,US.NVDA,59.35,53.35,1.0,20.0,,,,,,,,0.0,0.0,90.476,0.0,0.0,0.0,0.0,0.0,0.0,0,0.0,NORMAL,False,,,,,,,,,,,,,,,,,False,,N/A,,,,,,,,,,,,,,,,,,,N/A,,True,CALL,2026-08-12,167.5,100.0,39,0.0,-2.217,0.0,0.0,0.0,0.0,0.0,N/A,3,N/A,N/A,AMERICAN,100.0,N/A,False,,,,False,,,,False,,,,,,False,,,,,,N/A,N/A,N/A,N/A,N/A,N/A,N/A,N/A,N/A,N/A,N/A,N/A,N/A,N/A,N/A,N/A,N/A,N/A,N/A,N/A,N/A,N/A,N/A
US.NVDA260812P167500,NVDA 260812 167.50P,2026-08-07 13:55:43,0.01,0.01,0.01,0.01,0.0121,10.0,10.0,0.0,False,N/A,100,0.01,US.NVDA,0.03,0.0,48.0,0.0,,,,,,,,0.0,0.01,-100.0,0.0,0.0,0.0,0.0,0.0,0.0,0,0.0,NORMAL,False,,,,,,,,,,,,,,,,,False,,N/A,,,,,,,,,,,,,,,,,,,N/A,,True,PUT,2026-08-12,167.5,100.0,3787,108.012,25.214,-0.001522219,0.000221161,0.001024198,-0.009182777,-2.3373e-05,N/A,3,N/A,N/A,AMERICAN,100.0,N/A,False,,,,False,,,,False,,,,,,False,,,,,,N/A,N/A,N/A,N/A,N/A,N/A,N/A,N/A,N/A,N/A,N/A,N/A,N/A,N/A,N/A,N/A,N/A,N/A,N/A,N/A,N/A,N/A,N/A
US.NVDA260812C170000,NVDA 260812 170.00C,2026-08-07 09:30:00,48.9981,0.0,0.0,0.0,48.9981,0.0,0.0,0.0,False,N/A,100,0.05,US.NVDA,56.85,50.85,1.0,2.0,,,,,,,,0.0,0.0,33.333,0.0,0.0,0.0,0.0,0.0,0.0,0,0.0,NORMAL,False,,,,,,,,,,,,,,,,,False,,N/A,,,,,,,,,,,,,,,,,,,N/A,,True,CALL,2026-08-12,170.0,100.0,42,0.0,-2.215,0.0,0.0,0.0,0.0,0.0,N/A,3,N/A,N/A,AMERICAN,100.0,N/A,False,,,,False,,,,False,,,,,,False,,,,,,N/A,N/A,N/A,N/A,N/A,N/A,N/A,N/A,N/A,N/A,N/A,N/A,N/A,N/A,N/A,N/A,N/A,N/A,N/A,N/A,N/A,N/A,N/A
US.NVDA260812P170000,NVDA 260812 170.00P,2026-08-07 13:57:53,0.01,0.02,0.02,0.01,0.0184,1294.0,1335.0,0.0,False,N/A,100,0.01,US.NVDA,0.03,0.0,133.0,0.0,,,,,,,,54.348,0.01031684698,-100.0,0.0,0.0,0.0,0.0,0.0,0.0,0,0.0,NORMAL,False,,,,,,,,,,,,,,,,,False,,N/A,,,,,,,,,,,,,,,,,,,N/A,,True,PUT,2026-08-12,170.0,100.0,133,102.926,24.098,-0.001593645,0.000241995,0.001067976,-0.00916889,-2.4498e-05,N/A,3,N/A,N/A,AMERICAN,100.0,N/A,False,,,,False,,,,False,,,,,,False,,,,,,N/A,N/A,N/A,N/A,N/A,N/A,N/A,N/A,N/A,N/A,N/A,N/A,N/A,N/A,N/A,N/A,N/A,N/A,N/A,N/A,N/A,N/A,N/A
US.NVDA260812C172500,NVDA 260812 172.50C,2026-08-07 09:30:00,46.5036,0.0,0.0,0.0,46.5036,0.0,0.0,0.0,False,N/A,100,0.05,US.NVDA,54.35,48.25,1.0,1.0,,,,,,,,0.0,0.0,0.0,0.0,0.0,0.0,0.0,0.0,0.0,0,0.0,NORMAL,False,,,,,,,,,,,,,,,,,False,,N/A,,,,,,,,,,,,,,,,,,,N/A,,True,CALL,2026-08-12,172.5,100.0,39,0.0,-2.213,0.0,0.0,0.0,0.0,0.0,N/A,3,N/A,N/A,AMERICAN,100.0,N/A,False,,,,False,,,,False,,,,,,False,,,,,,N/A,N/A,N/A,N/A,N/A,N/A,N/A,N/A,N/A,N/A,N/A,N/A,N/A,N/A,N/A,N/A,N/A,N/A,N/A,N/A,N/A,N/A,N/A
US.NVDA260812P172500,NVDA 260812 172.50P,2026-08-07 14:36:34,0.02,0.01,0.02,0.01,0.0246,1235.0,1237.0,0.0,False,N/A,100,0.01,US.NVDA,0.03,0.0,62.0,0.0,,,,,,,,40.65,0.010016194329999999,-100.0,0.0,0.0,0.0,0.0,0.0,0.0,0,0.0,NORMAL,False,,,,,,,,,,,,,,,,,False,,N/A,,,,,,,,,,,,,,,,,,,N/A,,True,PUT,2026-08-12,172.5,100.0,137,104.673,22.986,-0.002974474,0.000419002,0.001879857,-0.017825872,-4.9494e-05,N/A,3,N/A,N/A,AMERICAN,100.0,N/A,False,,,,False,,,,False,,,,,,False,,,,,,N/A,N/A,N/A,N/A,N/A,N/A,N/A,N/A,N/A,N/A,N/A,N/A,N/A,N/A,N/A,N/A,N/A,N/A,N/A,N/A,N/A,N/A,N/A
US.NVDA260812C175000,NVDA 260812 175.00C,2026-08-07 09:30:00,44.0095,0.0,0.0,0.0,44.0095,0.0,0.0,0.0,False,N/A,100,0.05,US.NVDA,52.2,45.8,6.0,6.0,,,,,,,,0.0,0.0,0.0,0.0,0.0,0.0,0.0,0.0,0.0,0,0.0,NORMAL,False,,,,,,,,,,,,,,,,,False,,N/A,,,,,,,,,,,,,,,,,,,N/A,,True,CALL,2026-08-12,175.0,100.0,67,0.0,-2.21,0.0,0.0,0.0,0.0,0.0,N/A,3,N/A,N/A,AMERICAN,100.0,N/A,False,,,,False,,,,False,,,,,,False,,,,,,N/A,N/A,N/A,N/A,N/A,N/A,N/A,N/A,N/A,N/A,N/A,N/A,N/A,N/A,N/A,N/A,N/A,N/A,N/A,N/A,N/A,N/A,N/A
US.NVDA260812P175000,NVDA 260812 175.00P,2026-08-07 13:30:59,0.02,0.02,0.02,0.02,0.0309,8.0,16.0,0.0,False,N/A,100,0.01,US.NVDA,0.02,0.01,20.0,2.0,,,,,,,,0.0,0.02,-81.818,0.0,0.0,0.0,0.0,0.0,0.0,0,0.0,NORMAL,False,,,,,,,,,,,,,,,,,False,,N/A,,,,,,,,,,,,,,,,,,,N/A,,True,PUT,2026-08-12,175.0,100.0,522,96.584,21.869,-0.002462359,0.000382854,0.001585278,-0.013502724,-3.9845e-05,N/A,3,N/A,N/A,AMERICAN,100.0,N/A,False,,,,False,,,,False,,,,,,False,,,,,,N/A,N/A,N/A,N/A,N/A,N/A,N/A,N/A,N/A,N/A,N/A,N/A,N/A,N/A,N/A,N/A,N/A,N/A,N/A,N/A,N/A,N/A,N/A
US.NVDA260812C177500,NVDA 260812 177.50C,2026-08-07 10:36:58,43.03,42.96,43.03,42.95,41.5156,58.0,249509.0,0.0,False,N/A,100,0.05,US.NVDA,49.4,43.6,1.0,20.0,,,,,,,,0.193,43.018793103440004,90.476,0.0,0.0,0.0,0.0,0.0,0.0,0,0.0,NORMAL,False,,,,,,,,,,,,,,,,,False,,N/A,,,,,,,,,,,,,,,,,,,N/A,,True,CALL,2026-08-12,177.5,100.0,1,0.0,-1.531,0.0,0.0,0.0,0.0,0.0,N/A,3,N/A,N/A,AMERICAN,100.0,N/A,False,,,,False,,,,False,,,,,,False,,,,,,N/A,N/A,N/A,N/A,N/A,N/A,N/A,N/A,N/A,N/A,N/A,N/A,N/A,N/A,N/A,N/A,N/A,N/A,N/A,N/A,N/A,N/A,N/A
US.NVDA260812P177500,NVDA 260812 177.50P,2026-08-07 15:48:25,0.02,0.03,0.03,0.02,0.0372,11.0,23.0,0.0,False,N/A,100,0.01,US.NVDA,0.03,0.0,50.0,0.0,,,,,,,,26.882,0.020909090899999996,-100.0,0.0,0.0,0.0,0.0,0.0,0.0,0,0.0,NORMAL,False,,,,,,,,,,,,,,,,,False,,N/A,,,,,,,,,,,,,,,,,,,N/A,,True,PUT,2026-08-12,177.5,100.0,333,94.202,20.753,-0.00328518,0.000509127,0.002055894,-0.017744107,-5.4669e-05,N/A,3,N/A,N/A,AMERICAN,100.0,N/A,False,,,,False,,,,False,,,,,,False,,,,,,N/A,N/A,N/A,N/A,N/A,N/A,N/A,N/A,N/A,N/A,N/A,N/A,N/A,N/A,N/A,N/A,N/A,N/A,N/A,N/A,N/A,N/A,N/A
US.NVDA260812C180000,NVDA 260812 180.00C,2026-08-07 12:22:14,43.5,43.22,43.5,43.22,39.0219,11.0,47654.0,0.0,False,N/A,100,0.05,US.NVDA,46.9,40.85,10.0,10.0,,,,,,,,0.718,43.32181818181,0.0,0.0,0.0,0.0,0.0,0.0,0.0,0,0.0,NORMAL,False,,,,,,,,,,,,,,,,,False,,N/A,,,,,,,,,,,,,,,,,,,N/A,,True,CALL,2026-08-12,180.0,100.0,26,0.0,-0.205,0.0,0.0,0.0,0.0,0.0,N/A,3,N/A,N/A,AMERICAN,100.0,N/A,False,,,,False,,,,False,,,,,,False,,,,,,N/A,N/A,N/A,N/A,N/A,N/A,N/A,N/A,N/A,N/A,N/A,N/A,N/A,N/A,N/A,N/A,N/A,N/A,N/A,N/A,N/A,N/A,N/A
US.NVDA260812P180000,NVDA 260812 180.00P,2026-08-07 13:33:06,0.01,0.01,0.02,0.01,0.0434,7.0,9.0,0.0,False,N/A,100,0.01,US.NVDA,0.03,0.0,57.0,0.0,,,,,,,,23.041,0.012857142850000001,-100.0,0.0,0.0,0.0,0.0,0.0,0.0,0,0.0,NORMAL,False,,,,,,,,,,,,,,,,,False,,N/A,,,,,,,,,,,,,,,,,,,N/A,,True,PUT,2026-08-12,180.0,100.0,407,83.151,19.632,-0.001950277,0.000359944,0.001283735,-0.009103058,-3.0114e-05,N/A,3,N/A,N/A,AMERICAN,100.0,N/A,False,,,,False,,,,False,,,,,,False,,,,,,N/A,N/A,N/A,N/A,N/A,N/A,N/A,N/A,N/A,N/A,N/A,N/A,N/A,N/A,N/A,N/A,N/A,N/A,N/A,N/A,N/A,N/A,N/A
US.NVDA260812C182500,NVDA 260812 182.50C,2026-08-07 09:30:00,36.5283,0.0,0.0,0.0,36.5283,0.0,0.0,0.0,False,N/A,100,0.05,US.NVDA,44.4,38.5,10.0,11.0,,,,,,,,0.0,0.0,4.762,0.0,0.0,0.0,0.0,0.0,0.0,0,0.0,NORMAL,False,,,,,,,,,,,,,,,,,False,,N/A,,,,,,,,,,,,,,,,,,,N/A,,True,CALL,2026-08-12,182.5,100.0,18,0.0,-2.202,0.0,0.0,0.0,0.0,0.0,N/A,3,N/A,N/A,AMERICAN,100.0,N/A,False,,,,False,,,,False,,,,,,False,,,,,,N/A,N/A,N/A,N/A,N/A,N/A,N/A,N/A,N/A,N/A,N/A,N/A,N/A,N/A,N/A,N/A,N/A,N/A,N/A,N/A,N/A,N/A,N/A
US.NVDA260812P182500,NVDA 260812 182.50P,2026-08-07 15:17:24,0.02,0.02,0.02,0.02,0.0497,140.0,280.0,0.0,False,N/A,100,0.01,US.NVDA,0.03,0.01,30.0,3.0,,,,,,,,0.0,0.02,-81.818,0.0,0.0,0.0,0.0,0.0,0.0,0,0.0,NORMAL,False,,,,,,,,,,,,,,,,,False,,N/A,,,,,,,,,,,,,,,,,,,N/A,,True,PUT,2026-08-12,182.5,100.0,211,83.943,18.521,-0.003660808,0.000629688,0.002266082,-0.017649364,-6.0921e-05,N/A,3,N/A,N/A,AMERICAN,100.0,N/A,False,,,,False,,,,False,,,,,,False,,,,,,N/A,N/A,N/A,N/A,N/A,N/A,N/A,N/A,N/A,N/A,N/A,N/A,N/A,N/A,N/A,N/A,N/A,N/A,N/A,N/A,N/A,N/A,N/A
US.NVDA260812C185000,NVDA 260812 185.00C,2026-08-07 09:30:00,34.0349,0.0,0.0,0.0,34.0349,0.0,0.0,0.0,False,N/A,100,0.05,US.NVDA,42.05,35.9,13.0,20.0,,,,,,,,0.0,0.0,21.212,0.0,0.0,0.0,0.0,0.0,0.0,0,0.0,NORMAL,False,,,,,,,,,,,,,,,,,False,,N/A,,,,,,,,,,,,,,,,,,,N/A,,True,CALL,2026-08-12,185.0,100.0,33,0.0,-2.199,0.0,0.0,0.0,0.0,0.0,N/A,3,N/A,N/A,AMERICAN,100.0,N/A,False,,,,False,,,,False,,,,,,False,,,,,,N/A,N/A,N/A,N/A,N/A,N/A,N/A,N/A,N/A,N/A,N/A,N/A,N/A,N/A,N/A,N/A,N/A,N/A,N/A,N/A,N/A,N/A,N/A
US.NVDA260812P185000,NVDA 260812 185.00P,2026-08-07 15:17:24,0.03,0.04,0.04,0.02,0.056,134.0,329.0,0.0,False,N/A,100,0.01,US.NVDA,0.03,0.01,6.0,31.0,,,,,,,,35.714,0.0245522388,67.568,0.0,0.0,0.0,0.0,0.0,0.0,0,0.0,NORMAL,False,,,,,,,,,,,,,,,,,False,,N/A,,,,,,,,,,,,,,,,,,,N/A,,True,PUT,2026-08-12,185.0,100.0,509,78.886,17.409,-0.003880122,0.000705934,0.002387573,-0.017596164,-6.4569e-05,N/A,3,N/A,N/A,AMERICAN,100.0,N/A,False,,,,False,,,,False,,,,,,False,,,,,,N/A,N/A,N/A,N/A,N/A,N/A,N/A,N/A,N/A,N/A,N/A,N/A,N/A,N/A,N/A,N/A,N/A,N/A,N/A,N/A,N/A,N/A,N/A
US.NVDA260812C187500,NVDA 260812 187.50C,2026-08-07 09:30:00,31.5442,0.0,0.0,0.0,31.5442,0.0,0.0,0.0,False,N/A,100,0.05,US.NVDA,39.2,33.5,10.0,30.0,,,,,,,,0.0,0.0,50.0,0.0,0.0,0.0,0.0,0.0,0.0,0,0.0,NORMAL,False,,,,,,,,,,,,,,,,,False,,N/A,,,,,,,,,,,,,,,,,,,N/A,,True,CALL,2026-08-12,187.5,100.0,70,0.0,-2.195,0.0,0.0,0.0,0.0,0.0,N/A,3,N/A,N/A,AMERICAN,100.0,N/A,False,,,,False,,,,False,,,,,,False,,,,,,N/A,N/A,N/A,N/A,N/A,N/A,N/A,N/A,N/A,N/A,N/A,N/A,N/A,N/A,N/A,N/A,N/A,N/A,N/A,N/A,N/A,N/A,N/A
US.NVDA260812P187500,NVDA 260812 187.50P,2026-08-07 15:59:17,0.03,0.02,0.04,0.02,0.0651,122.0,359.0,0.0,False,N/A,100,0.01,US.NVDA,0.04,0.01,326.0,115.0,,,,,,,,30.722,0.0294262295,-47.846,0.0,0.0,0.0,0.0,0.0,0.0,0,0.0,NORMAL,False,,,,,,,,,,,,,,,,,False,,N/A,,,,,,,,,,,,,,,,,,,N/A,,True,PUT,2026-08-12,187.5,100.0,314,75.697,16.293,-0.004945903,0.000913846,0.002965561,-0.021671776,-8.3743e-05,N/A,3,N/A,N/A,AMERICAN,100.0,N/A,False,,,,False,,,,False,,,,,,False,,,,,,N/A,N/A,N/A,N/A,N/A,N/A,N/A,N/A,N/A,N/A,N/A,N/A,N/A,N/A,N/A,N/A,N/A,N/A,N/A,N/A,N/A,N/A,N/A
US.NVDA260812C190000,NVDA 260812 190.00C,2026-08-07 09:30:00,29.0642,0.0,0.0,0.0,29.0642,0.0,0.0,0.0,False,N/A,100,0.05,US.NVDA,36.95,30.9,1.0,10.0,,,,,,,,0.0,0.0,81.818,0.0,0.0,0.0,0.0,0.0,0.0,0,0.0,NORMAL,False,,,,,,,,,,,,,,,,,False,,N/A,,,,,,,,,,,,,,,,,,,N/A,,True,CALL,2026-08-12,190.0,100.0,81,0.0,-2.186,0.0,0.0,0.0,0.0,0.0,N/A,3,N/A,N/A,AMERICAN,100.0,N/A,False,,,,False,,,,False,,,,,,False,,,,,,N/A,N/A,N/A,N/A,N/A,N/A,N/A,N/A,N/A,N/A,N/A,N/A,N/A,N/A,N/A,N/A,N/A,N/A,N/A,N/A,N/A,N/A,N/A
US.NVDA260812P190000,NVDA 260812 190.00P,2026-08-07 15:53:45,0.03,0.05,0.05,0.03,0.085,174.0,658.0,0.0,False,N/A,100,0.01,US.NVDA,0.05,0.02,318.0,8.0,,,,,,,,23.529,0.03781609195,-95.092,0.0,0.0,0.0,0.0,0.0,0.0,0,0.0,NORMAL,False,,,,,,,,,,,,,,,,,False,,N/A,,,,,,,,,,,,,,,,,,,N/A,,True,PUT,2026-08-12,190.0,100.0,870,73.434,15.176,-0.006911754,0.001267663,0.003990065,-0.029631593,-0.000119602,N/A,3,N/A,N/A,AMERICAN,100.0,N/A,False,,,,False,,,,False,,,,,,False,,,,,,N/A,N/A,N/A,N/A,N/A,N/A,N/A,N/A,N/A,N/A,N/A,N/A,N/A,N/A,N/A,N/A,N/A,N/A,N/A,N/A,N/A,N/A,N/A
US.NVDA260812C192500,NVDA 260812 192.50C,2026-08-07 11:31:07,32.42,32.48,32.48,32.39,26.5845,25.0,81104.0,0.0,False,N/A,100,0.05,US.NVDA,34.3,28.5,10.0,30.0,,,,,,,,0.339,32.4416,50.0,0.0,0.0,0.0,0.0,0.0,0.0,0,0.0,NORMAL,False,,,,,,,,,,,,,,,,,False,,N/A,,,,,,,,,,,,,,,,,,,N/A,,True,CALL,2026-08-12,192.5,100.0,85,0.0,0.428,0.0,0.0,0.0,0.0,0.0,N/A,3,N/A,N/A,AMERICAN,100.0,N/A,False,,,,False,,,,False,,,,,,False,,,,,,N/A,N/A,N/A,N/A,N/A,N/A,N/A,N/A,N/A,N/A,N/A,N/A,N/A,N/A,N/A,N/A,N/A,N/A,N/A,N/A,N/A,N/A,N/A
US.NVDA260812P192500,NVDA 260812 192.50P,2026-08-07 15:26:57,0.04,0.06,0.06,0.04,0.105,72.0,351.0,0.0,False,N/A,100,0.01,US.NVDA,0.05,0.02,84.0,137.0,,,,,,,,19.048,0.04875,23.982,0.0,0.0,0.0,0.0,0.0,0.0,0,0.0,NORMAL,False,,,,,,,,,,,,,,,,,False,,N/A,,,,,,,,,,,,,,,,,,,N/A,,True,PUT,2026-08-12,192.5,100.0,666,68.228,14.065,-0.007398336,0.00144875,0.004237044,-0.029486601,-0.000127927,N/A,3,N/A,N/A,AMERICAN,100.0,N/A,False,,,,False,,,,False,,,,,,False,,,,,,N/A,N/A,N/A,N/A,N/A,N/A,N/A,N/A,N/A,N/A,N/A,N/A,N/A,N/A,N/A,N/A,N/A,N/A,N/A,N/A,N/A,N/A,N/A
US.NVDA260812C195000,NVDA 260812 195.00C,2026-08-07 12:47:10,27.73,28.0,28.55,27.73,24.1148,7.0,19739.0,0.0,False,N/A,100,0.05,US.NVDA,29.75,26.2,1.0,56.0,,,,,,,,3.4,28.19857142857,96.491,0.0,0.0,0.0,0.0,0.0,0.0,0,0.0,NORMAL,False,,,,,,,,,,,,,,,,,False,,N/A,,,,,,,,,,,,,,,,,,,N/A,,True,CALL,2026-08-12,195.0,100.0,105,0.0,-0.549,0.0,0.0,0.0,0.0,0.0,N/A,3,N/A,N/A,AMERICAN,100.0,N/A,False,,,,False,,,,False,,,,,,False,,,,,,N/A,N/A,N/A,N/A,N/A,N/A,N/A,N/A,N/A,N/A,N/A,N/A,N/A,N/A,N/A,N/A,N/A,N/A,N/A,N/A,N/A,N/A,N/A
US.NVDA260812P195000,NVDA 260812 195.00P,2026-08-07 15:59:58,0.05,0.09,0.09,0.05,0.135,2513.0,15296.0,0.0,False,N/A,100,0.01,US.NVDA,0.05,0.03,93.0,260.0,,,,,,,,29.63,0.06086748905,47.309,0.0,0.0,0.0,0.0,0.0,0.0,0,0.0,NORMAL,False,,,,,,,,,,,,,,,,,False,,N/A,,,,,,,,,,,,,,,,,,,N/A,,True,PUT,2026-08-12,195.0,100.0,1404,64.111,12.953,-0.008842835,0.001803454,0.004955943,-0.033214686,-0.000153931,N/A,3,N/A,N/A,AMERICAN,100.0,N/A,False,,,,False,,,,False,,,,,,False,,,,,,N/A,N/A,N/A,N/A,N/A,N/A,N/A,N/A,N/A,N/A,N/A,N/A,N/A,N/A,N/A,N/A,N/A,N/A,N/A,N/A,N/A,N/A,N/A
US.NVDA260812C197500,NVDA 260812 197.50C,2026-08-07 14:39:52,24.77,24.65,25.75,24.26,21.6553,41.0,103264.0,0.0,False,N/A,100,0.05,US.NVDA,29.1,26.05,255.0,100.0,,,,,,,,6.881,25.18634146341,-43.662,0.0,0.0,0.0,0.0,0.0,0.0,0,0.0,NORMAL,False,,,,,,,,,,,,,,,,,False,,N/A,,,,,,,,,,,,,,,,,,,N/A,,True,CALL,2026-08-12,197.5,100.0,327,108.517,-0.754,0.904423341,0.007559267,0.035135253,-0.589254435,0.01494246,N/A,3,N/A,N/A,AMERICAN,100.0,N/A,False,,,,False,,,,False,,,,,,False,,,,,,N/A,N/A,N/A,N/A,N/A,N/A,N/A,N/A,N/A,N/A,N/A,N/A,N/A,N/A,N/A,N/A,N/A,N/A,N/A,N/A,N/A,N/A,N/A
US.NVDA260812P197500,NVDA 260812 197.50P,2026-08-07 15:43:27,0.06,0.11,0.11,0.06,0.175,147.0,919.0,0.0,False,N/A,100,0.01,US.NVDA,0.08,0.05,144.0,66.0,,,,,,,,28.571,0.0625170068,-37.143,0.0,0.0,0.0,0.0,0.0,0.0,0,0.0,NORMAL,False,,,,,,,,,,,,,,,,,False,,N/A,,,,,,,,,,,,,,,,,,,N/A,,True,PUT,2026-08-12,197.5,100.0,3560,62.857,11.841,-0.013938685,0.002732476,0.007360074,-0.051641086,-0.000248033,N/A,3,N/A,N/A,AMERICAN,100.0,N/A,False,,,,False,,,,False,,,,,,False,,,,,,N/A,N/A,N/A,N/A,N/A,N/A,N/A,N/A,N/A,N/A,N/A,N/A,N/A,N/A,N/A,N/A,N/A,N/A,N/A,N/A,N/A,N/A,N/A
US.NVDA260812C200000,NVDA 260812 200.00C,2026-08-07 15:59:23,23.5,22.9,24.47,22.4,19.2157,26.0,60862.0,0.0,False,N/A,100,0.05,US.NVDA,24.55,22.45,27.0,104.0,,,,,,,,10.772,23.408461538460003,58.779,0.0,0.0,0.0,0.0,0.0,0.0,0,0.0,NORMAL,False,,,,,,,,,,,,,,,,,False,,N/A,,,,,,,,,,,,,,,,,,,N/A,,True,CALL,2026-08-12,200.0,100.0,610,0.0,-0.205,0.0,0.0,0.0,0.0,0.0,N/A,3,N/A,N/A,AMERICAN,100.0,N/A,False,,,,False,,,,False,,,,,,False,,,,,,N/A,N/A,N/A,N/A,N/A,N/A,N/A,N/A,N/A,N/A,N/A,N/A,N/A,N/A,N/A,N/A,N/A,N/A,N/A,N/A,N/A,N/A,N/A
US.NVDA260812P200000,NVDA 260812 200.00P,2026-08-07 15:59:36,0.09,0.14,0.14,0.08,0.235,5746.0,57515.0,0.0,False,N/A,100,0.01,US.NVDA,0.09,0.06,121.0,130.0,,,,,,,,25.532,0.10009571876000001,3.586,0.0,0.0,0.0,0.0,0.0,0.0,0,0.0,NORMAL,False,,,,,,,,,,,,,,,,,False,,N/A,,,,,,,,,,,,,,,,,,,N/A,,True,PUT,2026-08-12,200.0,100.0,1455,58.589,10.738,-0.016886001,0.003456454,0.008677527,-0.058317142,-0.000301752,N/A,3,N/A,N/A,AMERICAN,100.0,N/A,False,,,,False,,,,False,,,,,,False,,,,,,N/A,N/A,N/A,N/A,N/A,N/A,N/A,N/A,N/A,N/A,N/A,N/A,N/A,N/A,N/A,N/A,N/A,N/A,N/A,N/A,N/A,N/A,N/A
US.NVDA260812C202500,NVDA 260812 202.50C,2026-08-07 15:48:54,20.52,20.96,20.96,19.92,16.8063,12.0,24723.0,0.0,False,N/A,100,0.05,US.NVDA,22.15,18.95,10.0,129.0,,,,,,,,6.188,20.6025,85.612,0.0,0.0,0.0,0.0,0.0,0.0,0,0.0,NORMAL,False,,,,,,,,,,,,,,,,,False,,N/A,,,,,,,,,,,,,,,,,,,N/A,,True,CALL,2026-08-12,202.5,100.0,704,0.0,-0.419,0.0,0.0,0.0,0.0,0.0,N/A,3,N/A,N/A,AMERICAN,100.0,N/A,False,,,,False,,,,False,,,,,,False,,,,,,N/A,N/A,N/A,N/A,N/A,N/A,N/A,N/A,N/A,N/A,N/A,N/A,N/A,N/A,N/A,N/A,N/A,N/A,N/A,N/A,N/A,N/A,N/A
US.NVDA260812P202500,NVDA 260812 202.50P,2026-08-07 15:57:28,0.1,0.23,0.23,0.1,0.325,686.0,9040.0,0.0,False,N/A,100,0.01,US.NVDA,0.11,0.09,25.0,2.0,,,,,,,,40.0,0.13177842565,-85.185,0.0,0.0,0.0,0.0,0.0,0.0,0,0.0,NORMAL,False,,,,,,,,,,,,,,,,,False,,N/A,,,,,,,,,,,,,,,,,,,N/A,,True,PUT,2026-08-12,202.5,100.0,364,55.463,9.626,-0.022907363,0.004730393,0.011240609,-0.074755499,-0.000412862,N/A,3,N/A,N/A,AMERICAN,100.0,N/A,False,,,,False,,,,False,,,,,,False,,,,,,N/A,N/A,N/A,N/A,N/A,N/A,N/A,N/A,N/A,N/A,N/A,N/A,N/A,N/A,N/A,N/A,N/A,N/A,N/A,N/A,N/A,N/A,N/A
US.NVDA260812C205000,NVDA 260812 205.00C,2026-08-07 15:09:22,17.74,17.2,20.55,16.71,14.442,137.0,256571.0,0.0,False,N/A,100,0.05,US.NVDA,19.7,16.45,22.0,58.0,,,,,,,,26.589,18.72781021897,45.0,0.0,0.0,0.0,0.0,0.0,0.0,0,0.0,NORMAL,False,,,,,,,,,,,,,,,,,False,,N/A,,,,,,,,,,,,,,,,,,,N/A,,True,CALL,2026-08-12,205.0,100.0,1518,0.0,-0.544,0.0,0.0,0.0,0.0,0.0,N/A,3,N/A,N/A,AMERICAN,100.0,N/A,False,,,,False,,,,False,,,,,,False,,,,,,N/A,N/A,N/A,N/A,N/A,N/A,N/A,N/A,N/A,N/A,N/A,N/A,N/A,N/A,N/A,N/A,N/A,N/A,N/A,N/A,N/A,N/A,N/A
US.NVDA260812P205000,NVDA 260812 205.00P,2026-08-07 15:57:15,0.13,0.27,0.33,0.13,0.46,809.0,16902.0,0.0,False,N/A,100,0.01,US.NVDA,0.14,0.11,13.0,178.0,,,,,,,,43.478,0.20892459825999998,86.387,0.0,0.0,0.0,0.0,0.0,0.0,0,0.0,NORMAL,False,,,,,,,,,,,,,,,,,False,,N/A,,,,,,,,,,,,,,,,,,,N/A,,True,PUT,2026-08-12,205.0,100.0,778,51.624,8.523,-0.029732825,0.00632077,0.013978589,-0.089871394,-0.000538501,N/A,3,N/A,N/A,AMERICAN,100.0,N/A,False,,,,False,,,,False,,,,,,False,,,,,,N/A,N/A,N/A,N/A,N/A,N/A,N/A,N/A,N/A,N/A,N/A,N/A,N/A,N/A,N/A,N/A,N/A,N/A,N/A,N/A,N/A,N/A,N/A
US.NVDA260812C207500,NVDA 260812 207.50C,2026-08-07 15:59:49,16.95,14.82,16.98,14.74,12.1628,320.0,501690.0,0.0,False,N/A,100,0.05,US.NVDA,16.95,16.5,22.0,20.0,,,,,,,,18.417,15.6778125,-4.762,0.0,0.0,0.0,0.0,0.0,0.0,0,0.0,NORMAL,False,,,,,,,,,,,,,,,,,False,,N/A,,,,,,,,,,,,,,,,,,,N/A,,True,CALL,2026-08-12,207.5,100.0,1755,49.798,0.218,0.954383404,0.009298094,0.019832229,-0.152792883,0.016824494,N/A,3,N/A,N/A,AMERICAN,100.0,N/A,False,,,,False,,,,False,,,,,,False,,,,,,N/A,N/A,N/A,N/A,N/A,N/A,N/A,N/A,N/A,N/A,N/A,N/A,N/A,N/A,N/A,N/A,N/A,N/A,N/A,N/A,N/A,N/A,N/A
US.NVDA260812P207500,NVDA 260812 207.50P,2026-08-07 15:59:48,0.18,0.37,0.43,0.17,0.68,420.0,10350.0,0.0,False,N/A,100,0.01,US.NVDA,0.19,0.16,14.0,124.0,,,,,,,,38.235,0.24642857142,79.71,0.0,0.0,0.0,0.0,0.0,0.0,0,0.0,NORMAL,False,,,,,,,,,,,,,,,,,False,,N/A,,,,,,,,,,,,,,,,,,,N/A,,True,PUT,2026-08-12,207.5,100.0,726,48.646,7.429,-0.042027313,0.00890881,0.018562902,-0.11831823,-0.000766327,N/A,3,N/A,N/A,AMERICAN,100.0,N/A,False,,,,False,,,,False,,,,,,False,,,,,,N/A,N/A,N/A,N/A,N/A,N/A,N/A,N/A,N/A,N/A,N/A,N/A,N/A,N/A,N/A,N/A,N/A,N/A,N/A,N/A,N/A,N/A,N/A
US.NVDA260812C210000,NVDA 260812 210.00C,2026-08-07 15:59:30,14.43,12.08,14.91,11.9,10.0037,307.0,406498.0,0.0,False,N/A,100,0.05,US.NVDA,14.55,13.85,16.0,90.0,,,,,,,,30.089,13.24097719869,69.811,0.0,0.0,0.0,0.0,0.0,0.0,0,0.0,NORMAL,False,,,,,,,,,,,,,,,,,False,,N/A,,,,,,,,,,,,,,,,,,,N/A,,True,CALL,2026-08-12,210.0,100.0,1395,42.215,0.209,0.953294696,0.011178015,0.020211034,-0.135429293,0.017019295,N/A,3,N/A,N/A,AMERICAN,100.0,N/A,False,,,,False,,,,False,,,,,,False,,,,,,N/A,N/A,N/A,N/A,N/A,N/A,N/A,N/A,N/A,N/A,N/A,N/A,N/A,N/A,N/A,N/A,N/A,N/A,N/A,N/A,N/A,N/A,N/A
US.NVDA260812P210000,NVDA 260812 210.00P,2026-08-07 15:59:42,0.26,0.55,0.6,0.25,1.02,2758.0,107731.0,0.0,False,N/A,100,0.01,US.NVDA,0.28,0.25,137.0,5.0,,,,,,,,34.314,0.39061276286999996,-92.958,0.0,0.0,0.0,0.0,0.0,0.0,0,0.0,NORMAL,False,,,,,,,,,,,,,,,,,False,,N/A,,,,,,,,,,,,,,,,,,,N/A,,True,PUT,2026-08-12,210.0,100.0,1554,46.31,6.349,-0.062669286,0.012858543,0.025501861,-0.164042938,-0.001150408,N/A,3,N/A,N/A,AMERICAN,100.0,N/A,False,,,,False,,,,False,,,,,,False,,,,,,N/A,N/A,N/A,N/A,N/A,N/A,N/A,N/A,N/A,N/A,N/A,N/A,N/A,N/A,N/A,N/A,N/A,N/A,N/A,N/A,N/A,N/A,N/A
US.NVDA260812C212500,NVDA 260812 212.50C,2026-08-07 15:58:31,11.95,11.3,12.53,9.71,8.0097,2573.0,2664342.0,0.0,False,N/A,100,0.05,US.NVDA,12.2,11.2,146.0,108.0,,,,,,,,35.207,10.355001943249999,-14.961,0.0,0.0,0.0,0.0,0.0,0.0,0,0.0,NORMAL,False,,,,,,,,,,,,,,,,,False,,N/A,,,,,,,,,,,,,,,,,,,N/A,,True,CALL,2026-08-12,212.5,100.0,2369,35.875,0.218,0.946392995,0.014681521,0.022556685,-0.131873049,0.017100786,N/A,3,N/A,N/A,AMERICAN,100.0,N/A,False,,,,False,,,,False,,,,,,False,,,,,,N/A,N/A,N/A,N/A,N/A,N/A,N/A,N/A,N/A,N/A,N/A,N/A,N/A,N/A,N/A,N/A,N/A,N/A,N/A,N/A,N/A,N/A,N/A
US.NVDA260812P212500,NVDA 260812 212.50P,2026-08-07 15:59:58,0.42,0.9,1.29,0.4,1.525,1866.0,116431.0,0.0,False,N/A,100,0.01,US.NVDA,0.42,0.37,59.0,120.0,,,,,,,,58.361,0.62396034297,34.078,0.0,0.0,0.0,0.0,0.0,0.0,0,0.0,NORMAL,False,,,,,,,,,,,,,,,,,False,,N/A,,,,,,,,,,,,,,,,,,,N/A,,True,PUT,2026-08-12,212.5,100.0,607,43.735,5.304,-0.092138568,0.018256405,0.034190227,-0.219436734,-0.001698562,N/A,3,N/A,N/A,AMERICAN,100.0,N/A,False,,,,False,,,,False,,,,,,False,,,,,,N/A,N/A,N/A,N/A,N/A,N/A,N/A,N/A,N/A,N/A,N/A,N/A,N/A,N/A,N/A,N/A,N/A,N/A,N/A,N/A,N/A,N/A,N/A
US.NVDA260812C215000,NVDA 260812 215.00C,2026-08-07 15:59:17,9.75,8.41,10.33,7.42,6.2208,382.0,328151.0,0.0,False,N/A,100,0.05,US.NVDA,9.8,9.5,23.0,21.0,,,,,,,,46.779,8.59034031413,-4.545,0.0,0.0,0.0,0.0,0.0,0.0,0,0.0,NORMAL,False,,,,,,,,,,,,,,,,,False,,N/A,,,,,,,,,,,,,,,,,,,N/A,,True,CALL,2026-08-12,215.0,100.0,1114,41.74,0.352,0.861327508,0.025598715,0.045757691,-0.31878109,0.015648956,N/A,3,N/A,N/A,AMERICAN,100.0,N/A,False,,,,False,,,,False,,,,,,False,,,,,,N/A,N/A,N/A,N/A,N/A,N/A,N/A,N/A,N/A,N/A,N/A,N/A,N/A,N/A,N/A,N/A,N/A,N/A,N/A,N/A,N/A,N/A,N/A
US.NVDA260812P215000,NVDA 260812 215.00P,2026-08-07 15:59:59,0.66,1.39,1.53,0.61,2.235,3281.0,290874.0,0.0,False,N/A,100,0.01,US.NVDA,0.69,0.64,15.0,3.0,,,,,,,,41.163,0.88654068881,-66.667,0.0,0.0,0.0,0.0,0.0,0.0,0,0.0,NORMAL,False,,,,,,,,,,,,,,,,,False,,N/A,,,,,,,,,,,,,,,,,,,N/A,,True,PUT,2026-08-12,215.0,100.0,794,42.713,4.295,-0.144076239,0.025675058,0.046956005,-0.312779028,-0.002668003,N/A,3,N/A,N/A,AMERICAN,100.0,N/A,False,,,,False,,,,False,,,,,,False,,,,,,N/A,N/A,N/A,N/A,N/A,N/A,N/A,N/A,N/A,N/A,N/A,N/A,N/A,N/A,N/A,N/A,N/A,N/A,N/A,N/A,N/A,N/A,N/A
US.NVDA260812C217500,NVDA 260812 217.50C,2026-08-07 15:59:55,7.61,6.23,8.1,5.6,4.687,1194.0,795954.0,0.0,False,N/A,100,0.05,US.NVDA,7.8,7.4,51.0,18.0,,,,,,,,53.339,6.66628140703,-47.826,0.0,0.0,0.0,0.0,0.0,0.0,0,0.0,NORMAL,False,,,,,,,,,,,,,,,,,False,,N/A,,,,,,,,,,,,,,,,,,,N/A,,True,CALL,2026-08-12,217.5,100.0,1165,41.498,0.513,0.785515071,0.03397378,0.060379265,-0.432739166,0.014374092,N/A,3,N/A,N/A,AMERICAN,100.0,N/A,False,,,,False,,,,False,,,,,,False,,,,,,N/A,N/A,N/A,N/A,N/A,N/A,N/A,N/A,N/A,N/A,N/A,N/A,N/A,N/A,N/A,N/A,N/A,N/A,N/A,N/A,N/A,N/A,N/A
US.NVDA260812P217500,NVDA 260812 217.50P,2026-08-07 15:59:52,1.06,2.09,2.24,0.97,3.2,2243.0,332256.0,0.0,False,N/A,100,0.01,US.NVDA,1.09,1.02,6.0,11.0,,,,,,,,39.688,1.4813018278999999,29.412,0.0,0.0,0.0,0.0,0.0,0.0,0,0.0,NORMAL,False,,,,,,,,,,,,,,,,,False,,N/A,,,,,,,,,,,,,,,,,,,N/A,,True,PUT,2026-08-12,217.5,100.0,802,41.261,3.357,-0.213321879,0.034067859,0.060182902,-0.406130877,-0.003954665,N/A,3,N/A,N/A,AMERICAN,100.0,N/A,False,,,,False,,,,False,,,,,,False,,,,,,N/A,N/A,N/A,N/A,N/A,N/A,N/A,N/A,N/A,N/A,N/A,N/A,N/A,N/A,N/A,N/A,N/A,N/A,N/A,N/A,N/A,N/A,N/A
US.NVDA260812C220000,NVDA 260812 220.00C,2026-08-07 15:59:56,5.72,5.0,6.45,3.98,3.425,3451.0,1678689.0,0.0,False,N/A,100,0.05,US.NVDA,5.8,5.55,98.0,70.0,,,,,,,,72.117,4.86435525934,-16.667,0.0,0.0,0.0,0.0,0.0,0.0,0,0.0,NORMAL,False,,,,,,,,,,,,,,,,,False,,N/A,,,,,,,,,,,,,,,,,,,N/A,,True,CALL,2026-08-12,220.0,100.0,2545,39.982,0.785,0.69503938,0.042327883,0.072484705,-0.513496735,0.012808117,N/A,3,N/A,N/A,AMERICAN,100.0,N/A,False,,,,False,,,,False,,,,,,False,,,,,,N/A,N/A,N/A,N/A,N/A,N/A,N/A,N/A,N/A,N/A,N/A,N/A,N/A,N/A,N/A,N/A,N/A,N/A,N/A,N/A,N/A,N/A,N/A
US.NVDA260812P220000,NVDA 260812 220.00P,2026-08-07 15:59:57,1.7,2.82,3.3,1.55,4.4368,4224.0,954107.0,0.0,False,N/A,100,0.01,US.NVDA,1.73,1.66,6.0,10.0,,,,,,,,39.443,2.25877604166,25.0,0.0,0.0,0.0,0.0,0.0,0.0,0,0.0,NORMAL,False,,,,,,,,,,,,,,,,,False,,N/A,,,,,,,,,,,,,,,,,,,N/A,,True,PUT,2026-08-12,220.0,100.0,3199,40.688,2.527,-0.307985795,0.041792232,0.072793205,-0.502002777,-0.005704119,N/A,3,N/A,N/A,AMERICAN,100.0,N/A,False,,,,False,,,,False,,,,,,False,,,,,,N/A,N/A,N/A,N/A,N/A,N/A,N/A,N/A,N/A,N/A,N/A,N/A,N/A,N/A,N/A,N/A,N/A,N/A,N/A,N/A,N/A,N/A,N/A
US.NVDA260812C222500,NVDA 260812 222.50C,2026-08-07 15:59:52,4.06,3.5,4.65,2.78,2.41,13292.0,4746808.0,0.0,False,N/A,100,0.05,US.NVDA,4.15,4.0,11.0,39.0,,,,,,,,77.593,3.5711766476,56.0,0.0,0.0,0.0,0.0,0.0,0.0,0,0.0,NORMAL,False,,,,,,,,,,,,,,,,,False,,N/A,,,,,,,,,,,,,,,,,,,N/A,,True,CALL,2026-08-12,222.5,100.0,4631,39.514,1.16,0.581741325,0.047754982,0.080825185,-0.573290554,0.010777907,N/A,3,N/A,N/A,AMERICAN,100.0,N/A,False,,,,False,,,,False,,,,,,False,,,,,,N/A,N/A,N/A,N/A,N/A,N/A,N/A,N/A,N/A,N/A,N/A,N/A,N/A,N/A,N/A,N/A,N/A,N/A,N/A,N/A,N/A,N/A,N/A
US.NVDA260812P222500,NVDA 260812 222.50P,2026-08-07 15:59:47,2.56,4.05,4.5,2.35,5.9206,2183.0,683711.0,0.0,False,N/A,100,0.01,US.NVDA,2.62,2.54,9.0,17.0,,,,,,,,36.314,3.13197892808,30.769,0.0,0.0,0.0,0.0,0.0,0.0,0,0.0,NORMAL,False,,,,,,,,,,,,,,,,,False,,N/A,,,,,,,,,,,,,,,,,,,N/A,,True,PUT,2026-08-12,222.5,100.0,528,39.967,1.794,-0.419240876,0.047273417,0.08085316,-0.55711195,-0.00772574,N/A,3,N/A,N/A,AMERICAN,100.0,N/A,False,,,,False,,,,False,,,,,,False,,,,,,N/A,N/A,N/A,N/A,N/A,N/A,N/A,N/A,N/A,N/A,N/A,N/A,N/A,N/A,N/A,N/A,N/A,N/A,N/A,N/A,N/A,N/A,N/A
US.NVDA260812C225000,NVDA 260812 225.00C,2026-08-07 15:59:59,2.82,2.31,3.29,1.8,1.63,13603.0,3243964.0,0.0,False,N/A,100,0.01,US.NVDA,2.83,2.75,5.0,4.0,,,,,,,,91.411,2.38474160111,-11.111,0.0,0.0,0.0,0.0,0.0,0.0,0,0.0,NORMAL,False,,,,,,,,,,,,,,,,,False,,N/A,,,,,,,,,,,,,,,,,,,N/A,,True,CALL,2026-08-12,225.0,100.0,2453,39.283,1.723,0.459997881,0.048822437,0.082149561,-0.577081668,0.008559279,N/A,3,N/A,N/A,AMERICAN,100.0,N/A,False,,,,False,,,,False,,,,,,False,,,,,,N/A,N/A,N/A,N/A,N/A,N/A,N/A,N/A,N/A,N/A,N/A,N/A,N/A,N/A,N/A,N/A,N/A,N/A,N/A,N/A,N/A,N/A,N/A
US.NVDA260812P225000,NVDA 260812 225.00P,2026-08-07 15:59:46,3.75,5.0,5.55,3.5,7.6394,1961.0,824206.0,0.0,False,N/A,100,0.05,US.NVDA,3.85,3.75,21.0,2.0,,,,,,,,26.835,4.20298827129,-82.609,0.0,0.0,0.0,0.0,0.0,0.0,0,0.0,NORMAL,False,,,,,,,,,,,,,,,,,False,,N/A,,,,,,,,,,,,,,,,,,,N/A,,True,PUT,2026-08-12,225.0,100.0,463,39.79,1.21,-0.539670943,0.048272179,0.082134543,-0.561628243,-0.009849332,N/A,3,N/A,N/A,AMERICAN,100.0,N/A,False,,,,False,,,,False,,,,,,False,,,,,,N/A,N/A,N/A,N/A,N/A,N/A,N/A,N/A,N/A,N/A,N/A,N/A,N/A,N/A,N/A,N/A,N/A,N/A,N/A,N/A,N/A,N/A,N/A
US.NVDA260812C227500,NVDA 260812 227.50C,2026-08-07 15:59:55,1.81,1.56,2.19,1.12,1.08,5227.0,819084.0,0.0,False,N/A,100,0.01,US.NVDA,1.86,1.77,71.0,20.0,,,,,,,,99.074,1.5670250621700001,-56.044,0.0,0.0,0.0,0.0,0.0,0.0,0,0.0,NORMAL,False,,,,,,,,,,,,,,,,,False,,N/A,,,,,,,,,,,,,,,,,,,N/A,,True,CALL,2026-08-12,227.5,100.0,2028,39.168,2.388,0.342327568,0.045317559,0.076025475,-0.520982885,0.006392078,N/A,3,N/A,N/A,AMERICAN,100.0,N/A,False,,,,False,,,,False,,,,,,False,,,,,,N/A,N/A,N/A,N/A,N/A,N/A,N/A,N/A,N/A,N/A,N/A,N/A,N/A,N/A,N/A,N/A,N/A,N/A,N/A,N/A,N/A,N/A,N/A
US.NVDA260812P227500,NVDA 260812 227.50P,2026-08-07 15:57:04,5.35,6.85,6.85,4.9,9.5883,173.0,90072.0,0.0,False,N/A,100,0.05,US.NVDA,5.4,5.25,43.0,10.0,,,,,,,,20.337,5.20647398843,-62.264,0.0,0.0,0.0,0.0,0.0,0.0,0,0.0,NORMAL,False,,,,,,,,,,,,,,,,,False,,N/A,,,,,,,,,,,,,,,,,,,N/A,,True,PUT,2026-08-12,227.5,100.0,12,39.711,0.808,-0.656007853,0.044905598,0.076130204,-0.506748158,-0.011767821,N/A,3,N/A,N/A,AMERICAN,100.0,N/A,False,,,,False,,,,False,,,,,,False,,,,,,N/A,N/A,N/A,N/A,N/A,N/A,N/A,N/A,N/A,N/A,N/A,N/A,N/A,N/A,N/A,N/A,N/A,N/A,N/A,N/A,N/A,N/A,N/A
US.NVDA260812C230000,NVDA 260812 230.00C,2026-08-07 15:59:58,1.1,1.03,1.39,0.64,0.715,8915.0,818614.0,0.0,False,N/A,100,0.01,US.NVDA,1.16,1.1,10.0,13.0,,,,,,,,104.895,0.91824340998,13.043,0.0,0.0,0.0,0.0,0.0,0.0,0,0.0,NORMAL,False,,,,,,,,,,,,,,,,,False,,N/A,,,,,,,,,,,,,,,,,,,N/A,,True,CALL,2026-08-12,230.0,100.0,2054,39.288,3.188,0.240154739,0.038246179,0.064352091,-0.425306376,0.004496503,N/A,3,N/A,N/A,AMERICAN,100.0,N/A,False,,,,False,,,,False,,,,,,False,,,,,,N/A,N/A,N/A,N/A,N/A,N/A,N/A,N/A,N/A,N/A,N/A,N/A,N/A,N/A,N/A,N/A,N/A,N/A,N/A,N/A,N/A,N/A,N/A
US.NVDA260812P230000,NVDA 260812 230.00P,2026-08-07 15:58:11,7.06,8.59,9.0,6.7,11.7222,183.0,147183.0,0.0,False,N/A,100,0.05,US.NVDA,7.7,6.85,214.0,30.0,,,,,,,,19.621,8.04278688524,-75.41,0.0,0.0,0.0,0.0,0.0,0.0,0,0.0,NORMAL,False,,,,,,,,,,,,,,,,,False,,N/A,,,,,,,,,,,,,,,,,,,N/A,,True,PUT,2026-08-12,230.0,100.0,20,41.973,0.455,-0.745564949,0.037104651,0.066325686,-0.449346035,-0.013125081,N/A,3,N/A,N/A,AMERICAN,100.0,N/A,False,,,,False,,,,False,,,,,,False,,,,,,N/A,N/A,N/A,N/A,N/A,N/A,N/A,N/A,N/A,N/A,N/A,N/A,N/A,N/A,N/A,N/A,N/A,N/A,N/A,N/A,N/A,N/A,N/A
US.NVDA260812C232500,NVDA 260812 232.50C,2026-08-07 15:59:54,0.68,0.65,0.86,0.37,0.47,6610.0,426765.0,0.0,False,N/A,100,0.01,US.NVDA,0.7,0.65,7.0,30.0,,,,,,,,104.255,0.6456354009,62.162,0.0,0.0,0.0,0.0,0.0,0.0,0,0.0,NORMAL,False,,,,,,,,,,,,,,,,,False,,N/A,,,,,,,,,,,,,,,,,,,N/A,,True,CALL,2026-08-12,232.5,100.0,541,39.548,4.116,0.159446827,0.029659494,0.050231089,-0.3164507,0.002991807,N/A,3,N/A,N/A,AMERICAN,100.0,N/A,False,,,,False,,,,False,,,,,,False,,,,,,N/A,N/A,N/A,N/A,N/A,N/A,N/A,N/A,N/A,N/A,N/A,N/A,N/A,N/A,N/A,N/A,N/A,N/A,N/A,N/A,N/A,N/A,N/A
US.NVDA260812P232500,NVDA 260812 232.50P,2026-08-07 13:12:49,10.65,10.11,10.65,8.86,13.9762,12.0,11417.0,0.0,False,N/A,100,0.05,US.NVDA,9.65,8.8,47.0,49.0,,,,,,,,12.807,9.51416666666,2.083,0.0,0.0,0.0,0.0,0.0,0.0,0,0.0,NORMAL,False,,,,,,,,,,,,,,,,,False,,N/A,,,,,,,,,,,,,,,,,,,N/A,,True,PUT,2026-08-12,232.5,100.0,7,41.09,0.942,-0.832145021,0.029852284,0.051860507,-0.320907498,-0.013972134,N/A,3,N/A,N/A,AMERICAN,100.0,N/A,False,,,,False,,,,False,,,,,,False,,,,,,N/A,N/A,N/A,N/A,N/A,N/A,N/A,N/A,N/A,N/A,N/A,N/A,N/A,N/A,N/A,N/A,N/A,N/A,N/A,N/A,N/A,N/A,N/A
US.NVDA260812C235000,NVDA 260812 235.00C,2026-08-07 15:59:54,0.4,0.42,0.52,0.21,0.32,2045.0,71899.0,0.0,False,N/A,100,0.01,US.NVDA,0.43,0.37,344.0,198.0,,,,,,,,96.875,0.35158435206999994,-26.937,0.0,0.0,0.0,0.0,0.0,0.0,0,0.0,NORMAL,False,,,,,,,,,,,,,,,,,False,,N/A,,,,,,,,,,,,,,,,,,,N/A,,True,CALL,2026-08-12,235.0,100.0,6806,40.221,5.108,0.102544634,0.021472288,0.036983865,-0.222165777,0.001927027,N/A,3,N/A,N/A,AMERICAN,100.0,N/A,False,,,,False,,,,False,,,,,,False,,,,,,N/A,N/A,N/A,N/A,N/A,N/A,N/A,N/A,N/A,N/A,N/A,N/A,N/A,N/A,N/A,N/A,N/A,N/A,N/A,N/A,N/A,N/A,N/A
US.NVDA260812P235000,NVDA 260812 235.00P,2026-08-07 13:06:33,13.7,13.0,13.7,11.65,16.3253,17.0,20145.0,0.0,False,N/A,100,0.05,US.NVDA,11.9,11.05,8.0,45.0,,,,,,,,12.557,11.85,69.811,0.0,0.0,0.0,0.0,0.0,0.0,0,0.0,NORMAL,False,,,,,,,,,,,,,,,,,False,,N/A,,,,,,,,,,,,,,,,,,,N/A,,True,PUT,2026-08-12,235.0,100.0,46,42.844,1.187,-0.884006041,0.022490739,0.040309057,-0.242579873,-0.01413892,N/A,3,N/A,N/A,AMERICAN,100.0,N/A,False,,,,False,,,,False,,,,,,False,,,,,,N/A,N/A,N/A,N/A,N/A,N/A,N/A,N/A,N/A,N/A,N/A,N/A,N/A,N/A,N/A,N/A,N/A,N/A,N/A,N/A,N/A,N/A,N/A
US.NVDA260812C240000,NVDA 260812 240.00C,2026-08-07 15:59:48,0.16,0.23,0.23,0.08,0.165,2272.0,32947.0,0.0,False,N/A,100,0.01,US.NVDA,0.16,0.14,60.0,67.0,,,,,,,,90.909,0.14501320422,5.512,0.0,0.0,0.0,0.0,0.0,0.0,0,0.0,NORMAL,False,,,,,,,,,,,,,,,,,False,,N/A,,,,,,,,,,,,,,,,,,,N/A,,True,CALL,2026-08-12,240.0,100.0,845,42.706,7.233,0.042292864,0.010200416,0.01865933,-0.103855739,0.00079605,N/A,3,N/A,N/A,AMERICAN,100.0,N/A,False,,,,False,,,,False,,,,,,False,,,,,,N/A,N/A,N/A,N/A,N/A,N/A,N/A,N/A,N/A,N/A,N/A,N/A,N/A,N/A,N/A,N/A,N/A,N/A,N/A,N/A,N/A,N/A,N/A
US.NVDA260812P240000,NVDA 260812 240.00P,2026-08-07 09:36:06,18.05,18.1,18.1,16.6,21.1689,20.0,34845.0,0.0,False,N/A,100,0.05,US.NVDA,17.4,14.95,10.0,10.0,,,,,,,,7.086,17.4225,0.0,0.0,0.0,0.0,0.0,0.0,0.0,0,0.0,NORMAL,False,,,,,,,,,,,,,,,,,False,,N/A,,,,,,,,,,,,,,,,,,,N/A,,True,PUT,2026-08-12,240.0,100.0,21,44.939,0.897,-0.951999004,0.011670592,0.020479423,-0.104594928,-0.012521614,N/A,3,N/A,N/A,AMERICAN,100.0,N/A,False,,,,False,,,,False,,,,,,False,,,,,,N/A,N/A,N/A,N/A,N/A,N/A,N/A,N/A,N/A,N/A,N/A,N/A,N/A,N/A,N/A,N/A,N/A,N/A,N/A,N/A,N/A,N/A,N/A
US.NVDA260812C245000,NVDA 260812 245.00C,2026-08-07 15:58:18,0.07,0.14,0.15,0.05,0.1,757.0,6449.0,0.0,False,N/A,100,0.01,US.NVDA,0.08,0.06,1.0,175.0,,,,,,,,100.0,0.08519154557,98.864,0.0,0.0,0.0,0.0,0.0,0.0,0,0.0,NORMAL,False,,,,,,,,,,,,,,,,,False,,N/A,,,,,,,,,,,,,,,,,,,N/A,,True,CALL,2026-08-12,245.0,100.0,1883,46.66,9.425,0.020025,0.005019143,0.010035576,-0.054353286,0.000377004,N/A,3,N/A,N/A,AMERICAN,100.0,N/A,False,,,,False,,,,False,,,,,,False,,,,,,N/A,N/A,N/A,N/A,N/A,N/A,N/A,N/A,N/A,N/A,N/A,N/A,N/A,N/A,N/A,N/A,N/A,N/A,N/A,N/A,N/A,N/A,N/A
US.NVDA260812P245000,NVDA 260812 245.00P,2026-08-07 09:30:00,26.1027,0.0,0.0,0.0,26.1027,0.0,0.0,0.0,False,N/A,100,0.05,US.NVDA,22.3,19.9,10.0,10.0,,,,,,,,0.0,0.0,0.0,0.0,0.0,0.0,0.0,0.0,0.0,0,0.0,NORMAL,False,,,,,,,,,,,,,,,,,False,,N/A,,,,,,,,,,,,,,,,,,,N/A,,True,PUT,2026-08-12,245.0,100.0,0,50.385,2.26,-0.97469068,0.006804137,0.012007829,-0.055749114,-0.010518513,N/A,3,N/A,N/A,AMERICAN,100.0,N/A,False,,,,False,,,,False,,,,,,False,,,,,,N/A,N/A,N/A,N/A,N/A,N/A,N/A,N/A,N/A,N/A,N/A,N/A,N/A,N/A,N/A,N/A,N/A,N/A,N/A,N/A,N/A,N/A,N/A
US.NVDA260812C250000,NVDA 260812 250.00C,2026-08-07 15:59:33,0.03,0.09,0.09,0.03,0.06,523.0,2430.0,0.0,False,N/A,100,0.01,US.NVDA,0.05,0.03,5.0,103.0,,,,,,,,100.0,0.0464627151,90.741,0.0,0.0,0.0,0.0,0.0,0.0,0,0.0,NORMAL,False,,,,,,,,,,,,,,,,,False,,N/A,,,,,,,,,,,,,,,,,,,N/A,,True,CALL,2026-08-12,250.0,100.0,1038,51.385,11.64,0.011135305,0.002752266,0.006062455,-0.033072342,0.000209549,N/A,3,N/A,N/A,AMERICAN,100.0,N/A,False,,,,False,,,,False,,,,,,False,,,,,,N/A,N/A,N/A,N/A,N/A,N/A,N/A,N/A,N/A,N/A,N/A,N/A,N/A,N/A,N/A,N/A,N/A,N/A,N/A,N/A,N/A,N/A,N/A
US.NVDA260812P250000,NVDA 260812 250.00P,2026-08-07 10:06:35,27.87,27.92,27.92,27.87,31.062,2.0,5579.0,0.0,False,N/A,100,0.05,US.NVDA,27.3,24.85,10.0,10.0,,,,,,,,0.161,27.895,0.0,0.0,0.0,0.0,0.0,0.0,0.0,0,0.0,NORMAL,False,,,,,,,,,,,,,,,,,False,,N/A,,,,,,,,,,,,,,,,,,,N/A,,True,PUT,2026-08-12,250.0,100.0,0,57.036,0.817,-0.983795408,0.004559188,0.008159764,-0.034867314,-0.009063411,N/A,3,N/A,N/A,AMERICAN,100.0,N/A,False,,,,False,,,,False,,,,,,False,,,,,,N/A,N/A,N/A,N/A,N/A,N/A,N/A,N/A,N/A,N/A,N/A,N/A,N/A,N/A,N/A,N/A,N/A,N/A,N/A,N/A,N/A,N/A,N/A
US.NVDA260812C255000,NVDA 260812 255.00C,2026-08-07 15:58:09,0.03,0.03,0.04,0.01,0.045,161.0,332.0,0.0,False,N/A,100,0.01,US.NVDA,0.04,0.01,87.0,130.0,,,,,,,,66.667,0.020621118009999998,19.816,0.0,0.0,0.0,0.0,0.0,0.0,0,0.0,NORMAL,False,,,,,,,,,,,,,,,,,False,,N/A,,,,,,,,,,,,,,,,,,,N/A,,True,CALL,2026-08-12,255.0,100.0,199,56.094,13.873,0.006723673,0.001619897,0.003896252,-0.021531712,0.000126456,N/A,3,N/A,N/A,AMERICAN,100.0,N/A,False,,,,False,,,,False,,,,,,False,,,,,,N/A,N/A,N/A,N/A,N/A,N/A,N/A,N/A,N/A,N/A,N/A,N/A,N/A,N/A,N/A,N/A,N/A,N/A,N/A,N/A,N/A,N/A,N/A
US.NVDA260812P255000,NVDA 260812 255.00P,2026-08-07 13:28:45,33.11,32.89,33.14,32.87,36.0463,22.0,72826.0,0.0,False,N/A,100,0.05,US.NVDA,33.65,29.1,1.0,43.0,,,,,,,,0.749,33.102727272719996,95.455,0.0,0.0,0.0,0.0,0.0,0.0,0,0.0,NORMAL,False,,,,,,,,,,,,,,,,,False,,N/A,,,,,,,,,,,,,,,,,,,N/A,,True,PUT,2026-08-12,255.0,100.0,0,85.647,0.924,-0.945955292,0.006392051,0.022637054,-0.239514157,-0.015198313,N/A,3,N/A,N/A,AMERICAN,100.0,N/A,False,,,,False,,,,False,,,,,,False,,,,,,N/A,N/A,N/A,N/A,N/A,N/A,N/A,N/A,N/A,N/A,N/A,N/A,N/A,N/A,N/A,N/A,N/A,N/A,N/A,N/A,N/A,N/A,N/A
US.NVDA260812C260000,NVDA 260812 260.00C,2026-08-07 15:59:25,0.03,0.04,0.04,0.01,0.0349,2710.0,4938.0,0.0,False,N/A,100,0.01,US.NVDA,0.03,0.01,20.0,6.0,,,,,,,,85.96,0.01822140221,-53.846,0.0,0.0,0.0,0.0,0.0,0.0,0,0.0,NORMAL,False,,,,,,,,,,,,,,,,,False,,N/A,,,,,,,,,,,,,,,,,,,N/A,,True,CALL,2026-08-12,260.0,100.0,67,61.895,16.105,0.005020149,0.001132847,0.003006675,-0.01756565,9.4303e-05,N/A,3,N/A,N/A,AMERICAN,100.0,N/A,False,,,,False,,,,False,,,,,,False,,,,,,N/A,N/A,N/A,N/A,N/A,N/A,N/A,N/A,N/A,N/A,N/A,N/A,N/A,N/A,N/A,N/A,N/A,N/A,N/A,N/A,N/A,N/A,N/A
US.NVDA260812P260000,NVDA 260812 260.00P,2026-08-07 09:33:33,37.82,37.82,37.82,37.82,41.0356,2.0,7564.0,0.0,False,N/A,100,0.05,US.NVDA,37.3,34.85,10.0,10.0,,,,,,,,0.0,37.82,0.0,0.0,0.0,0.0,0.0,0.0,0.0,0,0.0,NORMAL,False,,,,,,,,,,,,,,,,,False,,N/A,,,,,,,,,,,,,,,,,,,N/A,,True,PUT,2026-08-12,260.0,100.0,2,74.0,0.794,-0.98704422,0.002915528,0.006736557,-0.034999999,-0.009211622,N/A,3,N/A,N/A,AMERICAN,100.0,N/A,False,,,,False,,,,False,,,,,,False,,,,,,N/A,N/A,N/A,N/A,N/A,N/A,N/A,N/A,N/A,N/A,N/A,N/A,N/A,N/A,N/A,N/A,N/A,N/A,N/A,N/A,N/A,N/A,N/A
US.NVDA260812C265000,NVDA 260812 265.00C,2026-08-07 15:59:25,0.01,0.04,0.04,0.01,0.0252,13.0,30.0,0.0,False,N/A,100,0.01,US.NVDA,0.01,0.0,431.0,0.0,,,,,,,,119.048,0.023076923069999998,-100.0,0.0,0.0,0.0,0.0,0.0,0.0,0,0.0,NORMAL,False,,,,,,,,,,,,,,,,,False,,N/A,,,,,,,,,,,,,,,,,,,N/A,,True,CALL,2026-08-12,265.0,100.0,48,64.251,18.329,0.002565586,0.000597453,0.001646896,-0.009096096,4.8213e-05,N/A,3,N/A,N/A,AMERICAN,100.0,N/A,False,,,,False,,,,False,,,,,,False,,,,,,N/A,N/A,N/A,N/A,N/A,N/A,N/A,N/A,N/A,N/A,N/A,N/A,N/A,N/A,N/A,N/A,N/A,N/A,N/A,N/A,N/A,N/A,N/A
US.NVDA260812P265000,NVDA 260812 265.00P,2026-08-07 11:32:42,40.65,42.82,42.82,40.65,46.0258,4.0,16694.0,0.0,False,N/A,100,0.05,US.NVDA,42.3,39.85,10.0,10.0,,,,,,,,4.715,41.735,0.0,0.0,0.0,0.0,0.0,0.0,0.0,0,0.0,NORMAL,False,,,,,,,,,,,,,,,,,False,,N/A,,,,,,,,,,,,,,,,,,,N/A,,True,PUT,2026-08-12,265.0,100.0,0,82.052,-0.174,-0.98813402,0.002444424,0.006244582,-0.03499994,-0.009288362,N/A,3,N/A,N/A,AMERICAN,100.0,N/A,False,,,,False,,,,False,,,,,,False,,,,,,N/A,N/A,N/A,N/A,N/A,N/A,N/A,N/A,N/A,N/A,N/A,N/A,N/A,N/A,N/A,N/A,N/A,N/A,N/A,N/A,N/A,N/A,N/A
US.NVDA260812C270000,NVDA 260812 270.00C,2026-08-07 15:55:58,0.01,0.02,0.02,0.01,0.0154,8.0,13.0,0.0,False,N/A,100,0.01,US.NVDA,0.02,0.0,11.0,0.0,,,,,,,,64.935,0.01625,-100.0,0.0,0.0,0.0,0.0,0.0,0.0,0,0.0,NORMAL,False,,,,,,,,,,,,,,,,,False,,N/A,,,,,,,,,,,,,,,,,,,N/A,,True,CALL,2026-08-12,270.0,100.0,104,70.638,20.561,0.002353961,0.000502726,0.001523215,-0.009132889,4.4166e-05,N/A,3,N/A,N/A,AMERICAN,100.0,N/A,False,,,,False,,,,False,,,,,,False,,,,,,N/A,N/A,N/A,N/A,N/A,N/A,N/A,N/A,N/A,N/A,N/A,N/A,N/A,N/A,N/A,N/A,N/A,N/A,N/A,N/A,N/A,N/A,N/A
US.NVDA260812P270000,NVDA 260812 270.00P,2026-08-07 11:32:42,45.66,45.66,45.66,45.66,51.0168,2.0,9132.0,0.0,False,N/A,100,0.05,US.NVDA,48.65,43.6,1.0,1.0,,,,,,,,0.0,45.66,0.0,0.0,0.0,0.0,0.0,0.0,0.0,0,0.0,NORMAL,False,,,,,,,,,,,,,,,,,False,,N/A,,,,,,,,,,,,,,,,,,,N/A,,True,PUT,2026-08-12,270.0,100.0,0,96.521,-0.169,-0.981685462,0.002598683,0.009186711,-0.080182562,-0.01212442,N/A,3,N/A,N/A,AMERICAN,100.0,N/A,False,,,,False,,,,False,,,,,,False,,,,,,N/A,N/A,N/A,N/A,N/A,N/A,N/A,N/A,N/A,N/A,N/A,N/A,N/A,N/A,N/A,N/A,N/A,N/A,N/A,N/A,N/A,N/A,N/A
US.NVDA260812C275000,NVDA 260812 275.00C,2026-08-07 15:29:56,0.01,0.01,0.01,0.01,0.0068,2073.0,2073.0,0.0,False,N/A,100,0.01,US.NVDA,0.01,0.0,18.0,0.0,,,,,,,,0.0,0.01,-100.0,0.0,0.0,0.0,0.0,0.0,0.0,0,0.0,NORMAL,False,,,,,,,,,,,,,,,,,False,,N/A,,,,,,,,,,,,,,,,,,,N/A,,True,CALL,2026-08-12,275.0,100.0,6,76.849,22.794,0.002180515,0.000431139,0.001420956,-0.0091647,4.0848e-05,N/A,3,N/A,N/A,AMERICAN,100.0,N/A,False,,,,False,,,,False,,,,,,False,,,,,,N/A,N/A,N/A,N/A,N/A,N/A,N/A,N/A,N/A,N/A,N/A,N/A,N/A,N/A,N/A,N/A,N/A,N/A,N/A,N/A,N/A,N/A,N/A
US.NVDA260812P275000,NVDA 260812 275.00P,2026-08-07 09:30:00,56.0107,0.0,0.0,0.0,56.0107,0.0,0.0,0.0,False,N/A,100,0.05,US.NVDA,52.3,50.0,10.0,1.0,,,,,,,,0.0,0.0,-81.818,0.0,0.0,0.0,0.0,0.0,0.0,0,0.0,NORMAL,False,,,,,,,,,,,,,,,,,False,,N/A,,,,,,,,,,,,,,,,,,,N/A,,True,PUT,2026-08-12,275.0,100.0,0,107.186,2.219,-0.979993354,0.002450384,0.009928986,-0.101039443,-0.013058309,N/A,3,N/A,N/A,AMERICAN,100.0,N/A,False,,,,False,,,,False,,,,,,False,,,,,,N/A,N/A,N/A,N/A,N/A,N/A,N/A,N/A,N/A,N/A,N/A,N/A,N/A,N/A,N/A,N/A,N/A,N/A,N/A,N/A,N/A,N/A,N/A
US.NVDA260812C280000,NVDA 260812 280.00C,2026-08-07 09:30:00,0.0029,0.0,0.0,0.0,0.0029,0.0,0.0,0.0,False,N/A,100,0.01,US.NVDA,0.01,0.0,20.0,0.0,,,,,,,,0.0,0.0,-100.0,0.0,0.0,0.0,0.0,0.0,0.0,0,0.0,NORMAL,False,,,,,,,,,,,,,,,,,False,,N/A,,,,,,,,,,,,,,,,,,,N/A,,True,CALL,2026-08-12,280.0,100.0,16,74.784,25.023,0.000705953,0.000157922,0.00050702,-0.002753462,1.3253e-05,N/A,3,N/A,N/A,AMERICAN,100.0,N/A,False,,,,False,,,,False,,,,,,False,,,,,,N/A,N/A,N/A,N/A,N/A,N/A,N/A,N/A,N/A,N/A,N/A,N/A,N/A,N/A,N/A,N/A,N/A,N/A,N/A,N/A,N/A,N/A,N/A
US.NVDA260812P280000,NVDA 260812 280.00P,2026-08-07 09:30:00,61.01,0.0,0.0,0.0,61.01,0.0,0.0,0.0,False,N/A,100,0.05,US.NVDA,57.3,54.85,10.0,10.0,,,,,,,,0.0,0.0,0.0,0.0,0.0,0.0,0.0,0.0,0.0,0,0.0,NORMAL,False,,,,,,,,,,,,,,,,,False,,N/A,,,,,,,,,,,,,,,,,,,N/A,,True,PUT,2026-08-12,280.0,100.0,0,104.814,2.219,-0.990338612,0.001615729,0.005223381,-0.034999741,-0.009524669,N/A,3,N/A,N/A,AMERICAN,100.0,N/A,False,,,,False,,,,False,,,,,,False,,,,,,N/A,N/A,N/A,N/A,N/A,N/A,N/A,N/A,N/A,N/A,N/A,N/A,N/A,N/A,N/A,N/A,N/A,N/A,N/A,N/A,N/A,N/A,N/A
US.NVDA260812C285000,NVDA 260812 285.00C,2026-08-07 11:49:56,0.04,0.01,0.04,0.01,0.0012,123.0,192.0,0.0,False,N/A,100,0.01,US.NVDA,0.01,0.0,20.0,0.0,,,,,,,,2500.0,0.01560975609,-100.0,0.0,0.0,0.0,0.0,0.0,0.0,0,0.0,NORMAL,False,,,,,,,,,,,,,,,,,False,,N/A,,,,,,,,,,,,,,,,,,,N/A,,True,CALL,2026-08-12,285.0,100.0,187,101.906,27.272,0.0060566,0.000812919,0.003549644,-0.034815689,0.000112417,N/A,3,N/A,N/A,AMERICAN,100.0,N/A,False,,,,False,,,,False,,,,,,False,,,,,,N/A,N/A,N/A,N/A,N/A,N/A,N/A,N/A,N/A,N/A,N/A,N/A,N/A,N/A,N/A,N/A,N/A,N/A,N/A,N/A,N/A,N/A,N/A
US.NVDA260812P285000,NVDA 260812 285.00P,2026-08-07 09:30:00,66.01,0.0,0.0,0.0,66.01,0.0,0.0,0.0,False,N/A,100,0.05,US.NVDA,62.3,59.85,10.0,10.0,,,,,,,,0.0,0.0,0.0,0.0,0.0,0.0,0.0,0.0,0.0,0,0.0,NORMAL,False,,,,,,,,,,,,,,,,,False,,N/A,,,,,,,,,,,,,,,,,,,N/A,,True,PUT,2026-08-12,285.0,100.0,0,112.0,2.219,-0.990854244,0.001446036,0.004978979,-0.034999884,-0.009604645,N/A,3,N/A,N/A,AMERICAN,100.0,N/A,False,,,,False,,,,False,,,,,,False,,,,,,N/A,N/A,N/A,N/A,N/A,N/A,N/A,N/A,N/A,N/A,N/A,N/A,N/A,N/A,N/A,N/A,N/A,N/A,N/A,N/A,N/A,N/A,N/A
US.NVDA260812C290000,NVDA 260812 290.00C,2026-08-06 09:30:00,0.0005,0.0,0.0,0.0,0.0005,0.0,0.0,0.0,False,N/A,100,0.01,US.NVDA,0.02,0.0,6.0,0.0,,,,,,,,0.0,0.0,-100.0,0.0,0.0,0.0,0.0,0.0,0.0,0,0.0,NORMAL,False,,,,,,,,,,,,,,,,,False,,N/A,,,,,,,,,,,,,,,,,,,N/A,,True,CALL,2026-08-12,290.0,100.0,0,75.864,29.487,0.000133014,3.2951e-05,0.000107519,-0.000488106,2.501e-06,N/A,3,N/A,N/A,AMERICAN,100.0,N/A,False,,,,False,,,,False,,,,,,False,,,,,,N/A,N/A,N/A,N/A,N/A,N/A,N/A,N/A,N/A,N/A,N/A,N/A,N/A,N/A,N/A,N/A,N/A,N/A,N/A,N/A,N/A,N/A,N/A
US.NVDA260812P290000,NVDA 260812 290.00P,2026-08-07 09:30:00,71.01,0.0,0.0,0.0,71.01,0.0,0.0,0.0,False,N/A,100,0.05,US.NVDA,67.3,64.85,10.0,10.0,,,,,,,,0.0,0.0,0.0,0.0,0.0,0.0,0.0,0.0,0.0,0,0.0,NORMAL,False,,,,,,,,,,,,,,,,,False,,N/A,,,,,,,,,,,,,,,,,,,N/A,,True,PUT,2026-08-12,290.0,100.0,0,119.007,2.219,-0.991298959,0.001307072,0.004766324,-0.034999877,-0.009684886,N/A,3,N/A,N/A,AMERICAN,100.0,N/A,False,,,,False,,,,False,,,,,,False,,,,,,N/A,N/A,N/A,N/A,N/A,N/A,N/A,N/A,N/A,N/A,N/A,N/A,N/A,N/A,N/A,N/A,N/A,N/A,N/A,N/A,N/A,N/A,N/A
US.NVDA260812C295000,NVDA 260812 295.00C,2026-08-06 09:30:00,0.0002,0.0,0.0,0.0,0.0002,0.0,0.0,0.0,False,N/A,100,0.01,US.NVDA,0.02,0.0,5.0,0.0,,,,,,,,0.0,0.0,-100.0,0.0,0.0,0.0,0.0,0.0,0.0,0,0.0,NORMAL,False,,,,,,,,,,,,,,,,,False,,N/A,,,,,,,,,,,,,,,,,,,N/A,,True,CALL,2026-08-12,295.0,100.0,0,76.337,31.719,5.5408e-05,1.437e-05,4.7239e-05,-0.000196802,1.042e-06,N/A,3,N/A,N/A,AMERICAN,100.0,N/A,False,,,,False,,,,False,,,,,,False,,,,,,N/A,N/A,N/A,N/A,N/A,N/A,N/A,N/A,N/A,N/A,N/A,N/A,N/A,N/A,N/A,N/A,N/A,N/A,N/A,N/A,N/A,N/A,N/A
US.NVDA260812P295000,NVDA 260812 295.00P,2026-08-07 09:30:00,76.01,0.0,0.0,0.0,76.01,0.0,0.0,0.0,False,N/A,100,0.05,US.NVDA,72.3,69.85,10.0,10.0,,,,,,,,0.0,0.0,0.0,0.0,0.0,0.0,0.0,0.0,0.0,0,0.0,NORMAL,False,,,,,,,,,,,,,,,,,False,,N/A,,,,,,,,,,,,,,,,,,,N/A,,True,PUT,2026-08-12,295.0,100.0,0,125.849,2.219,-0.991686693,0.001191512,0.004579443,-0.034999687,-0.009765268,N/A,3,N/A,N/A,AMERICAN,100.0,N/A,False,,,,False,,,,False,,,,,,False,,,,,,N/A,N/A,N/A,N/A,N/A,N/A,N/A,N/A,N/A,N/A,N/A,N/A,N/A,N/A,N/A,N/A,N/A,N/A,N/A,N/A,N/A,N/A,N/A
US.NVDA260812C300000,NVDA 260812 300.00C,2026-08-06 09:30:00,0.0001,0.0,0.0,0.0,0.0001,0.0,0.0,0.0,False,N/A,100,0.01,US.NVDA,0.02,0.0,13.0,0.0,,,,,,,,0.0,0.0,-100.0,0.0,0.0,0.0,0.0,0.0,0.0,0,0.0,NORMAL,False,,,,,,,,,,,,,,,,,False,,N/A,,,,,,,,,,,,,,,,,,,N/A,,True,CALL,2026-08-12,300.0,100.0,0,77.751,33.952,2.8132e-05,7.434e-06,2.491e-05,-9.8826e-05,5.29e-07,N/A,3,N/A,N/A,AMERICAN,100.0,N/A,False,,,,False,,,,False,,,,,,False,,,,,,N/A,N/A,N/A,N/A,N/A,N/A,N/A,N/A,N/A,N/A,N/A,N/A,N/A,N/A,N/A,N/A,N/A,N/A,N/A,N/A,N/A,N/A,N/A
US.NVDA260812P300000,NVDA 260812 300.00P,2026-08-07 09:30:00,81.01,0.0,0.0,0.0,81.01,0.0,0.0,0.0,False,N/A,100,0.05,US.NVDA,77.3,74.85,1.0,10.0,,,,,,,,0.0,0.0,81.818,0.0,0.0,0.0,0.0,0.0,0.0,0,0.0,NORMAL,False,,,,,,,,,,,,,,,,,False,,N/A,,,,,,,,,,,,,,,,,,,N/A,,True,PUT,2026-08-12,300.0,100.0,0,132.534,2.219,-0.992027853,0.001094141,0.004413826,-0.034999773,-0.00984573,N/A,3,N/A,N/A,AMERICAN,100.0,N/A,False,,,,False,,,,False,,,,,,False,,,,,,N/A,N/A,N/A,N/A,N/A,N/A,N/A,N/A,N/A,N/A,N/A,N/A,N/A,N/A,N/A,N/A,N/A,N/A,N/A,N/A,N/A,N/A,N/A
US.NVDA260812C310000,NVDA 260812 310.00C,2026-08-06 09:30:00,0.0001,0.0,0.0,0.0,0.0001,0.0,0.0,0.0,False,N/A,100,0.01,US.NVDA,0.02,0.0,14.0,0.0,,,,,,,,0.0,0.0,-100.0,0.0,0.0,0.0,0.0,0.0,0.0,0,0.0,NORMAL,False,,,,,,,,,,,,,,,,,False,,N/A,,,,,,,,,,,,,,,,,,,N/A,,True,CALL,2026-08-12,310.0,100.0,0,85.936,38.417,2.5608e-05,6.152e-06,2.2765e-05,-9.8883e-05,4.81e-07,N/A,3,N/A,N/A,AMERICAN,100.0,N/A,False,,,,False,,,,False,,,,,,False,,,,,,N/A,N/A,N/A,N/A,N/A,N/A,N/A,N/A,N/A,N/A,N/A,N/A,N/A,N/A,N/A,N/A,N/A,N/A,N/A,N/A,N/A,N/A,N/A
US.NVDA260812P310000,NVDA 260812 310.00P,2026-08-07 09:30:00,91.01,0.0,0.0,0.0,91.01,0.0,0.0,0.0,False,N/A,100,0.05,US.NVDA,87.3,84.85,10.0,10.0,,,,,,,,0.0,0.0,0.0,0.0,0.0,0.0,0.0,0.0,0.0,0,0.0,NORMAL,False,,,,,,,,,,,,,,,,,False,,N/A,,,,,,,,,,,,,,,,,,,N/A,,True,PUT,2026-08-12,310.0,100.0,0,145.47,2.219,-0.992600911,0.000939699,0.004133007,-0.034999975,-0.010006508,N/A,3,N/A,N/A,AMERICAN,100.0,N/A,False,,,,False,,,,False,,,,,,False,,,,,,N/A,N/A,N/A,N/A,N/A,N/A,N/A,N/A,N/A,N/A,N/A,N/A,N/A,N/A,N/A,N/A,N/A,N/A,N/A,N/A,N/A,N/A,N/A
US.NVDA260812C320000,NVDA 260812 320.00C,2026-08-06 09:30:00,0.0001,0.0,0.0,0.0,0.0001,0.0,0.0,0.0,False,N/A,100,0.01,US.NVDA,0.02,0.0,14.0,0.0,,,,,,,,0.0,0.0,-100.0,0.0,0.0,0.0,0.0,0.0,0.0,0,0.0,NORMAL,False,,,,,,,,,,,,,,,,,False,,N/A,,,,,,,,,,,,,,,,,,,N/A,,True,CALL,2026-08-12,320.0,100.0,0,93.812,42.882,2.3585e-05,5.213e-06,2.1041e-05,-9.8931e-05,4.42e-07,N/A,3,N/A,N/A,AMERICAN,100.0,N/A,False,,,,False,,,,False,,,,,,False,,,,,,N/A,N/A,N/A,N/A,N/A,N/A,N/A,N/A,N/A,N/A,N/A,N/A,N/A,N/A,N/A,N/A,N/A,N/A,N/A,N/A,N/A,N/A,N/A
US.NVDA260812P320000,NVDA 260812 320.00P,2026-08-07 09:30:00,101.01,0.0,0.0,0.0,101.01,0.0,0.0,0.0,False,N/A,100,0.05,US.NVDA,97.3,95.0,10.0,10.0,,,,,,,,0.0,0.0,0.0,0.0,0.0,0.0,0.0,0.0,0.0,0,0.0,NORMAL,False,,,,,,,,,,,,,,,,,False,,N/A,,,,,,,,,,,,,,,,,,,N/A,,True,PUT,2026-08-12,320.0,100.0,0,171.509,2.219,-0.986344324,0.001122986,0.007159271,-0.1059443,-0.014291415,N/A,3,N/A,N/A,AMERICAN,100.0,N/A,False,,,,False,,,,False,,,,,,False,,,,,,N/A,N/A,N/A,N/A,N/A,N/A,N/A,N/A,N/A,N/A,N/A,N/A,N/A,N/A,N/A,N/A,N/A,N/A,N/A,N/A,N/A,N/A,N/A
US.NVDA260812C330000,NVDA 260812 330.00C,2026-08-06 09:30:00,0.0001,0.0,0.0,0.0,0.0001,0.0,0.0,0.0,False,N/A,100,0.01,US.NVDA,0.02,0.0,14.0,0.0,,,,,,,,0.0,0.0,-100.0,0.0,0.0,0.0,0.0,0.0,0.0,0,0.0,NORMAL,False,,,,,,,,,,,,,,,,,False,,N/A,,,,,,,,,,,,,,,,,,,N/A,,True,CALL,2026-08-12,330.0,100.0,0,101.404,47.347,2.1926e-05,4.5e-06,1.9624e-05,-9.8972e-05,4.1e-07,N/A,3,N/A,N/A,AMERICAN,100.0,N/A,False,,,,False,,,,False,,,,,,False,,,,,,N/A,N/A,N/A,N/A,N/A,N/A,N/A,N/A,N/A,N/A,N/A,N/A,N/A,N/A,N/A,N/A,N/A,N/A,N/A,N/A,N/A,N/A,N/A
US.NVDA260812P330000,NVDA 260812 330.00P,2026-08-07 09:30:00,111.01,0.0,0.0,0.0,111.01,0.0,0.0,0.0,False,N/A,100,0.05,US.NVDA,107.3,104.85,10.0,10.0,,,,,,,,0.0,0.0,0.0,0.0,0.0,0.0,0.0,0.0,0.0,0,0.0,NORMAL,False,,,,,,,,,,,,,,,,,False,,N/A,,,,,,,,,,,,,,,,,,,N/A,,True,PUT,2026-08-12,330.0,100.0,0,169.798,2.219,-0.993446031,0.000732854,0.003712382,-0.034999912,-0.010325916,N/A,3,N/A,N/A,AMERICAN,100.0,N/A,False,,,,False,,,,False,,,,,,False,,,,,,N/A,N/A,N/A,N/A,N/A,N/A,N/A,N/A,N/A,N/A,N/A,N/A,N/A,N/A,N/A,N/A,N/A,N/A,N/A,N/A,N/A,N/A,N/A
US.NVDA260812C340000,NVDA 260812 340.00C,2026-08-06 09:30:00,0.0001,0.0,0.0,0.0,0.0001,0.0,0.0,0.0,False,N/A,100,0.01,US.NVDA,0.02,0.0,5.0,0.0,,,,,,,,0.0,0.0,-100.0,0.0,0.0,0.0,0.0,0.0,0.0,0,0.0,NORMAL,False,,,,,,,,,,,,,,,,,False,,N/A,,,,,,,,,,,,,,,,,,,N/A,,True,CALL,2026-08-12,340.0,100.0,0,108.733,51.812,2.0539e-05,3.944e-06,1.8436e-05,-9.9008e-05,3.84e-07,N/A,3,N/A,N/A,AMERICAN,100.0,N/A,False,,,,False,,,,False,,,,,,False,,,,,,N/A,N/A,N/A,N/A,N/A,N/A,N/A,N/A,N/A,N/A,N/A,N/A,N/A,N/A,N/A,N/A,N/A,N/A,N/A,N/A,N/A,N/A,N/A
US.NVDA260812P340000,NVDA 260812 340.00P,2026-08-07 09:30:00,121.01,0.0,0.0,0.0,121.01,0.0,0.0,0.0,False,N/A,100,0.05,US.NVDA,117.3,115.0,10.0,10.0,,,,,,,,0.0,0.0,0.0,0.0,0.0,0.0,0.0,0.0,0.0,0,0.0,NORMAL,False,,,,,,,,,,,,,,,,,False,,N/A,,,,,,,,,,,,,,,,,,,N/A,,True,PUT,2026-08-12,340.0,100.0,0,196.244,2.219,-0.987709266,0.000902585,0.006534845,-0.107133571,-0.014821425,N/A,3,N/A,N/A,AMERICAN,100.0,N/A,False,,,,False,,,,False,,,,,,False,,,,,,N/A,N/A,N/A,N/A,N/A,N/A,N/A,N/A,N/A,N/A,N/A,N/A,N/A,N/A,N/A,N/A,N/A,N/A,N/A,N/A,N/A,N/A,N/A
US.NVDA260812C350000,NVDA 260812 350.00C,2026-08-06 09:30:00,0.0001,0.0,0.0,0.0,0.0001,0.0,0.0,0.0,False,N/A,100,0.01,US.NVDA,0.02,0.0,14.0,0.0,,,,,,,,0.0,0.0,-100.0,0.0,0.0,0.0,0.0,0.0,0.0,0,0.0,NORMAL,False,,,,,,,,,,,,,,,,,False,,N/A,,,,,,,,,,,,,,,,,,,N/A,,True,CALL,2026-08-12,350.0,100.0,0,115.817,56.277,1.9361e-05,3.501e-06,1.7425e-05,-9.9041e-05,3.61e-07,N/A,3,N/A,N/A,AMERICAN,100.0,N/A,False,,,,False,,,,False,,,,,,False,,,,,,N/A,N/A,N/A,N/A,N/A,N/A,N/A,N/A,N/A,N/A,N/A,N/A,N/A,N/A,N/A,N/A,N/A,N/A,N/A,N/A,N/A,N/A,N/A
US.NVDA260812P350000,NVDA 260812 350.00P,2026-08-07 09:30:00,131.01,0.0,0.0,0.0,131.01,0.0,0.0,0.0,False,N/A,100,0.05,US.NVDA,127.3,124.85,10.0,10.0,,,,,,,,0.0,0.0,0.0,0.0,0.0,0.0,0.0,0.0,0.0,0,0.0,NORMAL,False,,,,,,,,,,,,,,,,,False,,N/A,,,,,,,,,,,,,,,,,,,N/A,,True,PUT,2026-08-12,350.0,100.0,0,192.359,2.219,-0.994040528,0.000602328,0.003411388,-0.034999855,-0.010640788,N/A,3,N/A,N/A,AMERICAN,100.0,N/A,False,,,,False,,,,False,,,,,,False,,,,,,N/A,N/A,N/A,N/A,N/A,N/A,N/A,N/A,N/A,N/A,N/A,N/A,N/A,N/A,N/A,N/A,N/A,N/A,N/A,N/A,N/A,N/A,N/A
US.NVDA260812C360000,NVDA 260812 360.00C,2026-08-06 09:30:00,0.0001,0.0,0.0,0.0,0.0001,0.0,0.0,0.0,False,N/A,100,0.01,US.NVDA,0.02,0.0,14.0,0.0,,,,,,,,0.0,0.0,-100.0,0.0,0.0,0.0,0.0,0.0,0.0,0,0.0,NORMAL,False,,,,,,,,,,,,,,,,,False,,N/A,,,,,,,,,,,,,,,,,,,N/A,,True,CALL,2026-08-12,360.0,100.0,0,122.673,60.742,1.8348e-05,3.141e-06,1.6554e-05,-9.907e-05,3.42e-07,N/A,3,N/A,N/A,AMERICAN,100.0,N/A,False,,,,False,,,,False,,,,,,False,,,,,,N/A,N/A,N/A,N/A,N/A,N/A,N/A,N/A,N/A,N/A,N/A,N/A,N/A,N/A,N/A,N/A,N/A,N/A,N/A,N/A,N/A,N/A,N/A
US.NVDA260812P360000,NVDA 260812 360.00P,2026-08-07 09:30:00,141.01,0.0,0.0,0.0,141.01,0.0,0.0,0.0,False,N/A,100,0.05,US.NVDA,137.3,134.85,10.0,10.0,,,,,,,,0.0,0.0,0.0,0.0,0.0,0.0,0.0,0.0,0.0,0,0.0,NORMAL,False,,,,,,,,,,,,,,,,,False,,N/A,,,,,,,,,,,,,,,,,,,N/A,,True,PUT,2026-08-12,360.0,100.0,0,203.063,2.219,-0.994276464,0.000553965,0.003290649,-0.034999867,-0.010796177,N/A,3,N/A,N/A,AMERICAN,100.0,N/A,False,,,,False,,,,False,,,,,,False,,,,,,N/A,N/A,N/A,N/A,N/A,N/A,N/A,N/A,N/A,N/A,N/A,N/A,N/A,N/A,N/A,N/A,N/A,N/A,N/A,N/A,N/A,N/A,N/A
US.NVDA260812C370000,NVDA 260812 370.00C,2026-08-06 09:30:00,0.0001,0.0,0.0,0.0,0.0001,0.0,0.0,0.0,False,N/A,100,0.01,US.NVDA,0.02,0.0,25.0,0.0,,,,,,,,0.0,0.0,-100.0,0.0,0.0,0.0,0.0,0.0,0.0,0,0.0,NORMAL,False,,,,,,,,,,,,,,,,,False,,N/A,,,,,,,,,,,,,,,,,,,N/A,,True,CALL,2026-08-12,370.0,100.0,26,129.314,65.208,1.7467e-05,2.844e-06,1.5794e-05,-9.9095e-05,3.25e-07,N/A,3,N/A,N/A,AMERICAN,100.0,N/A,False,,,,False,,,,False,,,,,,False,,,,,,N/A,N/A,N/A,N/A,N/A,N/A,N/A,N/A,N/A,N/A,N/A,N/A,N/A,N/A,N/A,N/A,N/A,N/A,N/A,N/A,N/A,N/A,N/A
US.NVDA260812P370000,NVDA 260812 370.00P,2026-08-07 09:30:00,151.01,0.0,0.0,0.0,151.01,0.0,0.0,0.0,False,N/A,100,0.05,US.NVDA,147.3,145.0,10.0,10.0,,,,,,,,0.0,0.0,0.0,0.0,0.0,0.0,0.0,0.0,0.0,0,0.0,NORMAL,False,,,,,,,,,,,,,,,,,False,,N/A,,,,,,,,,,,,,,,,,,,N/A,,True,PUT,2026-08-12,370.0,100.0,0,230.072,2.219,-0.98910909,0.000700624,0.005881411,-0.108364125,-0.015595618,N/A,3,N/A,N/A,AMERICAN,100.0,N/A,False,,,,False,,,,False,,,,,,False,,,,,,N/A,N/A,N/A,N/A,N/A,N/A,N/A,N/A,N/A,N/A,N/A,N/A,N/A,N/A,N/A,N/A,N/A,N/A,N/A,N/A,N/A,N/A,N/A
US.NVDA260812C380000,NVDA 260812 380.00C,2026-08-06 09:30:00,0.0001,0.0,0.0,0.0,0.0001,0.0,0.0,0.0,False,N/A,100,0.01,US.NVDA,0.02,0.0,14.0,0.0,,,,,,,,0.0,0.0,-100.0,0.0,0.0,0.0,0.0,0.0,0.0,0,0.0,NORMAL,False,,,,,,,,,,,,,,,,,False,,N/A,,,,,,,,,,,,,,,,,,,N/A,,True,CALL,2026-08-12,380.0,100.0,0,135.756,69.673,1.6692e-05,2.595e-06,1.5125e-05,-9.9119e-05,3.1e-07,N/A,3,N/A,N/A,AMERICAN,100.0,N/A,False,,,,False,,,,False,,,,,,False,,,,,,N/A,N/A,N/A,N/A,N/A,N/A,N/A,N/A,N/A,N/A,N/A,N/A,N/A,N/A,N/A,N/A,N/A,N/A,N/A,N/A,N/A,N/A,N/A
US.NVDA260812P380000,NVDA 260812 380.00P,2026-08-07 09:30:00,161.01,0.0,0.0,0.0,161.01,0.0,0.0,0.0,False,N/A,100,0.05,US.NVDA,157.3,154.85,10.0,10.0,,,,,,,,0.0,0.0,0.0,0.0,0.0,0.0,0.0,0.0,0.0,0,0.0,NORMAL,False,,,,,,,,,,,,,,,,,False,,N/A,,,,,,,,,,,,,,,,,,,N/A,,True,PUT,2026-08-12,380.0,100.0,0,223.452,2.219,-0.994662955,0.000478964,0.003091158,-0.034999988,-0.011102536,N/A,3,N/A,N/A,AMERICAN,100.0,N/A,False,,,,False,,,,False,,,,,,False,,,,,,N/A,N/A,N/A,N/A,N/A,N/A,N/A,N/A,N/A,N/A,N/A,N/A,N/A,N/A,N/A,N/A,N/A,N/A,N/A,N/A,N/A,N/A,N/A
US.NVDA260812C390000,NVDA 260812 390.00C,2026-08-06 09:30:00,0.0001,0.0,0.0,0.0,0.0001,0.0,0.0,0.0,False,N/A,100,0.01,US.NVDA,0.02,0.0,14.0,0.0,,,,,,,,0.0,0.0,-100.0,0.0,0.0,0.0,0.0,0.0,0.0,0,0.0,NORMAL,False,,,,,,,,,,,,,,,,,False,,N/A,,,,,,,,,,,,,,,,,,,N/A,,True,CALL,2026-08-12,390.0,100.0,2,142.009,74.138,1.6006e-05,2.383e-06,1.4532e-05,-9.9141e-05,2.97e-07,N/A,3,N/A,N/A,AMERICAN,100.0,N/A,False,,,,False,,,,False,,,,,,False,,,,,,N/A,N/A,N/A,N/A,N/A,N/A,N/A,N/A,N/A,N/A,N/A,N/A,N/A,N/A,N/A,N/A,N/A,N/A,N/A,N/A,N/A,N/A,N/A
US.NVDA260812P390000,NVDA 260812 390.00P,2026-08-07 09:30:00,171.01,0.0,0.0,0.0,171.01,0.0,0.0,0.0,False,N/A,100,0.05,US.NVDA,167.3,164.85,10.0,10.0,,,,,,,,0.0,0.0,0.0,0.0,0.0,0.0,0.0,0.0,0.0,0,0.0,NORMAL,False,,,,,,,,,,,,,,,,,False,,N/A,,,,,,,,,,,,,,,,,,,N/A,,True,PUT,2026-08-12,390.0,100.0,0,233.182,2.219,-0.994823263,0.000449398,0.003007753,-0.03499999,-0.011253439,N/A,3,N/A,N/A,AMERICAN,100.0,N/A,False,,,,False,,,,False,,,,,,False,,,,,,N/A,N/A,N/A,N/A,N/A,N/A,N/A,N/A,N/A,N/A,N/A,N/A,N/A,N/A,N/A,N/A,N/A,N/A,N/A,N/A,N/A,N/A,N/A
US.NVDA260814C50000,NVDA 260814 50.00C,2026-08-07 09:30:00,168.99,0.0,0.0,0.0,168.99,0.0,0.0,0.0,False,N/A,100,0.05,US.NVDA,176.75,169.65,1.0,1.0,,,,,,,,0.0,0.0,0.0,0.0,0.0,0.0,0.0,0.0,0.0,0,0.0,NORMAL,False,,,,,,,,,,,,,,,,,False,,N/A,,,,,,,,,,,,,,,,,,,N/A,,True,CALL,2026-08-14,50.0,100.0,1,0.0,-2.219,0.0,0.0,0.0,0.0,0.0,N/A,5,N/A,N/A,AMERICAN,100.0,N/A,False,,,,False,,,,False,,,,,,False,,,,,,N/A,N/A,N/A,N/A,N/A,N/A,N/A,N/A,N/A,N/A,N/A,N/A,N/A,N/A,N/A,N/A,N/A,N/A,N/A,N/A,N/A,N/A,N/A
US.NVDA260814P50000,NVDA 260814 50.00P,2026-08-03 09:30:00,0.0001,0.0,0.0,0.0,0.0001,0.0,0.0,0.0,False,N/A,100,0.01,US.NVDA,0.01,0.0,1000.0,0.0,,,,,,,,0.0,0.0,-100.0,0.0,0.0,0.0,0.0,0.0,0.0,0,0.0,NORMAL,False,,,,,,,,,,,,,,,,,False,,N/A,,,,,,,,,,,,,,,,,,,N/A,,True,PUT,2026-08-14,50.0,100.0,1,300.111,77.674,-5.484e-06,3.15e-07,6.708e-06,-9.0636e-05,8.34e-07,N/A,5,N/A,N/A,AMERICAN,100.0,N/A,False,,,,False,,,,False,,,,,,False,,,,,,N/A,N/A,N/A,N/A,N/A,N/A,N/A,N/A,N/A,N/A,N/A,N/A,N/A,N/A,N/A,N/A,N/A,N/A,N/A,N/A,N/A,N/A,N/A
US.NVDA260814C55000,NVDA 260814 55.00C,2026-08-07 14:53:16,167.44,167.44,167.44,167.44,163.99,5.0,83720.0,0.0,False,N/A,100,0.05,US.NVDA,171.7,166.05,1.0,1.0,,,,,,,,0.0,167.44,0.0,0.0,0.0,0.0,0.0,0.0,0.0,0,0.0,NORMAL,False,,,,,,,,,,,,,,,,,False,,N/A,,,,,,,,,,,,,,,,,,,N/A,,True,CALL,2026-08-14,55.0,100.0,0,0.0,-0.678,0.0,0.0,0.0,0.0,0.0,N/A,5,N/A,N/A,AMERICAN,100.0,N/A,False,,,,False,,,,False,,,,,,False,,,,,,N/A,N/A,N/A,N/A,N/A,N/A,N/A,N/A,N/A,N/A,N/A,N/A,N/A,N/A,N/A,N/A,N/A,N/A,N/A,N/A,N/A,N/A,N/A
US.NVDA260814P55000,NVDA 260814 55.00P,2026-08-04 09:30:00,0.0001,0.0,0.0,0.0,0.0001,0.0,0.0,0.0,False,N/A,100,0.01,US.NVDA,0.01,0.0,1000.0,0.0,,,,,,,,0.0,0.0,-100.0,0.0,0.0,0.0,0.0,0.0,0.0,0,0.0,NORMAL,False,,,,,,,,,,,,,,,,,False,,N/A,,,,,,,,,,,,,,,,,,,N/A,,True,PUT,2026-08-14,55.0,100.0,1,281.247,75.442,-5.858e-06,3.58e-07,7.144e-06,-9.0574e-05,8.68e-07,N/A,5,N/A,N/A,AMERICAN,100.0,N/A,False,,,,False,,,,False,,,,,,False,,,,,,N/A,N/A,N/A,N/A,N/A,N/A,N/A,N/A,N/A,N/A,N/A,N/A,N/A,N/A,N/A,N/A,N/A,N/A,N/A,N/A,N/A,N/A,N/A
US.NVDA260814C60000,NVDA 260814 60.00C,2026-08-07 09:30:00,158.99,0.0,0.0,0.0,158.99,0.0,0.0,0.0,False,N/A,100,0.05,US.NVDA,166.75,161.1,1.0,3.0,,,,,,,,0.0,0.0,50.0,0.0,0.0,0.0,0.0,0.0,0.0,0,0.0,NORMAL,False,,,,,,,,,,,,,,,,,False,,N/A,,,,,,,,,,,,,,,,,,,N/A,,True,CALL,2026-08-14,60.0,100.0,10,0.0,-2.219,0.0,0.0,0.0,0.0,0.0,N/A,5,N/A,N/A,AMERICAN,100.0,N/A,False,,,,False,,,,False,,,,,,False,,,,,,N/A,N/A,N/A,N/A,N/A,N/A,N/A,N/A,N/A,N/A,N/A,N/A,N/A,N/A,N/A,N/A,N/A,N/A,N/A,N/A,N/A,N/A,N/A
US.NVDA260814P60000,NVDA 260814 60.00P,2026-08-03 09:30:00,0.0001,0.0,0.0,0.0,0.0001,0.0,0.0,0.0,False,N/A,100,0.01,US.NVDA,0.01,0.0,1024.0,0.0,,,,,,,,0.0,0.0,-100.0,0.0,0.0,0.0,0.0,0.0,0.0,0,0.0,NORMAL,False,,,,,,,,,,,,,,,,,False,,N/A,,,,,,,,,,,,,,,,,,,N/A,,True,PUT,2026-08-14,60.0,100.0,11,264.052,73.209,-6.244e-06,4.05e-07,7.592e-06,-9.0506e-05,9.01e-07,N/A,5,N/A,N/A,AMERICAN,100.0,N/A,False,,,,False,,,,False,,,,,,False,,,,,,N/A,N/A,N/A,N/A,N/A,N/A,N/A,N/A,N/A,N/A,N/A,N/A,N/A,N/A,N/A,N/A,N/A,N/A,N/A,N/A,N/A,N/A,N/A
US.NVDA260814C65000,NVDA 260814 65.00C,2026-08-07 11:49:33,159.54,159.54,159.54,159.54,153.99,10.0,159540.0,0.0,False,N/A,100,0.05,US.NVDA,161.75,154.65,1.0,1.0,,,,,,,,0.0,159.54,0.0,0.0,0.0,0.0,0.0,0.0,0.0,0,0.0,NORMAL,False,,,,,,,,,,,,,,,,,False,,N/A,,,,,,,,,,,,,,,,,,,N/A,,True,CALL,2026-08-14,65.0,100.0,10,0.0,0.258,0.0,0.0,0.0,0.0,0.0,N/A,5,N/A,N/A,AMERICAN,100.0,N/A,False,,,,False,,,,False,,,,,,False,,,,,,N/A,N/A,N/A,N/A,N/A,N/A,N/A,N/A,N/A,N/A,N/A,N/A,N/A,N/A,N/A,N/A,N/A,N/A,N/A,N/A,N/A,N/A,N/A
US.NVDA260814P65000,NVDA 260814 65.00P,2026-08-03 09:30:00,0.0001,0.0,0.0,0.0,0.0001,0.0,0.0,0.0,False,N/A,100,0.01,US.NVDA,0.02,0.0,18.0,0.0,,,,,,,,0.0,0.0,-100.0,0.0,0.0,0.0,0.0,0.0,0.0,0,0.0,NORMAL,False,,,,,,,,,,,,,,,,,False,,N/A,,,,,,,,,,,,,,,,,,,N/A,,True,PUT,2026-08-14,65.0,100.0,1,248.255,70.976,-6.643e-06,4.58e-07,8.056e-06,-9.0433e-05,9.35e-07,N/A,5,N/A,N/A,AMERICAN,100.0,N/A,False,,,,False,,,,False,,,,,,False,,,,,,N/A,N/A,N/A,N/A,N/A,N/A,N/A,N/A,N/A,N/A,N/A,N/A,N/A,N/A,N/A,N/A,N/A,N/A,N/A,N/A,N/A,N/A,N/A
US.NVDA260814C70000,NVDA 260814 70.00C,2026-08-07 09:30:00,148.99,0.0,0.0,0.0,148.99,0.0,0.0,0.0,False,N/A,100,0.05,US.NVDA,156.8,149.7,1.0,1.0,,,,,,,,0.0,0.0,0.0,0.0,0.0,0.0,0.0,0.0,0.0,0,0.0,NORMAL,False,,,,,,,,,,,,,,,,,False,,N/A,,,,,,,,,,,,,,,,,,,N/A,,True,CALL,2026-08-14,70.0,100.0,0,0.0,-2.219,0.0,0.0,0.0,0.0,0.0,N/A,5,N/A,N/A,AMERICAN,100.0,N/A,False,,,,False,,,,False,,,,,,False,,,,,,N/A,N/A,N/A,N/A,N/A,N/A,N/A,N/A,N/A,N/A,N/A,N/A,N/A,N/A,N/A,N/A,N/A,N/A,N/A,N/A,N/A,N/A,N/A
US.NVDA260814P70000,NVDA 260814 70.00P,2026-08-03 09:30:00,0.0001,0.0,0.0,0.0,0.0001,0.0,0.0,0.0,False,N/A,100,0.01,US.NVDA,0.02,0.0,16.0,0.0,,,,,,,,0.0,0.0,-100.0,0.0,0.0,0.0,0.0,0.0,0.0,0,0.0,NORMAL,False,,,,,,,,,,,,,,,,,False,,N/A,,,,,,,,,,,,,,,,,,,N/A,,True,PUT,2026-08-14,70.0,100.0,22,233.644,68.744,-7.06e-06,5.15e-07,8.537e-06,-9.0354e-05,9.7e-07,N/A,5,N/A,N/A,AMERICAN,100.0,N/A,False,,,,False,,,,False,,,,,,False,,,,,,N/A,N/A,N/A,N/A,N/A,N/A,N/A,N/A,N/A,N/A,N/A,N/A,N/A,N/A,N/A,N/A,N/A,N/A,N/A,N/A,N/A,N/A,N/A
US.NVDA260814C75000,NVDA 260814 75.00C,2026-08-07 14:35:47,146.89,146.89,146.89,146.89,143.99,4.0,58756.0,0.0,False,N/A,100,0.05,US.NVDA,151.75,146.1,1.0,3.0,,,,,,,,0.0,146.89,50.0,0.0,0.0,0.0,0.0,0.0,0.0,0,0.0,NORMAL,False,,,,,,,,,,,,,,,,,False,,N/A,,,,,,,,,,,,,,,,,,,N/A,,True,CALL,2026-08-14,75.0,100.0,5,0.0,-0.924,0.0,0.0,0.0,0.0,0.0,N/A,5,N/A,N/A,AMERICAN,100.0,N/A,False,,,,False,,,,False,,,,,,False,,,,,,N/A,N/A,N/A,N/A,N/A,N/A,N/A,N/A,N/A,N/A,N/A,N/A,N/A,N/A,N/A,N/A,N/A,N/A,N/A,N/A,N/A,N/A,N/A
US.NVDA260814P75000,NVDA 260814 75.00P,2026-08-03 09:30:00,0.0001,0.0,0.0,0.0,0.0001,0.0,0.0,0.0,False,N/A,100,0.01,US.NVDA,0.02,0.0,16.0,0.0,,,,,,,,0.0,0.0,-100.0,0.0,0.0,0.0,0.0,0.0,0.0,0,0.0,NORMAL,False,,,,,,,,,,,,,,,,,False,,N/A,,,,,,,,,,,,,,,,,,,N/A,,True,PUT,2026-08-14,75.0,100.0,73,220.051,66.511,-7.495e-06,5.79e-07,9.038e-06,-9.027e-05,1.005e-06,N/A,5,N/A,N/A,AMERICAN,100.0,N/A,False,,,,False,,,,False,,,,,,False,,,,,,N/A,N/A,N/A,N/A,N/A,N/A,N/A,N/A,N/A,N/A,N/A,N/A,N/A,N/A,N/A,N/A,N/A,N/A,N/A,N/A,N/A,N/A,N/A
US.NVDA260814C80000,NVDA 260814 80.00C,2026-08-07 09:30:00,138.99,0.0,0.0,0.0,138.99,0.0,0.0,0.0,False,N/A,100,0.05,US.NVDA,146.75,141.05,1.0,2.0,,,,,,,,0.0,0.0,33.333,0.0,0.0,0.0,0.0,0.0,0.0,0,0.0,NORMAL,False,,,,,,,,,,,,,,,,,False,,N/A,,,,,,,,,,,,,,,,,,,N/A,,True,CALL,2026-08-14,80.0,100.0,5,0.0,-2.219,0.0,0.0,0.0,0.0,0.0,N/A,5,N/A,N/A,AMERICAN,100.0,N/A,False,,,,False,,,,False,,,,,,False,,,,,,N/A,N/A,N/A,N/A,N/A,N/A,N/A,N/A,N/A,N/A,N/A,N/A,N/A,N/A,N/A,N/A,N/A,N/A,N/A,N/A,N/A,N/A,N/A
US.NVDA260814P80000,NVDA 260814 80.00P,2026-08-03 09:30:00,0.0001,0.0,0.0,0.0,0.0001,0.0,0.0,0.0,False,N/A,100,0.01,US.NVDA,0.02,0.0,16.0,0.0,,,,,,,,0.0,0.0,-100.0,0.0,0.0,0.0,0.0,0.0,0.0,0,0.0,NORMAL,False,,,,,,,,,,,,,,,,,False,,N/A,,,,,,,,,,,,,,,,,,,N/A,,True,PUT,2026-08-14,80.0,100.0,49,207.342,64.279,-7.951e-06,6.5e-07,9.562e-06,-9.0181e-05,1.041e-06,N/A,5,N/A,N/A,AMERICAN,100.0,N/A,False,,,,False,,,,False,,,,,,False,,,,,,N/A,N/A,N/A,N/A,N/A,N/A,N/A,N/A,N/A,N/A,N/A,N/A,N/A,N/A,N/A,N/A,N/A,N/A,N/A,N/A,N/A,N/A,N/A
US.NVDA260814C85000,NVDA 260814 85.00C,2026-08-07 09:30:00,133.99,0.0,0.0,0.0,133.99,0.0,0.0,0.0,False,N/A,100,0.05,US.NVDA,141.75,136.05,1.0,2.0,,,,,,,,0.0,0.0,33.333,0.0,0.0,0.0,0.0,0.0,0.0,0,0.0,NORMAL,False,,,,,,,,,,,,,,,,,False,,N/A,,,,,,,,,,,,,,,,,,,N/A,,True,CALL,2026-08-14,85.0,100.0,39,0.0,-2.219,0.0,0.0,0.0,0.0,0.0,N/A,5,N/A,N/A,AMERICAN,100.0,N/A,False,,,,False,,,,False,,,,,,False,,,,,,N/A,N/A,N/A,N/A,N/A,N/A,N/A,N/A,N/A,N/A,N/A,N/A,N/A,N/A,N/A,N/A,N/A,N/A,N/A,N/A,N/A,N/A,N/A
US.NVDA260814P85000,NVDA 260814 85.00P,2026-08-05 09:30:00,0.0001,0.0,0.0,0.0,0.0001,0.0,0.0,0.0,False,N/A,100,0.01,US.NVDA,0.01,0.0,10.0,0.0,,,,,,,,0.0,0.0,-100.0,0.0,0.0,0.0,0.0,0.0,0.0,0,0.0,NORMAL,False,,,,,,,,,,,,,,,,,False,,N/A,,,,,,,,,,,,,,,,,,,N/A,,True,PUT,2026-08-14,85.0,100.0,333,195.408,62.046,-8.432e-06,7.29e-07,1.0113e-05,-9.0087e-05,1.078e-06,N/A,5,N/A,N/A,AMERICAN,100.0,N/A,False,,,,False,,,,False,,,,,,False,,,,,,N/A,N/A,N/A,N/A,N/A,N/A,N/A,N/A,N/A,N/A,N/A,N/A,N/A,N/A,N/A,N/A,N/A,N/A,N/A,N/A,N/A,N/A,N/A
US.NVDA260814C90000,NVDA 260814 90.00C,2026-08-07 11:56:24,134.39,134.39,134.39,134.39,128.99,1.0,13439.0,0.0,False,N/A,100,0.05,US.NVDA,136.8,130.9,1.0,1.0,,,,,,,,0.0,134.39,0.0,0.0,0.0,0.0,0.0,0.0,0.0,0,0.0,NORMAL,False,,,,,,,,,,,,,,,,,False,,N/A,,,,,,,,,,,,,,,,,,,N/A,,True,CALL,2026-08-14,90.0,100.0,5,0.0,0.191,0.0,0.0,0.0,0.0,0.0,N/A,5,N/A,N/A,AMERICAN,100.0,N/A,False,,,,False,,,,False,,,,,,False,,,,,,N/A,N/A,N/A,N/A,N/A,N/A,N/A,N/A,N/A,N/A,N/A,N/A,N/A,N/A,N/A,N/A,N/A,N/A,N/A,N/A,N/A,N/A,N/A
US.NVDA260814P90000,NVDA 260814 90.00P,2026-08-04 09:30:00,0.0001,0.0,0.0,0.0,0.0001,0.0,0.0,0.0,False,N/A,100,0.01,US.NVDA,0.01,0.0,13332.0,0.0,,,,,,,,0.0,0.0,-100.0,0.0,0.0,0.0,0.0,0.0,0.0,0,0.0,NORMAL,False,,,,,,,,,,,,,,,,,False,,N/A,,,,,,,,,,,,,,,,,,,N/A,,True,PUT,2026-08-14,90.0,100.0,175,184.158,59.814,-8.94e-06,8.18e-07,1.0694e-05,-8.9986e-05,1.116e-06,N/A,5,N/A,N/A,AMERICAN,100.0,N/A,False,,,,False,,,,False,,,,,,False,,,,,,N/A,N/A,N/A,N/A,N/A,N/A,N/A,N/A,N/A,N/A,N/A,N/A,N/A,N/A,N/A,N/A,N/A,N/A,N/A,N/A,N/A,N/A,N/A
US.NVDA260814C95000,NVDA 260814 95.00C,2026-08-07 09:30:00,123.99,0.0,0.0,0.0,123.99,0.0,0.0,0.0,False,N/A,100,0.05,US.NVDA,131.75,124.6,1.0,1.0,,,,,,,,0.0,0.0,0.0,0.0,0.0,0.0,0.0,0.0,0.0,0,0.0,NORMAL,False,,,,,,,,,,,,,,,,,False,,N/A,,,,,,,,,,,,,,,,,,,N/A,,True,CALL,2026-08-14,95.0,100.0,2,0.0,-2.219,0.0,0.0,0.0,0.0,0.0,N/A,5,N/A,N/A,AMERICAN,100.0,N/A,False,,,,False,,,,False,,,,,,False,,,,,,N/A,N/A,N/A,N/A,N/A,N/A,N/A,N/A,N/A,N/A,N/A,N/A,N/A,N/A,N/A,N/A,N/A,N/A,N/A,N/A,N/A,N/A,N/A
US.NVDA260814P95000,NVDA 260814 95.00P,2026-08-05 09:30:00,0.0001,0.0,0.0,0.0,0.0001,0.0,0.0,0.0,False,N/A,100,0.01,US.NVDA,0.01,0.0,12221.0,0.0,,,,,,,,0.0,0.0,-100.0,0.0,0.0,0.0,0.0,0.0,0.0,0,0.0,NORMAL,False,,,,,,,,,,,,,,,,,False,,N/A,,,,,,,,,,,,,,,,,,,N/A,,True,PUT,2026-08-14,95.0,100.0,157,173.516,57.581,-9.479e-06,9.17e-07,1.1308e-05,-8.988e-05,1.157e-06,N/A,5,N/A,N/A,AMERICAN,100.0,N/A,False,,,,False,,,,False,,,,,,False,,,,,,N/A,N/A,N/A,N/A,N/A,N/A,N/A,N/A,N/A,N/A,N/A,N/A,N/A,N/A,N/A,N/A,N/A,N/A,N/A,N/A,N/A,N/A,N/A
US.NVDA260814C100000,NVDA 260814 100.00C,2026-08-07 14:35:47,122.45,122.45,122.45,122.45,118.99,4.0,48980.0,0.0,False,N/A,100,0.05,US.NVDA,126.8,119.7,1.0,1.0,,,,,,,,0.0,122.45,0.0,0.0,0.0,0.0,0.0,0.0,0.0,0,0.0,NORMAL,False,,,,,,,,,,,,,,,,,False,,N/A,,,,,,,,,,,,,,,,,,,N/A,,True,CALL,2026-08-14,100.0,100.0,4,0.0,-0.674,0.0,0.0,0.0,0.0,0.0,N/A,5,N/A,N/A,AMERICAN,100.0,N/A,False,,,,False,,,,False,,,,,,False,,,,,,N/A,N/A,N/A,N/A,N/A,N/A,N/A,N/A,N/A,N/A,N/A,N/A,N/A,N/A,N/A,N/A,N/A,N/A,N/A,N/A,N/A,N/A,N/A
US.NVDA260814P100000,NVDA 260814 100.00P,2026-08-05 09:30:00,0.0001,0.0,0.0,0.0,0.0001,0.0,0.0,0.0,False,N/A,100,0.01,US.NVDA,0.01,0.0,13.0,0.0,,,,,,,,0.0,0.0,-100.0,0.0,0.0,0.0,0.0,0.0,0.0,0,0.0,NORMAL,False,,,,,,,,,,,,,,,,,False,,N/A,,,,,,,,,,,,,,,,,,,N/A,,True,PUT,2026-08-14,100.0,100.0,554,163.418,55.349,-1.0052e-05,1.03e-06,1.196e-05,-8.9767e-05,1.198e-06,N/A,5,N/A,N/A,AMERICAN,100.0,N/A,False,,,,False,,,,False,,,,,,False,,,,,,N/A,N/A,N/A,N/A,N/A,N/A,N/A,N/A,N/A,N/A,N/A,N/A,N/A,N/A,N/A,N/A,N/A,N/A,N/A,N/A,N/A,N/A,N/A
US.NVDA260814C105000,NVDA 260814 105.00C,2026-08-07 09:30:00,113.9908,0.0,0.0,0.0,113.9908,0.0,0.0,0.0,False,N/A,100,0.05,US.NVDA,121.75,114.7,1.0,1.0,,,,,,,,0.0,0.0,0.0,0.0,0.0,0.0,0.0,0.0,0.0,0,0.0,NORMAL,False,,,,,,,,,,,,,,,,,False,,N/A,,,,,,,,,,,,,,,,,,,N/A,,True,CALL,2026-08-14,105.0,100.0,12,0.0,-2.219,0.0,0.0,0.0,0.0,0.0,N/A,5,N/A,N/A,AMERICAN,100.0,N/A,False,,,,False,,,,False,,,,,,False,,,,,,N/A,N/A,N/A,N/A,N/A,N/A,N/A,N/A,N/A,N/A,N/A,N/A,N/A,N/A,N/A,N/A,N/A,N/A,N/A,N/A,N/A,N/A,N/A
US.NVDA260814P105000,NVDA 260814 105.00P,2026-08-07 14:26:44,0.01,0.01,0.01,0.01,0.0001,10874.0,10874.0,0.0,False,N/A,100,0.01,US.NVDA,0.01,0.0,13332.0,0.0,,,,,,,,0.0,0.01,-100.0,0.0,0.0,0.0,0.0,0.0,0.0,0,0.0,NORMAL,False,,,,,,,,,,,,,,,,,False,,N/A,,,,,,,,,,,,,,,,,,,N/A,,True,PUT,2026-08-14,105.0,100.0,202,206.57,53.121,-0.000637807,4.0617e-05,0.000590368,-0.007651459,-1.4311e-05,N/A,5,N/A,N/A,AMERICAN,100.0,N/A,False,,,,False,,,,False,,,,,,False,,,,,,N/A,N/A,N/A,N/A,N/A,N/A,N/A,N/A,N/A,N/A,N/A,N/A,N/A,N/A,N/A,N/A,N/A,N/A,N/A,N/A,N/A,N/A,N/A
US.NVDA260814C110000,NVDA 260814 110.00C,2026-08-07 12:32:04,112.0,112.0,112.0,112.0,108.9934,4.0,44800.0,0.0,False,N/A,100,0.05,US.NVDA,116.8,111.25,1.0,3.0,,,,,,,,0.0,112.0,50.0,0.0,0.0,0.0,0.0,0.0,0.0,0,0.0,NORMAL,False,,,,,,,,,,,,,,,,,False,,N/A,,,,,,,,,,,,,,,,,,,N/A,,True,CALL,2026-08-14,110.0,100.0,4,186.318,-0.875,0.999574499,3.0975e-05,0.000405971,-0.016137717,0.015398421,N/A,5,N/A,N/A,AMERICAN,100.0,N/A,False,,,,False,,,,False,,,,,,False,,,,,,N/A,N/A,N/A,N/A,N/A,N/A,N/A,N/A,N/A,N/A,N/A,N/A,N/A,N/A,N/A,N/A,N/A,N/A,N/A,N/A,N/A,N/A,N/A
US.NVDA260814P110000,NVDA 260814 110.00P,2026-08-07 14:26:45,0.01,0.01,0.01,0.01,0.0001,6880.0,6880.0,0.0,False,N/A,100,0.01,US.NVDA,0.03,0.0,14.0,0.0,,,,,,,,0.0,0.01,-100.0,0.0,0.0,0.0,0.0,0.0,0.0,0,0.0,NORMAL,False,,,,,,,,,,,,,,,,,False,,N/A,,,,,,,,,,,,,,,,,,,N/A,,True,PUT,2026-08-14,110.0,100.0,2809,194.519,50.888,-0.000676959,4.5571e-05,0.000623747,-0.007633318,-1.5266e-05,N/A,5,N/A,N/A,AMERICAN,100.0,N/A,False,,,,False,,,,False,,,,,,False,,,,,,N/A,N/A,N/A,N/A,N/A,N/A,N/A,N/A,N/A,N/A,N/A,N/A,N/A,N/A,N/A,N/A,N/A,N/A,N/A,N/A,N/A,N/A,N/A
US.NVDA260814C115000,NVDA 260814 115.00C,2026-08-07 10:16:15,106.78,106.78,106.78,106.78,103.9968,1.0,10678.0,0.0,False,N/A,100,0.05,US.NVDA,111.8,104.7,1.0,1.0,,,,,,,,0.0,106.78,0.0,0.0,0.0,0.0,0.0,0.0,0.0,0,0.0,NORMAL,False,,,,,,,,,,,,,,,,,False,,N/A,,,,,,,,,,,,,,,,,,,N/A,,True,CALL,2026-08-14,115.0,100.0,0,0.0,-0.973,0.0,0.0,0.0,0.0,0.0,N/A,5,N/A,N/A,AMERICAN,100.0,N/A,False,,,,False,,,,False,,,,,,False,,,,,,N/A,N/A,N/A,N/A,N/A,N/A,N/A,N/A,N/A,N/A,N/A,N/A,N/A,N/A,N/A,N/A,N/A,N/A,N/A,N/A,N/A,N/A,N/A
US.NVDA260814P115000,NVDA 260814 115.00P,2026-08-07 15:59:12,0.04,0.01,0.04,0.01,0.0001,8183.0,8325.0,0.0,False,N/A,100,0.01,US.NVDA,0.01,0.0,490.0,0.0,,,,,,,,30000.0,0.01017353049,-100.0,0.0,0.0,0.0,0.0,0.0,0.0,0,0.0,NORMAL,False,,,,,,,,,,,,,,,,,False,,N/A,,,,,,,,,,,,,,,,,,,N/A,,True,PUT,2026-08-14,115.0,100.0,7556,207.741,48.669,-0.002292106,0.000130218,0.001902747,-0.027579811,-6.4648e-05,N/A,5,N/A,N/A,AMERICAN,100.0,N/A,False,,,,False,,,,False,,,,,,False,,,,,,N/A,N/A,N/A,N/A,N/A,N/A,N/A,N/A,N/A,N/A,N/A,N/A,N/A,N/A,N/A,N/A,N/A,N/A,N/A,N/A,N/A,N/A,N/A
US.NVDA260814C120000,NVDA 260814 120.00C,2026-08-07 09:30:00,99.0006,0.0,0.0,0.0,99.0006,0.0,0.0,0.0,False,N/A,100,0.05,US.NVDA,106.8,99.7,1.0,1.0,,,,,,,,0.0,0.0,0.0,0.0,0.0,0.0,0.0,0.0,0.0,0,0.0,NORMAL,False,,,,,,,,,,,,,,,,,False,,N/A,,,,,,,,,,,,,,,,,,,N/A,,True,CALL,2026-08-14,120.0,100.0,2,0.0,-2.214,0.0,0.0,0.0,0.0,0.0,N/A,5,N/A,N/A,AMERICAN,100.0,N/A,False,,,,False,,,,False,,,,,,False,,,,,,N/A,N/A,N/A,N/A,N/A,N/A,N/A,N/A,N/A,N/A,N/A,N/A,N/A,N/A,N/A,N/A,N/A,N/A,N/A,N/A,N/A,N/A,N/A
US.NVDA260814P120000,NVDA 260814 120.00P,2026-08-07 15:28:32,0.02,0.02,0.08,0.01,0.0001,130.0,248.0,0.0,False,N/A,100,0.01,US.NVDA,0.02,0.01,200.0,96.0,,,,,,,,70000.0,0.01907692307,-35.135,0.0,0.0,0.0,0.0,0.0,0.0,0,0.0,NORMAL,False,,,,,,,,,,,,,,,,,False,,N/A,,,,,,,,,,,,,,,,,,,N/A,,True,PUT,2026-08-14,120.0,100.0,647,178.024,46.427,-0.001077468,7.6354e-05,0.000956387,-0.011097455,-2.6662e-05,N/A,5,N/A,N/A,AMERICAN,100.0,N/A,False,,,,False,,,,False,,,,,,False,,,,,,N/A,N/A,N/A,N/A,N/A,N/A,N/A,N/A,N/A,N/A,N/A,N/A,N/A,N/A,N/A,N/A,N/A,N/A,N/A,N/A,N/A,N/A,N/A
US.NVDA260814C125000,NVDA 260814 125.00C,2026-08-07 09:30:00,94.0046,0.0,0.0,0.0,94.0046,0.0,0.0,0.0,False,N/A,100,0.05,US.NVDA,101.8,94.7,1.0,1.0,,,,,,,,0.0,0.0,0.0,0.0,0.0,0.0,0.0,0.0,0.0,0,0.0,NORMAL,False,,,,,,,,,,,,,,,,,False,,N/A,,,,,,,,,,,,,,,,,,,N/A,,True,CALL,2026-08-14,125.0,100.0,5,0.0,-2.212,0.0,0.0,0.0,0.0,0.0,N/A,5,N/A,N/A,AMERICAN,100.0,N/A,False,,,,False,,,,False,,,,,,False,,,,,,N/A,N/A,N/A,N/A,N/A,N/A,N/A,N/A,N/A,N/A,N/A,N/A,N/A,N/A,N/A,N/A,N/A,N/A,N/A,N/A,N/A,N/A,N/A
US.NVDA260814P125000,NVDA 260814 125.00P,2026-08-07 15:21:36,0.01,0.01,0.01,0.01,0.0001,20.0,20.0,0.0,False,N/A,100,0.01,US.NVDA,0.02,0.01,10.0,33.0,,,,,,,,0.0,0.01,53.488,0.0,0.0,0.0,0.0,0.0,0.0,0,0.0,NORMAL,False,,,,,,,,,,,,,,,,,False,,N/A,,,,,,,,,,,,,,,,,,,N/A,,True,PUT,2026-08-14,125.0,100.0,585,167.072,44.19,-0.001146627,8.6131e-05,0.001012521,-0.011062133,-2.8439e-05,N/A,5,N/A,N/A,AMERICAN,100.0,N/A,False,,,,False,,,,False,,,,,,False,,,,,,N/A,N/A,N/A,N/A,N/A,N/A,N/A,N/A,N/A,N/A,N/A,N/A,N/A,N/A,N/A,N/A,N/A,N/A,N/A,N/A,N/A,N/A,N/A
US.NVDA260814C130000,NVDA 260814 130.00C,2026-08-07 14:49:09,92.37,92.37,92.37,92.37,89.0086,10.0,92370.0,0.0,False,N/A,100,0.05,US.NVDA,96.9,89.7,1.0,1.0,,,,,,,,0.0,92.37,0.0,0.0,0.0,0.0,0.0,0.0,0.0,0,0.0,NORMAL,False,,,,,,,,,,,,,,,,,False,,N/A,,,,,,,,,,,,,,,,,,,N/A,,True,CALL,2026-08-14,130.0,100.0,29,0.0,-0.709,0.0,0.0,0.0,0.0,0.0,N/A,5,N/A,N/A,AMERICAN,100.0,N/A,False,,,,False,,,,False,,,,,,False,,,,,,N/A,N/A,N/A,N/A,N/A,N/A,N/A,N/A,N/A,N/A,N/A,N/A,N/A,N/A,N/A,N/A,N/A,N/A,N/A,N/A,N/A,N/A,N/A
US.NVDA260814P130000,NVDA 260814 130.00P,2026-08-07 09:30:00,0.0001,0.0,0.0,0.0,0.0001,0.0,0.0,0.0,False,N/A,100,0.01,US.NVDA,0.03,0.0,14.0,0.0,,,,,,,,0.0,0.0,-100.0,0.0,0.0,0.0,0.0,0.0,0.0,0,0.0,NORMAL,False,,,,,,,,,,,,,,,,,False,,N/A,,,,,,,,,,,,,,,,,,,N/A,,True,PUT,2026-08-14,130.0,100.0,1659,111.656,41.953,-1.4537e-05,2.136e-06,1.7007e-05,-8.892e-05,1.505e-06,N/A,5,N/A,N/A,AMERICAN,100.0,N/A,False,,,,False,,,,False,,,,,,False,,,,,,N/A,N/A,N/A,N/A,N/A,N/A,N/A,N/A,N/A,N/A,N/A,N/A,N/A,N/A,N/A,N/A,N/A,N/A,N/A,N/A,N/A,N/A,N/A
US.NVDA260814C135000,NVDA 260814 135.00C,2026-08-07 15:26:35,88.31,88.31,88.31,88.31,84.0127,2.0,17662.0,0.0,False,N/A,100,0.05,US.NVDA,91.85,86.15,1.0,1.0,,,,,,,,0.0,88.31,0.0,0.0,0.0,0.0,0.0,0.0,0.0,0,0.0,NORMAL,False,,,,,,,,,,,,,,,,,False,,N/A,,,,,,,,,,,,,,,,,,,N/A,,True,CALL,2026-08-14,135.0,100.0,13,0.0,-0.29,0.0,0.0,0.0,0.0,0.0,N/A,5,N/A,N/A,AMERICAN,100.0,N/A,False,,,,False,,,,False,,,,,,False,,,,,,N/A,N/A,N/A,N/A,N/A,N/A,N/A,N/A,N/A,N/A,N/A,N/A,N/A,N/A,N/A,N/A,N/A,N/A,N/A,N/A,N/A,N/A,N/A
US.NVDA260814P135000,NVDA 260814 135.00P,2026-08-07 13:06:40,0.02,0.02,0.02,0.02,0.0001,4.0,8.0,0.0,False,N/A,100,0.01,US.NVDA,0.03,0.01,12.0,1.0,,,,,,,,0.0,0.02,-84.615,0.0,0.0,0.0,0.0,0.0,0.0,0,0.0,NORMAL,False,,,,,,,,,,,,,,,,,False,,N/A,,,,,,,,,,,,,,,,,,,N/A,,True,PUT,2026-08-14,135.0,100.0,371,150.285,39.73,-0.0016596,0.000134229,0.001419336,-0.01434509,-4.3171e-05,N/A,5,N/A,N/A,AMERICAN,100.0,N/A,False,,,,False,,,,False,,,,,,False,,,,,,N/A,N/A,N/A,N/A,N/A,N/A,N/A,N/A,N/A,N/A,N/A,N/A,N/A,N/A,N/A,N/A,N/A,N/A,N/A,N/A,N/A,N/A,N/A
US.NVDA260814C140000,NVDA 260814 140.00C,2026-08-07 15:29:42,83.35,83.4,83.4,83.0,79.0171,12.0,99820.0,0.0,False,N/A,100,0.05,US.NVDA,86.8,81.15,1.0,6.0,,,,,,,,0.506,83.18333333333,71.429,0.0,0.0,0.0,0.0,0.0,0.0,0,0.0,NORMAL,False,,,,,,,,,,,,,,,,,False,,N/A,,,,,,,,,,,,,,,,,,,N/A,,True,CALL,2026-08-14,140.0,100.0,47,0.0,-0.272,0.0,0.0,0.0,0.0,0.0,N/A,5,N/A,N/A,AMERICAN,100.0,N/A,False,,,,False,,,,False,,,,,,False,,,,,,N/A,N/A,N/A,N/A,N/A,N/A,N/A,N/A,N/A,N/A,N/A,N/A,N/A,N/A,N/A,N/A,N/A,N/A,N/A,N/A,N/A,N/A,N/A
US.NVDA260814P140000,NVDA 260814 140.00P,2026-08-07 14:30:56,0.01,0.01,0.03,0.01,0.0004,461.0,727.0,0.0,False,N/A,100,0.01,US.NVDA,0.03,0.01,141.0,14.0,,,,,,,,5000.0,0.01577006507,-81.935,0.0,0.0,0.0,0.0,0.0,0.0,0,0.0,NORMAL,False,,,,,,,,,,,,,,,,,False,,N/A,,,,,,,,,,,,,,,,,,,N/A,,True,PUT,2026-08-14,140.0,100.0,464,140.233,37.493,-0.001774688,0.000152902,0.001508706,-0.014284298,-4.6212e-05,N/A,5,N/A,N/A,AMERICAN,100.0,N/A,False,,,,False,,,,False,,,,,,False,,,,,,N/A,N/A,N/A,N/A,N/A,N/A,N/A,N/A,N/A,N/A,N/A,N/A,N/A,N/A,N/A,N/A,N/A,N/A,N/A,N/A,N/A,N/A,N/A
US.NVDA260814C145000,NVDA 260814 145.00C,2026-08-07 09:30:00,74.0221,0.0,0.0,0.0,74.0221,0.0,0.0,0.0,False,N/A,100,0.05,US.NVDA,81.6,76.5,151.0,165.0,,,,,,,,0.0,0.0,4.43,0.0,0.0,0.0,0.0,0.0,0.0,0,0.0,NORMAL,False,,,,,,,,,,,,,,,,,False,,N/A,,,,,,,,,,,,,,,,,,,N/A,,True,CALL,2026-08-14,145.0,100.0,119,124.517,-2.204,0.998761355,0.00012407,0.001086901,-0.024080203,0.020276034,N/A,5,N/A,N/A,AMERICAN,100.0,N/A,False,,,,False,,,,False,,,,,,False,,,,,,N/A,N/A,N/A,N/A,N/A,N/A,N/A,N/A,N/A,N/A,N/A,N/A,N/A,N/A,N/A,N/A,N/A,N/A,N/A,N/A,N/A,N/A,N/A
US.NVDA260814P145000,NVDA 260814 145.00P,2026-08-07 13:57:24,0.01,0.01,0.02,0.01,0.0014,69.0,129.0,0.0,False,N/A,100,0.01,US.NVDA,0.02,0.01,10.0,44.0,,,,,,,,714.286,0.01869565217,62.963,0.0,0.0,0.0,0.0,0.0,0.0,0,0.0,NORMAL,False,,,,,,,,,,,,,,,,,False,,N/A,,,,,,,,,,,,,,,,,,,N/A,,True,PUT,2026-08-14,145.0,100.0,638,127.044,35.26,-0.001495851,0.000144423,0.001291291,-0.010892917,-3.7412e-05,N/A,5,N/A,N/A,AMERICAN,100.0,N/A,False,,,,False,,,,False,,,,,,False,,,,,,N/A,N/A,N/A,N/A,N/A,N/A,N/A,N/A,N/A,N/A,N/A,N/A,N/A,N/A,N/A,N/A,N/A,N/A,N/A,N/A,N/A,N/A,N/A
US.NVDA260814C150000,NVDA 260814 150.00C,2026-08-07 13:56:32,72.58,72.62,72.62,72.4,69.0291,69.0,500422.0,0.0,False,N/A,100,0.05,US.NVDA,76.4,71.5,15.0,1.0,,,,,,,,0.319,72.52492753623,-87.5,0.0,0.0,0.0,0.0,0.0,0.0,0,0.0,NORMAL,False,,,,,,,,,,,,,,,,,False,,N/A,,,,,,,,,,,,,,,,,,,N/A,,True,CALL,2026-08-14,150.0,100.0,78,0.0,-0.616,0.0,0.0,0.0,0.0,0.0,N/A,5,N/A,N/A,AMERICAN,100.0,N/A,False,,,,False,,,,False,,,,,,False,,,,,,N/A,N/A,N/A,N/A,N/A,N/A,N/A,N/A,N/A,N/A,N/A,N/A,N/A,N/A,N/A,N/A,N/A,N/A,N/A,N/A,N/A,N/A,N/A
US.NVDA260814P150000,NVDA 260814 150.00P,2026-08-07 14:39:31,0.02,0.01,0.02,0.01,0.0043,17.0,29.0,0.0,False,N/A,100,0.01,US.NVDA,0.02,0.01,15.0,50.0,,,,,,,,232.558,0.01705882352,53.846,0.0,0.0,0.0,0.0,0.0,0.0,0,0.0,NORMAL,False,,,,,,,,,,,,,,,,,False,,N/A,,,,,,,,,,,,,,,,,,,N/A,,True,PUT,2026-08-14,150.0,100.0,1604,117.836,33.032,-0.001608177,0.000166333,0.00137949,-0.010841884,-4.0297e-05,N/A,5,N/A,N/A,AMERICAN,100.0,N/A,False,,,,False,,,,False,,,,,,False,,,,,,N/A,N/A,N/A,N/A,N/A,N/A,N/A,N/A,N/A,N/A,N/A,N/A,N/A,N/A,N/A,N/A,N/A,N/A,N/A,N/A,N/A,N/A,N/A
US.NVDA260814C155000,NVDA 260814 155.00C,2026-08-07 09:30:00,64.0405,0.0,0.0,0.0,64.0405,0.0,0.0,0.0,False,N/A,100,0.05,US.NVDA,71.95,64.75,1.0,1.0,,,,,,,,0.0,0.0,0.0,0.0,0.0,0.0,0.0,0.0,0.0,0,0.0,NORMAL,False,,,,,,,,,,,,,,,,,False,,N/A,,,,,,,,,,,,,,,,,,,N/A,,True,CALL,2026-08-14,155.0,100.0,42,0.0,-2.196,0.0,0.0,0.0,0.0,0.0,N/A,5,N/A,N/A,AMERICAN,100.0,N/A,False,,,,False,,,,False,,,,,,False,,,,,,N/A,N/A,N/A,N/A,N/A,N/A,N/A,N/A,N/A,N/A,N/A,N/A,N/A,N/A,N/A,N/A,N/A,N/A,N/A,N/A,N/A,N/A,N/A
US.NVDA260814P155000,NVDA 260814 155.00P,2026-08-07 15:49:29,0.02,0.02,0.02,0.02,0.0118,1578.0,3156.0,0.0,False,N/A,100,0.01,US.NVDA,0.03,0.0,9.0,0.0,,,,,,,,0.0,0.02,-100.0,0.0,0.0,0.0,0.0,0.0,0.0,0,0.0,NORMAL,False,,,,,,,,,,,,,,,,,False,,N/A,,,,,,,,,,,,,,,,,,,N/A,,True,PUT,2026-08-14,155.0,100.0,561,111.922,30.8,-0.002204279,0.000233245,0.001837175,-0.014070649,-5.7555e-05,N/A,5,N/A,N/A,AMERICAN,100.0,N/A,False,,,,False,,,,False,,,,,,False,,,,,,N/A,N/A,N/A,N/A,N/A,N/A,N/A,N/A,N/A,N/A,N/A,N/A,N/A,N/A,N/A,N/A,N/A,N/A,N/A,N/A,N/A,N/A,N/A
US.NVDA260814C157500,NVDA 260814 157.50C,2026-08-07 09:30:00,61.5484,0.0,0.0,0.0,61.5484,0.0,0.0,0.0,False,N/A,100,0.05,US.NVDA,69.3,63.6,1.0,1.0,,,,,,,,0.0,0.0,0.0,0.0,0.0,0.0,0.0,0.0,0.0,0,0.0,NORMAL,False,,,,,,,,,,,,,,,,,False,,N/A,,,,,,,,,,,,,,,,,,,N/A,,True,CALL,2026-08-14,157.5,100.0,18,0.0,-2.193,0.0,0.0,0.0,0.0,0.0,N/A,5,N/A,N/A,AMERICAN,100.0,N/A,False,,,,False,,,,False,,,,,,False,,,,,,N/A,N/A,N/A,N/A,N/A,N/A,N/A,N/A,N/A,N/A,N/A,N/A,N/A,N/A,N/A,N/A,N/A,N/A,N/A,N/A,N/A,N/A,N/A
US.NVDA260814P157500,NVDA 260814 157.50P,2026-08-07 14:37:02,0.02,0.02,0.02,0.02,0.0176,3.0,6.0,0.0,False,N/A,100,0.01,US.NVDA,0.04,0.0,55.0,0.0,,,,,,,,0.0,0.02,-100.0,0.0,0.0,0.0,0.0,0.0,0.0,0,0.0,NORMAL,False,,,,,,,,,,,,,,,,,False,,N/A,,,,,,,,,,,,,,,,,,,N/A,,True,PUT,2026-08-14,157.5,100.0,103,107.442,29.683,-0.002292012,0.000251715,0.001903355,-0.014029413,-5.987e-05,N/A,5,N/A,N/A,AMERICAN,100.0,N/A,False,,,,False,,,,False,,,,,,False,,,,,,N/A,N/A,N/A,N/A,N/A,N/A,N/A,N/A,N/A,N/A,N/A,N/A,N/A,N/A,N/A,N/A,N/A,N/A,N/A,N/A,N/A,N/A,N/A
US.NVDA260814C160000,NVDA 260814 160.00C,2026-08-07 15:18:25,63.06,64.85,64.85,63.06,59.0562,11.0,71156.0,0.0,False,N/A,100,0.05,US.NVDA,66.95,61.15,20.0,3.0,,,,,,,,3.031,64.68727272727,-73.913,0.0,0.0,0.0,0.0,0.0,0.0,0,0.0,NORMAL,False,,,,,,,,,,,,,,,,,False,,N/A,,,,,,,,,,,,,,,,,,,N/A,,True,CALL,2026-08-14,160.0,100.0,98,89.288,-0.401,0.99940017,8.8822e-05,0.000558513,-0.019865377,0.02239894,N/A,5,N/A,N/A,AMERICAN,100.0,N/A,False,,,,False,,,,False,,,,,,False,,,,,,N/A,N/A,N/A,N/A,N/A,N/A,N/A,N/A,N/A,N/A,N/A,N/A,N/A,N/A,N/A,N/A,N/A,N/A,N/A,N/A,N/A,N/A,N/A
US.NVDA260814P160000,NVDA 260814 160.00P,2026-08-07 15:21:51,0.02,0.02,0.05,0.02,0.0235,200.0,610.0,0.0,False,N/A,100,0.01,US.NVDA,0.03,0.01,19.0,50.0,,,,,,,,127.66,0.0305,44.928,0.0,0.0,0.0,0.0,0.0,0.0,0,0.0,NORMAL,False,,,,,,,,,,,,,,,,,False,,N/A,,,,,,,,,,,,,,,,,,,N/A,,True,PUT,2026-08-14,160.0,100.0,1605,103.022,28.567,-0.002385705,0.000272208,0.001973724,-0.013986363,-6.2341e-05,N/A,5,N/A,N/A,AMERICAN,100.0,N/A,False,,,,False,,,,False,,,,,,False,,,,,,N/A,N/A,N/A,N/A,N/A,N/A,N/A,N/A,N/A,N/A,N/A,N/A,N/A,N/A,N/A,N/A,N/A,N/A,N/A,N/A,N/A,N/A,N/A
US.NVDA260814C162500,NVDA 260814 162.50C,2026-08-07 09:30:00,56.5641,0.0,0.0,0.0,56.5641,0.0,0.0,0.0,False,N/A,100,0.05,US.NVDA,64.35,58.55,1.0,2.0,,,,,,,,0.0,0.0,33.333,0.0,0.0,0.0,0.0,0.0,0.0,0,0.0,NORMAL,False,,,,,,,,,,,,,,,,,False,,N/A,,,,,,,,,,,,,,,,,,,N/A,,True,CALL,2026-08-14,162.5,100.0,20,0.0,-2.186,0.0,0.0,0.0,0.0,0.0,N/A,5,N/A,N/A,AMERICAN,100.0,N/A,False,,,,False,,,,False,,,,,,False,,,,,,N/A,N/A,N/A,N/A,N/A,N/A,N/A,N/A,N/A,N/A,N/A,N/A,N/A,N/A,N/A,N/A,N/A,N/A,N/A,N/A,N/A,N/A,N/A
US.NVDA260814P162500,NVDA 260814 162.50P,2026-08-07 14:50:20,0.02,0.03,0.03,0.02,0.0293,11.0,32.0,0.0,False,N/A,100,0.01,US.NVDA,0.04,0.01,55.0,26.0,,,,,,,,34.13,0.029090909090000002,-35.802,0.0,0.0,0.0,0.0,0.0,0.0,0,0.0,NORMAL,False,,,,,,,,,,,,,,,,,False,,N/A,,,,,,,,,,,,,,,,,,,N/A,,True,PUT,2026-08-14,162.5,100.0,1044,100.902,27.451,-0.002988294,0.000340623,0.002418741,-0.017106946,-8.01e-05,N/A,5,N/A,N/A,AMERICAN,100.0,N/A,False,,,,False,,,,False,,,,,,False,,,,,,N/A,N/A,N/A,N/A,N/A,N/A,N/A,N/A,N/A,N/A,N/A,N/A,N/A,N/A,N/A,N/A,N/A,N/A,N/A,N/A,N/A,N/A,N/A
US.NVDA260814C165000,NVDA 260814 165.00C,2026-08-07 14:51:06,57.67,57.0,57.67,57.0,54.0719,20.0,114670.0,0.0,False,N/A,100,0.05,US.NVDA,61.95,56.1,3.0,2.0,,,,,,,,1.239,57.335,-20.0,0.0,0.0,0.0,0.0,0.0,0.0,0,0.0,NORMAL,False,,,,,,,,,,,,,,,,,False,,N/A,,,,,,,,,,,,,,,,,,,N/A,,True,CALL,2026-08-14,165.0,100.0,54,0.0,-0.575,0.0,0.0,0.0,0.0,0.0,N/A,5,N/A,N/A,AMERICAN,100.0,N/A,False,,,,False,,,,False,,,,,,False,,,,,,N/A,N/A,N/A,N/A,N/A,N/A,N/A,N/A,N/A,N/A,N/A,N/A,N/A,N/A,N/A,N/A,N/A,N/A,N/A,N/A,N/A,N/A,N/A
US.NVDA260814P165000,NVDA 260814 165.00P,2026-08-07 15:52:02,0.02,0.02,0.04,0.02,0.0351,56.0,175.0,0.0,False,N/A,100,0.01,US.NVDA,0.04,0.02,57.0,10.0,,,,,,,,56.98,0.03125,-70.149,0.0,0.0,0.0,0.0,0.0,0.0,0,0.0,NORMAL,False,,,,,,,,,,,,,,,,,False,,N/A,,,,,,,,,,,,,,,,,,,N/A,,True,PUT,2026-08-14,165.0,100.0,2629,98.371,26.335,-0.003618933,0.000415051,0.00287312,-0.020130062,-9.8765e-05,N/A,5,N/A,N/A,AMERICAN,100.0,N/A,False,,,,False,,,,False,,,,,,False,,,,,,N/A,N/A,N/A,N/A,N/A,N/A,N/A,N/A,N/A,N/A,N/A,N/A,N/A,N/A,N/A,N/A,N/A,N/A,N/A,N/A,N/A,N/A,N/A
US.NVDA260814C167500,NVDA 260814 167.50C,2026-08-07 09:30:00,51.5798,0.0,0.0,0.0,51.5798,0.0,0.0,0.0,False,N/A,100,0.05,US.NVDA,59.05,53.6,10.0,10.0,,,,,,,,0.0,0.0,0.0,0.0,0.0,0.0,0.0,0.0,0.0,0,0.0,NORMAL,False,,,,,,,,,,,,,,,,,False,,N/A,,,,,,,,,,,,,,,,,,,N/A,,True,CALL,2026-08-14,167.5,100.0,46,0.0,-2.179,0.0,0.0,0.0,0.0,0.0,N/A,5,N/A,N/A,AMERICAN,100.0,N/A,False,,,,False,,,,False,,,,,,False,,,,,,N/A,N/A,N/A,N/A,N/A,N/A,N/A,N/A,N/A,N/A,N/A,N/A,N/A,N/A,N/A,N/A,N/A,N/A,N/A,N/A,N/A,N/A,N/A
US.NVDA260814P167500,NVDA 260814 167.50P,2026-08-07 09:30:00,0.041,0.0,0.0,0.0,0.041,0.0,0.0,0.0,False,N/A,100,0.01,US.NVDA,0.04,0.01,44.0,236.0,,,,,,,,0.0,0.0,68.571,0.0,0.0,0.0,0.0,0.0,0.0,0,0.0,NORMAL,False,,,,,,,,,,,,,,,,,False,,N/A,,,,,,,,,,,,,,,,,,,N/A,,True,PUT,2026-08-14,167.5,100.0,214,92.176,25.228,-0.003255909,0.000402794,0.00261307,-0.01698133,-8.7281e-05,N/A,5,N/A,N/A,AMERICAN,100.0,N/A,False,,,,False,,,,False,,,,,,False,,,,,,N/A,N/A,N/A,N/A,N/A,N/A,N/A,N/A,N/A,N/A,N/A,N/A,N/A,N/A,N/A,N/A,N/A,N/A,N/A,N/A,N/A,N/A,N/A
US.NVDA260814C170000,NVDA 260814 170.00C,2026-08-07 15:52:16,53.17,54.67,54.67,53.17,49.0909,4.0,21718.0,0.0,False,N/A,100,0.05,US.NVDA,55.05,52.85,45.0,79.0,,,,,,,,3.056,54.295,27.419,0.0,0.0,0.0,0.0,0.0,0.0,0,0.0,NORMAL,False,,,,,,,,,,,,,,,,,False,,N/A,,,,,,,,,,,,,,,,,,,N/A,,True,CALL,2026-08-14,170.0,100.0,241,0.0,-0.352,0.0,0.0,0.0,0.0,0.0,N/A,5,N/A,N/A,AMERICAN,100.0,N/A,False,,,,False,,,,False,,,,,,False,,,,,,N/A,N/A,N/A,N/A,N/A,N/A,N/A,N/A,N/A,N/A,N/A,N/A,N/A,N/A,N/A,N/A,N/A,N/A,N/A,N/A,N/A,N/A,N/A
US.NVDA260814P170000,NVDA 260814 170.00P,2026-08-07 15:55:44,0.03,0.03,0.04,0.02,0.05,266.0,622.0,0.0,False,N/A,100,0.01,US.NVDA,0.03,0.02,10.0,10.0,,,,,,,,40.0,0.02338345864,0.0,0.0,0.0,0.0,0.0,0.0,0.0,0,0.0,NORMAL,False,,,,,,,,,,,,,,,,,False,,N/A,,,,,,,,,,,,,,,,,,,N/A,,True,PUT,2026-08-14,170.0,100.0,4722,87.891,24.106,-0.003405781,0.000439868,0.002721062,-0.016913372,-9.13e-05,N/A,5,N/A,N/A,AMERICAN,100.0,N/A,False,,,,False,,,,False,,,,,,False,,,,,,N/A,N/A,N/A,N/A,N/A,N/A,N/A,N/A,N/A,N/A,N/A,N/A,N/A,N/A,N/A,N/A,N/A,N/A,N/A,N/A,N/A,N/A,N/A
US.NVDA260814C172500,NVDA 260814 172.50C,2026-08-07 09:30:00,46.6019,0.0,0.0,0.0,46.6019,0.0,0.0,0.0,False,N/A,100,0.05,US.NVDA,54.35,48.6,10.0,30.0,,,,,,,,0.0,0.0,50.0,0.0,0.0,0.0,0.0,0.0,0.0,0,0.0,NORMAL,False,,,,,,,,,,,,,,,,,False,,N/A,,,,,,,,,,,,,,,,,,,N/A,,True,CALL,2026-08-14,172.5,100.0,61,0.0,-2.169,0.0,0.0,0.0,0.0,0.0,N/A,5,N/A,N/A,AMERICAN,100.0,N/A,False,,,,False,,,,False,,,,,,False,,,,,,N/A,N/A,N/A,N/A,N/A,N/A,N/A,N/A,N/A,N/A,N/A,N/A,N/A,N/A,N/A,N/A,N/A,N/A,N/A,N/A,N/A,N/A,N/A
US.NVDA260814P172500,NVDA 260814 172.50P,2026-08-07 15:55:10,0.03,0.03,0.04,0.03,0.059,103.0,310.0,0.0,False,N/A,100,0.01,US.NVDA,0.04,0.02,22.0,91.0,,,,,,,,16.949,0.03009708737,61.062,0.0,0.0,0.0,0.0,0.0,0.0,0,0.0,NORMAL,False,,,,,,,,,,,,,,,,,False,,N/A,,,,,,,,,,,,,,,,,,,N/A,,True,PUT,2026-08-14,172.5,100.0,799,85.302,22.99,-0.004140434,0.00053999,0.003241786,-0.019879078,-0.000112929,N/A,5,N/A,N/A,AMERICAN,100.0,N/A,False,,,,False,,,,False,,,,,,False,,,,,,N/A,N/A,N/A,N/A,N/A,N/A,N/A,N/A,N/A,N/A,N/A,N/A,N/A,N/A,N/A,N/A,N/A,N/A,N/A,N/A,N/A,N/A,N/A
US.NVDA260814C175000,NVDA 260814 175.00C,2026-08-07 15:53:39,48.18,48.0,48.18,48.0,44.113,5.0,24072.0,0.0,False,N/A,100,0.05,US.NVDA,51.6,46.55,50.0,63.0,,,,,,,,0.408,48.144,11.504,0.0,0.0,0.0,0.0,0.0,0.0,0,0.0,NORMAL,False,,,,,,,,,,,,,,,,,False,,N/A,,,,,,,,,,,,,,,,,,,N/A,,True,CALL,2026-08-14,175.0,100.0,207,77.98,-0.348,0.996772373,0.000472566,0.002593358,-0.032598109,0.02441578,N/A,5,N/A,N/A,AMERICAN,100.0,N/A,False,,,,False,,,,False,,,,,,False,,,,,,N/A,N/A,N/A,N/A,N/A,N/A,N/A,N/A,N/A,N/A,N/A,N/A,N/A,N/A,N/A,N/A,N/A,N/A,N/A,N/A,N/A,N/A,N/A
US.NVDA260814P175000,NVDA 260814 175.00P,2026-08-07 15:48:45,0.03,0.05,0.06,0.03,0.0681,440.0,1624.0,0.0,False,N/A,100,0.01,US.NVDA,0.05,0.03,218.0,1.0,,,,,,,,44.053,0.0369090909,-99.087,0.0,0.0,0.0,0.0,0.0,0.0,0,0.0,NORMAL,False,,,,,,,,,,,,,,,,,False,,N/A,,,,,,,,,,,,,,,,,,,N/A,,True,PUT,2026-08-14,175.0,100.0,7373,83.699,21.874,-0.005481458,0.00070681,0.004162953,-0.025655809,-0.000153037,N/A,5,N/A,N/A,AMERICAN,100.0,N/A,False,,,,False,,,,False,,,,,,False,,,,,,N/A,N/A,N/A,N/A,N/A,N/A,N/A,N/A,N/A,N/A,N/A,N/A,N/A,N/A,N/A,N/A,N/A,N/A,N/A,N/A,N/A,N/A,N/A
US.NVDA260814C177500,NVDA 260814 177.50C,2026-08-07 09:30:00,41.624,0.0,0.0,0.0,41.624,0.0,0.0,0.0,False,N/A,100,0.05,US.NVDA,49.4,43.6,10.0,10.0,,,,,,,,0.0,0.0,0.0,0.0,0.0,0.0,0.0,0.0,0.0,0,0.0,NORMAL,False,,,,,,,,,,,,,,,,,False,,N/A,,,,,,,,,,,,,,,,,,,N/A,,True,CALL,2026-08-14,177.5,100.0,25,0.0,-2.159,0.0,0.0,0.0,0.0,0.0,N/A,5,N/A,N/A,AMERICAN,100.0,N/A,False,,,,False,,,,False,,,,,,False,,,,,,N/A,N/A,N/A,N/A,N/A,N/A,N/A,N/A,N/A,N/A,N/A,N/A,N/A,N/A,N/A,N/A,N/A,N/A,N/A,N/A,N/A,N/A,N/A
US.NVDA260814P177500,NVDA 260814 177.50P,2026-08-07 15:17:18,0.03,0.04,0.06,0.03,0.0771,111.0,344.0,0.0,False,N/A,100,0.01,US.NVDA,0.05,0.03,53.0,10.0,,,,,,,,38.911,0.03099099099,-68.254,0.0,0.0,0.0,0.0,0.0,0.0,0,0.0,NORMAL,False,,,,,,,,,,,,,,,,,False,,N/A,,,,,,,,,,,,,,,,,,,N/A,,True,PUT,2026-08-14,177.5,100.0,313,79.37,20.758,-0.00576109,0.000779033,0.004351147,-0.025518466,-0.000160753,N/A,5,N/A,N/A,AMERICAN,100.0,N/A,False,,,,False,,,,False,,,,,,False,,,,,,N/A,N/A,N/A,N/A,N/A,N/A,N/A,N/A,N/A,N/A,N/A,N/A,N/A,N/A,N/A,N/A,N/A,N/A,N/A,N/A,N/A,N/A,N/A
US.NVDA260814C180000,NVDA 260814 180.00C,2026-08-07 15:57:31,44.28,42.2,44.28,42.19,39.1389,13.0,56088.0,0.0,False,N/A,100,0.05,US.NVDA,46.4,42.4,219.0,138.0,,,,,,,,5.34,43.14461538461,-22.689,0.0,0.0,0.0,0.0,0.0,0.0,0,0.0,NORMAL,False,,,,,,,,,,,,,,,,,False,,N/A,,,,,,,,,,,,,,,,,,,N/A,,True,CALL,2026-08-14,180.0,100.0,503,102.507,0.142,0.968942563,0.002576044,0.018568331,-0.182168122,0.024197396,N/A,5,N/A,N/A,AMERICAN,100.0,N/A,False,,,,False,,,,False,,,,,,False,,,,,,N/A,N/A,N/A,N/A,N/A,N/A,N/A,N/A,N/A,N/A,N/A,N/A,N/A,N/A,N/A,N/A,N/A,N/A,N/A,N/A,N/A,N/A,N/A
US.NVDA260814P180000,NVDA 260814 180.00P,2026-08-07 15:53:17,0.04,0.07,0.07,0.04,0.09,907.0,4344.0,0.0,False,N/A,100,0.01,US.NVDA,0.05,0.04,15.0,4.0,,,,,,,,33.333,0.04789415656,-57.895,0.0,0.0,0.0,0.0,0.0,0.0,0,0.0,NORMAL,False,,,,,,,,,,,,,,,,,False,,N/A,,,,,,,,,,,,,,,,,,,N/A,,True,PUT,2026-08-14,180.0,100.0,10020,76.135,19.646,-0.006666681,0.000924251,0.004951677,-0.028195547,-0.000187484,N/A,5,N/A,N/A,AMERICAN,100.0,N/A,False,,,,False,,,,False,,,,,,False,,,,,,N/A,N/A,N/A,N/A,N/A,N/A,N/A,N/A,N/A,N/A,N/A,N/A,N/A,N/A,N/A,N/A,N/A,N/A,N/A,N/A,N/A,N/A,N/A
US.NVDA260814C182500,NVDA 260814 182.50C,2026-08-07 14:26:19,40.35,39.58,40.35,39.58,36.6559,41.0,165358.0,0.0,False,N/A,100,0.05,US.NVDA,44.15,38.95,10.0,38.0,,,,,,,,2.101,40.33121951219,58.333,0.0,0.0,0.0,0.0,0.0,0.0,0,0.0,NORMAL,False,,,,,,,,,,,,,,,,,False,,N/A,,,,,,,,,,,,,,,,,,,N/A,,True,CALL,2026-08-14,182.5,100.0,45,0.0,-0.495,0.0,0.0,0.0,0.0,0.0,N/A,5,N/A,N/A,AMERICAN,100.0,N/A,False,,,,False,,,,False,,,,,,False,,,,,,N/A,N/A,N/A,N/A,N/A,N/A,N/A,N/A,N/A,N/A,N/A,N/A,N/A,N/A,N/A,N/A,N/A,N/A,N/A,N/A,N/A,N/A,N/A
US.NVDA260814P182500,NVDA 260814 182.50P,2026-08-07 14:57:25,0.05,0.06,0.07,0.05,0.105,130.0,682.0,0.0,False,N/A,100,0.01,US.NVDA,0.06,0.04,72.0,29.0,,,,,,,,19.048,0.052461538460000005,-42.574,0.0,0.0,0.0,0.0,0.0,0.0,0,0.0,NORMAL,False,,,,,,,,,,,,,,,,,False,,N/A,,,,,,,,,,,,,,,,,,,N/A,,True,PUT,2026-08-14,182.5,100.0,626,72.766,18.534,-0.007651151,0.001091988,0.0055913,-0.030776423,-0.000216525,N/A,5,N/A,N/A,AMERICAN,100.0,N/A,False,,,,False,,,,False,,,,,,False,,,,,,N/A,N/A,N/A,N/A,N/A,N/A,N/A,N/A,N/A,N/A,N/A,N/A,N/A,N/A,N/A,N/A,N/A,N/A,N/A,N/A,N/A,N/A,N/A
US.NVDA260814C185000,NVDA 260814 185.00C,2026-08-07 14:40:30,37.36,37.7,39.47,36.77,34.1729,141.0,530733.0,0.0,False,N/A,100,0.05,US.NVDA,39.8,37.5,76.0,81.0,,,,,,,,7.901,37.64063829787,3.185,0.0,0.0,0.0,0.0,0.0,0.0,0,0.0,NORMAL,False,,,,,,,,,,,,,,,,,False,,N/A,,,,,,,,,,,,,,,,,,,N/A,,True,CALL,2026-08-14,185.0,100.0,438,0.0,-0.714,0.0,0.0,0.0,0.0,0.0,N/A,5,N/A,N/A,AMERICAN,100.0,N/A,False,,,,False,,,,False,,,,,,False,,,,,,N/A,N/A,N/A,N/A,N/A,N/A,N/A,N/A,N/A,N/A,N/A,N/A,N/A,N/A,N/A,N/A,N/A,N/A,N/A,N/A,N/A,N/A,N/A
US.NVDA260814P185000,NVDA 260814 185.00P,2026-08-07 15:55:49,0.07,0.09,0.1,0.05,0.12,657.0,4482.0,0.0,False,N/A,100,0.01,US.NVDA,0.07,0.06,219.0,2.0,,,,,,,,41.667,0.06821917808,-98.19,0.0,0.0,0.0,0.0,0.0,0.0,0,0.0,NORMAL,False,,,,,,,,,,,,,,,,,False,,N/A,,,,,,,,,,,,,,,,,,,N/A,,True,PUT,2026-08-14,185.0,100.0,9040,70.788,17.427,-0.009950064,0.001413323,0.007039007,-0.03854971,-0.000285793,N/A,5,N/A,N/A,AMERICAN,100.0,N/A,False,,,,False,,,,False,,,,,,False,,,,,,N/A,N/A,N/A,N/A,N/A,N/A,N/A,N/A,N/A,N/A,N/A,N/A,N/A,N/A,N/A,N/A,N/A,N/A,N/A,N/A,N/A,N/A,N/A
US.NVDA260814C187500,NVDA 260814 187.50C,2026-08-07 12:39:43,35.4,34.69,36.18,34.5,31.6949,36.0,126255.0,0.0,False,N/A,100,0.05,US.NVDA,37.85,33.8,97.0,84.0,,,,,,,,5.301,35.07083333333,-7.182,0.0,0.0,0.0,0.0,0.0,0.0,0,0.0,NORMAL,False,,,,,,,,,,,,,,,,,False,,N/A,,,,,,,,,,,,,,,,,,,N/A,,True,CALL,2026-08-14,187.5,100.0,114,0.0,-0.473,0.0,0.0,0.0,0.0,0.0,N/A,5,N/A,N/A,AMERICAN,100.0,N/A,False,,,,False,,,,False,,,,,,False,,,,,,N/A,N/A,N/A,N/A,N/A,N/A,N/A,N/A,N/A,N/A,N/A,N/A,N/A,N/A,N/A,N/A,N/A,N/A,N/A,N/A,N/A,N/A,N/A
US.NVDA260814P187500,NVDA 260814 187.50P,2026-08-07 15:47:14,0.08,0.08,0.1,0.07,0.14,1117.0,9135.0,0.0,False,N/A,100,0.01,US.NVDA,0.08,0.06,176.0,222.0,,,,,,,,21.429,0.08178155774000001,11.558,0.0,0.0,0.0,0.0,0.0,0.0,0,0.0,NORMAL,False,,,,,,,,,,,,,,,,,False,,N/A,,,,,,,,,,,,,,,,,,,N/A,,True,PUT,2026-08-14,187.5,100.0,1040,67.058,16.315,-0.011181938,0.001651638,0.00779239,-0.040811974,-0.000322106,N/A,5,N/A,N/A,AMERICAN,100.0,N/A,False,,,,False,,,,False,,,,,,False,,,,,,N/A,N/A,N/A,N/A,N/A,N/A,N/A,N/A,N/A,N/A,N/A,N/A,N/A,N/A,N/A,N/A,N/A,N/A,N/A,N/A,N/A,N/A,N/A
US.NVDA260814C190000,NVDA 260814 190.00C,2026-08-07 15:38:43,33.12,32.49,34.85,31.77,29.2269,79.0,259856.0,0.0,False,N/A,100,0.05,US.NVDA,34.7,32.5,99.0,129.0,,,,,,,,10.538,32.89316455696,13.158,0.0,0.0,0.0,0.0,0.0,0.0,0,0.0,NORMAL,False,,,,,,,,,,,,,,,,,False,,N/A,,,,,,,,,,,,,,,,,,,N/A,,True,CALL,2026-08-14,190.0,100.0,2238,0.0,-0.375,0.0,0.0,0.0,0.0,0.0,N/A,5,N/A,N/A,AMERICAN,100.0,N/A,False,,,,False,,,,False,,,,,,False,,,,,,N/A,N/A,N/A,N/A,N/A,N/A,N/A,N/A,N/A,N/A,N/A,N/A,N/A,N/A,N/A,N/A,N/A,N/A,N/A,N/A,N/A,N/A,N/A
US.NVDA260814P190000,NVDA 260814 190.00P,2026-08-07 15:57:54,0.08,0.12,0.13,0.08,0.17,2090.0,19994.0,0.0,False,N/A,100,0.01,US.NVDA,0.08,0.07,10.0,165.0,,,,,,,,29.412,0.09566507177,88.571,0.0,0.0,0.0,0.0,0.0,0.0,0,0.0,NORMAL,False,,,,,,,,,,,,,,,,,False,,N/A,,,,,,,,,,,,,,,,,,,N/A,,True,PUT,2026-08-14,190.0,100.0,5851,63.261,15.199,-0.012552486,0.00193552,0.008614495,-0.042962622,-0.000362426,N/A,5,N/A,N/A,AMERICAN,100.0,N/A,False,,,,False,,,,False,,,,,,False,,,,,,N/A,N/A,N/A,N/A,N/A,N/A,N/A,N/A,N/A,N/A,N/A,N/A,N/A,N/A,N/A,N/A,N/A,N/A,N/A,N/A,N/A,N/A,N/A
US.NVDA260814C192500,NVDA 260814 192.50C,2026-08-07 15:29:41,30.63,30.27,32.3,29.67,26.7589,55.0,168941.0,0.0,False,N/A,100,0.05,US.NVDA,32.15,29.0,13.0,108.0,,,,,,,,9.829,30.71654545454,78.512,0.0,0.0,0.0,0.0,0.0,0.0,0,0.0,NORMAL,False,,,,,,,,,,,,,,,,,False,,N/A,,,,,,,,,,,,,,,,,,,N/A,,True,CALL,2026-08-14,192.5,100.0,429,0.0,-0.37,0.0,0.0,0.0,0.0,0.0,N/A,5,N/A,N/A,AMERICAN,100.0,N/A,False,,,,False,,,,False,,,,,,False,,,,,,N/A,N/A,N/A,N/A,N/A,N/A,N/A,N/A,N/A,N/A,N/A,N/A,N/A,N/A,N/A,N/A,N/A,N/A,N/A,N/A,N/A,N/A,N/A
US.NVDA260814P192500,NVDA 260814 192.50P,2026-08-07 15:59:20,0.1,0.14,0.14,0.1,0.2,791.0,9035.0,0.0,False,N/A,100,0.01,US.NVDA,0.11,0.09,197.0,140.0,,,,,,,,20.0,0.11422250315999999,-16.914,0.0,0.0,0.0,0.0,0.0,0.0,0,0.0,NORMAL,False,,,,,,,,,,,,,,,,,False,,N/A,,,,,,,,,,,,,,,,,,,N/A,,True,PUT,2026-08-14,192.5,100.0,1672,61.35,14.091,-0.016697973,0.002551575,0.01101184,-0.054579027,-0.000488015,N/A,5,N/A,N/A,AMERICAN,100.0,N/A,False,,,,False,,,,False,,,,,,False,,,,,,N/A,N/A,N/A,N/A,N/A,N/A,N/A,N/A,N/A,N/A,N/A,N/A,N/A,N/A,N/A,N/A,N/A,N/A,N/A,N/A,N/A,N/A,N/A
US.NVDA260814C195000,NVDA 260814 195.00C,2026-08-07 15:48:40,28.0,27.3,29.87,26.87,24.3109,294.0,830292.0,0.0,False,N/A,100,0.05,US.NVDA,29.6,27.35,12.0,72.0,,,,,,,,12.34,28.241224489790003,71.429,0.0,0.0,0.0,0.0,0.0,0.0,0,0.0,NORMAL,False,,,,,,,,,,,,,,,,,False,,N/A,,,,,,,,,,,,,,,,,,,N/A,,True,CALL,2026-08-14,195.0,100.0,2891,0.0,-0.428,0.0,0.0,0.0,0.0,0.0,N/A,5,N/A,N/A,AMERICAN,100.0,N/A,False,,,,False,,,,False,,,,,,False,,,,,,N/A,N/A,N/A,N/A,N/A,N/A,N/A,N/A,N/A,N/A,N/A,N/A,N/A,N/A,N/A,N/A,N/A,N/A,N/A,N/A,N/A,N/A,N/A
US.NVDA260814P195000,NVDA 260814 195.00P,2026-08-07 15:59:35,0.11,0.18,0.18,0.11,0.25,993.0,13361.0,0.0,False,N/A,100,0.01,US.NVDA,0.12,0.11,60.0,257.0,,,,,,,,28.0,0.13455186304,62.145,0.0,0.0,0.0,0.0,0.0,0.0,0,0.0,NORMAL,False,,,,,,,,,,,,,,,,,False,,N/A,,,,,,,,,,,,,,,,,,,N/A,,True,PUT,2026-08-14,195.0,100.0,9291,58.058,12.979,-0.019881008,0.003128517,0.012776383,-0.060801432,-0.000583496,N/A,5,N/A,N/A,AMERICAN,100.0,N/A,False,,,,False,,,,False,,,,,,False,,,,,,N/A,N/A,N/A,N/A,N/A,N/A,N/A,N/A,N/A,N/A,N/A,N/A,N/A,N/A,N/A,N/A,N/A,N/A,N/A,N/A,N/A,N/A,N/A
US.NVDA260814C197500,NVDA 260814 197.50C,2026-08-07 15:38:50,25.54,25.0,27.3,24.5,21.8778,304.0,769250.0,0.0,False,N/A,100,0.05,US.NVDA,27.55,25.0,51.0,94.0,,,,,,,,12.798,25.304276315779997,29.655,0.0,0.0,0.0,0.0,0.0,0.0,0,0.0,NORMAL,False,,,,,,,,,,,,,,,,,False,,N/A,,,,,,,,,,,,,,,,,,,N/A,,True,CALL,2026-08-14,197.5,100.0,1028,0.0,-0.41,0.0,0.0,0.0,0.0,0.0,N/A,5,N/A,N/A,AMERICAN,100.0,N/A,False,,,,False,,,,False,,,,,,False,,,,,,N/A,N/A,N/A,N/A,N/A,N/A,N/A,N/A,N/A,N/A,N/A,N/A,N/A,N/A,N/A,N/A,N/A,N/A,N/A,N/A,N/A,N/A,N/A
US.NVDA260814P197500,NVDA 260814 197.50P,2026-08-07 15:59:33,0.13,0.23,0.23,0.12,0.315,11231.0,171195.0,0.0,False,N/A,100,0.01,US.NVDA,0.14,0.13,57.0,36.0,,,,,,,,34.921,0.15243077197,-22.581,0.0,0.0,0.0,0.0,0.0,0.0,0,0.0,NORMAL,False,,,,,,,,,,,,,,,,,False,,N/A,,,,,,,,,,,,,,,,,,,N/A,,True,PUT,2026-08-14,197.5,100.0,1807,54.879,11.872,-0.02410993,0.003895219,0.015035109,-0.068724741,-0.000710703,N/A,5,N/A,N/A,AMERICAN,100.0,N/A,False,,,,False,,,,False,,,,,,False,,,,,,N/A,N/A,N/A,N/A,N/A,N/A,N/A,N/A,N/A,N/A,N/A,N/A,N/A,N/A,N/A,N/A,N/A,N/A,N/A,N/A,N/A,N/A,N/A
US.NVDA260814C200000,NVDA 260814 200.00C,2026-08-07 15:59:56,24.24,22.35,25.0,21.92,19.4897,3002.0,6925853.0,0.0,False,N/A,100,0.05,US.NVDA,24.5,23.7,10.0,20.0,,,,,,,,15.803,23.0707961359,33.333,0.0,0.0,0.0,0.0,0.0,0.0,0,0.0,NORMAL,False,,,,,,,,,,,,,,,,,False,,N/A,,,,,,,,,,,,,,,,,,,N/A,,True,CALL,2026-08-14,200.0,100.0,6305,40.865,0.125,0.991197951,0.002199757,0.006329788,-0.040673218,0.027742002,N/A,5,N/A,N/A,AMERICAN,100.0,N/A,False,,,,False,,,,False,,,,,,False,,,,,,N/A,N/A,N/A,N/A,N/A,N/A,N/A,N/A,N/A,N/A,N/A,N/A,N/A,N/A,N/A,N/A,N/A,N/A,N/A,N/A,N/A,N/A,N/A
US.NVDA260814P200000,NVDA 260814 200.00P,2026-08-07 15:59:59,0.17,0.3,0.3,0.14,0.425,6788.0,138270.0,0.0,False,N/A,100,0.01,US.NVDA,0.17,0.15,366.0,136.0,,,,,,,,37.647,0.20369770182,-45.817,0.0,0.0,0.0,0.0,0.0,0.0,0,0.0,NORMAL,False,,,,,,,,,,,,,,,,,False,,N/A,,,,,,,,,,,,,,,,,,,N/A,,True,PUT,2026-08-14,200.0,100.0,11514,51.698,10.774,-0.029540931,0.004899532,0.017814,-0.078006596,-0.000874241,N/A,5,N/A,N/A,AMERICAN,100.0,N/A,False,,,,False,,,,False,,,,,,False,,,,,,N/A,N/A,N/A,N/A,N/A,N/A,N/A,N/A,N/A,N/A,N/A,N/A,N/A,N/A,N/A,N/A,N/A,N/A,N/A,N/A,N/A,N/A,N/A
US.NVDA260814C202500,NVDA 260814 202.50C,2026-08-07 15:47:34,20.6,20.37,22.5,19.4,17.1366,460.0,948339.0,0.0,False,N/A,100,0.05,US.NVDA,22.1,20.1,38.0,109.0,,,,,,,,18.09,20.616065217390002,48.299,0.0,0.0,0.0,0.0,0.0,0.0,0,0.0,NORMAL,False,,,,,,,,,,,,,,,,,False,,N/A,,,,,,,,,,,,,,,,,,,N/A,,True,CALL,2026-08-14,202.5,100.0,6218,0.0,-0.383,0.0,0.0,0.0,0.0,0.0,N/A,5,N/A,N/A,AMERICAN,100.0,N/A,False,,,,False,,,,False,,,,,,False,,,,,,N/A,N/A,N/A,N/A,N/A,N/A,N/A,N/A,N/A,N/A,N/A,N/A,N/A,N/A,N/A,N/A,N/A,N/A,N/A,N/A,N/A,N/A,N/A
US.NVDA260814P202500,NVDA 260814 202.50P,2026-08-07 15:58:57,0.19,0.4,0.4,0.19,0.57,2341.0,58944.0,0.0,False,N/A,100,0.01,US.NVDA,0.21,0.19,53.0,243.0,,,,,,,,36.842,0.2517898334,64.189,0.0,0.0,0.0,0.0,0.0,0.0,0,0.0,NORMAL,False,,,,,,,,,,,,,,,,,False,,N/A,,,,,,,,,,,,,,,,,,,N/A,,True,PUT,2026-08-14,202.5,100.0,3963,48.898,9.666,-0.037725892,0.00633581,0.021785801,-0.092073297,-0.001121901,N/A,5,N/A,N/A,AMERICAN,100.0,N/A,False,,,,False,,,,False,,,,,,False,,,,,,N/A,N/A,N/A,N/A,N/A,N/A,N/A,N/A,N/A,N/A,N/A,N/A,N/A,N/A,N/A,N/A,N/A,N/A,N/A,N/A,N/A,N/A,N/A
US.NVDA260814C205000,NVDA 260814 205.00C,2026-08-07 15:59:10,19.52,17.6,20.1,16.4,14.8584,1813.0,3360540.0,0.0,False,N/A,100,0.05,US.NVDA,19.65,19.2,34.0,18.0,,,,,,,,24.902,18.53579702151,-30.769,0.0,0.0,0.0,0.0,0.0,0.0,0,0.0,NORMAL,False,,,,,,,,,,,,,,,,,False,,N/A,,,,,,,,,,,,,,,,,,,N/A,,True,CALL,2026-08-14,205.0,100.0,4330,49.564,0.25,0.938927472,0.009189991,0.03202556,-0.164300737,0.026756254,N/A,5,N/A,N/A,AMERICAN,100.0,N/A,False,,,,False,,,,False,,,,,,False,,,,,,N/A,N/A,N/A,N/A,N/A,N/A,N/A,N/A,N/A,N/A,N/A,N/A,N/A,N/A,N/A,N/A,N/A,N/A,N/A,N/A,N/A,N/A,N/A
US.NVDA260814P205000,NVDA 260814 205.00P,2026-08-07 15:59:28,0.25,0.51,0.56,0.25,0.79,9234.0,314382.0,0.0,False,N/A,100,0.01,US.NVDA,0.26,0.25,28.0,51.0,,,,,,,,39.241,0.34046133853,29.114,0.0,0.0,0.0,0.0,0.0,0.0,0,0.0,NORMAL,False,,,,,,,,,,,,,,,,,False,,N/A,,,,,,,,,,,,,,,,,,,N/A,,True,PUT,2026-08-14,205.0,100.0,10877,46.172,8.577,-0.048971976,0.00828451,0.026894899,-0.109633919,-0.001462677,N/A,5,N/A,N/A,AMERICAN,100.0,N/A,False,,,,False,,,,False,,,,,,False,,,,,,N/A,N/A,N/A,N/A,N/A,N/A,N/A,N/A,N/A,N/A,N/A,N/A,N/A,N/A,N/A,N/A,N/A,N/A,N/A,N/A,N/A,N/A,N/A
US.NVDA260814C207500,NVDA 260814 207.50C,2026-08-07 15:58:13,17.0,15.5,17.77,14.49,12.6851,715.0,1120465.0,0.0,False,N/A,100,0.05,US.NVDA,17.15,16.75,19.0,19.0,,,,,,,,25.857,15.67083916083,0.0,0.0,0.0,0.0,0.0,0.0,0.0,0,0.0,NORMAL,False,,,,,,,,,,,,,,,,,False,,N/A,,,,,,,,,,,,,,,,,,,N/A,,True,CALL,2026-08-14,207.5,100.0,12392,44.875,0.241,0.929676754,0.011323321,0.035724958,-0.16746747,0.026812778,N/A,5,N/A,N/A,AMERICAN,100.0,N/A,False,,,,False,,,,False,,,,,,False,,,,,,N/A,N/A,N/A,N/A,N/A,N/A,N/A,N/A,N/A,N/A,N/A,N/A,N/A,N/A,N/A,N/A,N/A,N/A,N/A,N/A,N/A,N/A,N/A
US.NVDA260814P207500,NVDA 260814 207.50P,2026-08-07 15:59:49,0.35,0.71,0.8,0.35,1.115,2008.0,97938.0,0.0,False,N/A,100,0.01,US.NVDA,0.36,0.34,187.0,115.0,,,,,,,,40.359,0.48773904382,-23.841,0.0,0.0,0.0,0.0,0.0,0.0,0,0.0,NORMAL,False,,,,,,,,,,,,,,,,,False,,N/A,,,,,,,,,,,,,,,,,,,N/A,,True,PUT,2026-08-14,207.5,100.0,3483,44.056,7.505,-0.066877223,0.011095287,0.034364108,-0.137042864,-0.002007637,N/A,5,N/A,N/A,AMERICAN,100.0,N/A,False,,,,False,,,,False,,,,,,False,,,,,,N/A,N/A,N/A,N/A,N/A,N/A,N/A,N/A,N/A,N/A,N/A,N/A,N/A,N/A,N/A,N/A,N/A,N/A,N/A,N/A,N/A,N/A,N/A
US.NVDA260814C210000,NVDA 260814 210.00C,2026-08-07 15:59:57,14.57,12.77,15.58,12.06,10.6466,16628.0,22021381.0,0.0,False,N/A,100,0.05,US.NVDA,14.7,14.45,14.0,20.0,,,,,,,,33.062,13.243553644450001,17.647,0.0,0.0,0.0,0.0,0.0,0.0,0,0.0,NORMAL,False,,,,,,,,,,,,,,,,,False,,N/A,,,,,,,,,,,,,,,,,,,N/A,,True,CALL,2026-08-14,210.0,100.0,8474,42.374,0.272,0.906350209,0.014884027,0.044339259,-0.196527625,0.026413346,N/A,5,N/A,N/A,AMERICAN,100.0,N/A,False,,,,False,,,,False,,,,,,False,,,,,,N/A,N/A,N/A,N/A,N/A,N/A,N/A,N/A,N/A,N/A,N/A,N/A,N/A,N/A,N/A,N/A,N/A,N/A,N/A,N/A,N/A,N/A,N/A
US.NVDA260814P210000,NVDA 260814 210.00P,2026-08-07 15:59:57,0.49,1.0,1.12,0.47,1.575,11873.0,780103.0,0.0,False,N/A,100,0.01,US.NVDA,0.5,0.48,18.0,74.0,,,,,,,,41.27,0.65703950138,60.87,0.0,0.0,0.0,0.0,0.0,0.0,0,0.0,NORMAL,False,,,,,,,,,,,,,,,,,False,,N/A,,,,,,,,,,,,,,,,,,,N/A,,True,PUT,2026-08-14,210.0,100.0,7202,42.09,6.452,-0.092292833,0.014824023,0.043859166,-0.171310494,-0.002781767,N/A,5,N/A,N/A,AMERICAN,100.0,N/A,False,,,,False,,,,False,,,,,,False,,,,,,N/A,N/A,N/A,N/A,N/A,N/A,N/A,N/A,N/A,N/A,N/A,N/A,N/A,N/A,N/A,N/A,N/A,N/A,N/A,N/A,N/A,N/A,N/A
US.NVDA260814C212500,NVDA 260814 212.50C,2026-08-07 15:58:45,12.5,10.31,13.01,10.05,8.7679,4512.0,5277684.0,0.0,False,N/A,100,0.05,US.NVDA,12.5,12.05,128.0,108.0,,,,,,,,33.76,11.69699468085,-8.475,0.0,0.0,0.0,0.0,0.0,0.0,0,0.0,NORMAL,False,,,,,,,,,,,,,,,,,False,,N/A,,,,,,,,,,,,,,,,,,,N/A,,True,CALL,2026-08-14,212.5,100.0,6955,40.364,0.464,0.871645967,0.019590366,0.055590251,-0.235457358,0.025646174,N/A,5,N/A,N/A,AMERICAN,100.0,N/A,False,,,,False,,,,False,,,,,,False,,,,,,N/A,N/A,N/A,N/A,N/A,N/A,N/A,N/A,N/A,N/A,N/A,N/A,N/A,N/A,N/A,N/A,N/A,N/A,N/A,N/A,N/A,N/A,N/A
US.NVDA260814P212500,NVDA 260814 212.50P,2026-08-07 15:59:49,0.73,1.49,1.6,0.73,2.195,17014.0,1558400.0,0.0,False,N/A,100,0.01,US.NVDA,0.75,0.72,13.0,34.0,,,,,,,,39.636,0.91595156929,44.681,0.0,0.0,0.0,0.0,0.0,0.0,0,0.0,NORMAL,False,,,,,,,,,,,,,,,,,False,,N/A,,,,,,,,,,,,,,,,,,,N/A,,True,PUT,2026-08-14,212.5,100.0,13665,40.964,5.442,-0.131808256,0.019664056,0.05661588,-0.220890285,-0.00398855,N/A,5,N/A,N/A,AMERICAN,100.0,N/A,False,,,,False,,,,False,,,,,,False,,,,,,N/A,N/A,N/A,N/A,N/A,N/A,N/A,N/A,N/A,N/A,N/A,N/A,N/A,N/A,N/A,N/A,N/A,N/A,N/A,N/A,N/A,N/A,N/A
US.NVDA260814C215000,NVDA 260814 215.00C,2026-08-07 15:59:52,10.25,8.95,11.21,8.22,7.084,3904.0,3626574.0,0.0,False,N/A,100,0.05,US.NVDA,10.3,10.1,25.0,19.0,,,,,,,,42.208,9.28938012295,-13.636,0.0,0.0,0.0,0.0,0.0,0.0,0,0.0,NORMAL,False,,,,,,,,,,,,,,,,,False,,N/A,,,,,,,,,,,,,,,,,,,N/A,,True,CALL,2026-08-14,215.0,100.0,15817,40.412,0.575,0.812856087,0.025087327,0.071277526,-0.303127846,0.024091246,N/A,5,N/A,N/A,AMERICAN,100.0,N/A,False,,,,False,,,,False,,,,,,False,,,,,,N/A,N/A,N/A,N/A,N/A,N/A,N/A,N/A,N/A,N/A,N/A,N/A,N/A,N/A,N/A,N/A,N/A,N/A,N/A,N/A,N/A,N/A,N/A
US.NVDA260814P215000,NVDA 260814 215.00P,2026-08-07 15:59:57,1.11,1.92,2.26,1.05,3.01,20494.0,3168501.0,0.0,False,N/A,100,0.01,US.NVDA,1.12,1.08,6.0,42.0,,,,,,,,40.199,1.54606275007,75.0,0.0,0.0,0.0,0.0,0.0,0.0,0,0.0,NORMAL,False,,,,,,,,,,,,,,,,,False,,N/A,,,,,,,,,,,,,,,,,,,N/A,,True,PUT,2026-08-14,215.0,100.0,3143,40.057,4.496,-0.185270147,0.025158948,0.070825247,-0.276309575,-0.005618542,N/A,5,N/A,N/A,AMERICAN,100.0,N/A,False,,,,False,,,,False,,,,,,False,,,,,,N/A,N/A,N/A,N/A,N/A,N/A,N/A,N/A,N/A,N/A,N/A,N/A,N/A,N/A,N/A,N/A,N/A,N/A,N/A,N/A,N/A,N/A,N/A
US.NVDA260814C217500,NVDA 260814 217.50C,2026-08-07 15:59:43,8.36,7.05,9.0,6.47,5.5748,4487.0,3603386.0,0.0,False,N/A,100,0.05,US.NVDA,8.35,8.15,28.0,20.0,,,,,,,,45.383,8.03072431468,-16.667,0.0,0.0,0.0,0.0,0.0,0.0,0,0.0,NORMAL,False,,,,,,,,,,,,,,,,,False,,N/A,,,,,,,,,,,,,,,,,,,N/A,,True,CALL,2026-08-14,217.5,100.0,3347,39.92,0.848,0.743522147,0.030425429,0.0853976,-0.360560429,0.022187744,N/A,5,N/A,N/A,AMERICAN,100.0,N/A,False,,,,False,,,,False,,,,,,False,,,,,,N/A,N/A,N/A,N/A,N/A,N/A,N/A,N/A,N/A,N/A,N/A,N/A,N/A,N/A,N/A,N/A,N/A,N/A,N/A,N/A,N/A,N/A,N/A
US.NVDA260814P217500,NVDA 260814 217.50P,2026-08-07 15:59:59,1.63,2.8,3.1,1.58,4.0,4522.0,1009150.0,0.0,False,N/A,100,0.01,US.NVDA,1.69,1.6,23.0,97.0,,,,,,,,38.0,2.23164528969,61.667,0.0,0.0,0.0,0.0,0.0,0.0,0,0.0,NORMAL,False,,,,,,,,,,,,,,,,,False,,N/A,,,,,,,,,,,,,,,,,,,N/A,,True,PUT,2026-08-14,217.5,100.0,1670,39.577,3.612,-0.254961643,0.030608019,0.08512042,-0.333887883,-0.007735752,N/A,5,N/A,N/A,AMERICAN,100.0,N/A,False,,,,False,,,,False,,,,,,False,,,,,,N/A,N/A,N/A,N/A,N/A,N/A,N/A,N/A,N/A,N/A,N/A,N/A,N/A,N/A,N/A,N/A,N/A,N/A,N/A,N/A,N/A,N/A,N/A
US.NVDA260814C220000,NVDA 260814 220.00C,2026-08-07 15:59:56,6.45,5.5,7.17,4.9,4.3,14384.0,8507381.0,0.0,False,N/A,100,0.05,US.NVDA,6.55,6.4,50.0,25.0,,,,,,,,52.791,5.914475111230001,-33.333,0.0,0.0,0.0,0.0,0.0,0.0,0,0.0,NORMAL,False,,,,,,,,,,,,,,,,,False,,N/A,,,,,,,,,,,,,,,,,,,N/A,,True,CALL,2026-08-14,220.0,100.0,11427,39.294,1.111,0.662129033,0.03508018,0.096922875,-0.404208305,0.019881088,N/A,5,N/A,N/A,AMERICAN,100.0,N/A,False,,,,False,,,,False,,,,,,False,,,,,,N/A,N/A,N/A,N/A,N/A,N/A,N/A,N/A,N/A,N/A,N/A,N/A,N/A,N/A,N/A,N/A,N/A,N/A,N/A,N/A,N/A,N/A,N/A
US.NVDA260814P220000,NVDA 260814 220.00P,2026-08-07 15:59:59,2.37,3.95,4.15,2.26,5.2248,12415.0,3507786.0,0.0,False,N/A,100,0.01,US.NVDA,2.43,2.33,3.0,30.0,,,,,,,,36.174,2.8254418042600005,81.818,0.0,0.0,0.0,0.0,0.0,0.0,0,0.0,NORMAL,False,,,,,,,,,,,,,,,,,False,,N/A,,,,,,,,,,,,,,,,,,,N/A,,True,PUT,2026-08-14,220.0,100.0,3232,39.103,2.826,-0.337463499,0.035260458,0.096858497,-0.379416113,-0.010217173,N/A,5,N/A,N/A,AMERICAN,100.0,N/A,False,,,,False,,,,False,,,,,,False,,,,,,N/A,N/A,N/A,N/A,N/A,N/A,N/A,N/A,N/A,N/A,N/A,N/A,N/A,N/A,N/A,N/A,N/A,N/A,N/A,N/A,N/A,N/A,N/A
US.NVDA260814C222500,NVDA 260814 222.50C,2026-08-07 15:59:57,4.95,4.34,5.58,3.7,3.25,10996.0,4964184.0,0.0,False,N/A,100,0.05,US.NVDA,5.0,4.85,12.0,118.0,,,,,,,,57.846,4.51453619497,81.538,0.0,0.0,0.0,0.0,0.0,0.0,0,0.0,NORMAL,False,,,,,,,,,,,,,,,,,False,,N/A,,,,,,,,,,,,,,,,,,,N/A,,True,CALL,2026-08-14,222.5,100.0,4850,38.77,1.558,0.570306665,0.038200211,0.104140723,-0.428496863,0.017215445,N/A,5,N/A,N/A,AMERICAN,100.0,N/A,False,,,,False,,,,False,,,,,,False,,,,,,N/A,N/A,N/A,N/A,N/A,N/A,N/A,N/A,N/A,N/A,N/A,N/A,N/A,N/A,N/A,N/A,N/A,N/A,N/A,N/A,N/A,N/A,N/A
US.NVDA260814P222500,NVDA 260814 222.50P,2026-08-07 15:59:55,3.33,5.0,5.4,3.18,6.6749,4052.0,1587778.0,0.0,False,N/A,100,0.05,US.NVDA,3.4,3.3,15.0,57.0,,,,,,,,33.259,3.9185044422499997,58.333,0.0,0.0,0.0,0.0,0.0,0.0,0,0.0,NORMAL,False,,,,,,,,,,,,,,,,,False,,N/A,,,,,,,,,,,,,,,,,,,N/A,,True,PUT,2026-08-14,222.5,100.0,1172,38.79,2.138,-0.43008758,0.038233237,0.104131185,-0.406007688,-0.012955702,N/A,5,N/A,N/A,AMERICAN,100.0,N/A,False,,,,False,,,,False,,,,,,False,,,,,,N/A,N/A,N/A,N/A,N/A,N/A,N/A,N/A,N/A,N/A,N/A,N/A,N/A,N/A,N/A,N/A,N/A,N/A,N/A,N/A,N/A,N/A,N/A
US.NVDA260814C225000,NVDA 260814 225.00C,2026-08-07 15:59:57,3.62,3.15,4.2,2.65,2.37,37274.0,11851020.0,0.0,False,N/A,100,0.05,US.NVDA,3.7,3.55,38.0,93.0,,,,,,,,65.401,3.1794333852,41.985,0.0,0.0,0.0,0.0,0.0,0.0,0,0.0,NORMAL,False,,,,,,,,,,,,,,,,,False,,N/A,,,,,,,,,,,,,,,,,,,N/A,,True,CALL,2026-08-14,225.0,100.0,38065,38.378,2.08,0.473135579,0.039112091,0.10554838,-0.427810896,0.014346822,N/A,5,N/A,N/A,AMERICAN,100.0,N/A,False,,,,False,,,,False,,,,,,False,,,,,,N/A,N/A,N/A,N/A,N/A,N/A,N/A,N/A,N/A,N/A,N/A,N/A,N/A,N/A,N/A,N/A,N/A,N/A,N/A,N/A,N/A,N/A,N/A
US.NVDA260814P225000,NVDA 260814 225.00P,2026-08-07 15:59:08,4.45,6.6,7.0,4.3,8.2954,6467.0,3378256.0,0.0,False,N/A,100,0.05,US.NVDA,4.65,4.5,45.0,61.0,,,,,,,,32.548,5.223837946490001,15.094,0.0,0.0,0.0,0.0,0.0,0.0,0,0.0,NORMAL,False,,,,,,,,,,,,,,,,,False,,N/A,,,,,,,,,,,,,,,,,,,N/A,,True,PUT,2026-08-14,225.0,100.0,4640,38.636,1.522,-0.52709104,0.038927333,0.105503354,-0.407857136,-0.015736997,N/A,5,N/A,N/A,AMERICAN,100.0,N/A,False,,,,False,,,,False,,,,,,False,,,,,,N/A,N/A,N/A,N/A,N/A,N/A,N/A,N/A,N/A,N/A,N/A,N/A,N/A,N/A,N/A,N/A,N/A,N/A,N/A,N/A,N/A,N/A,N/A
US.NVDA260814C227500,NVDA 260814 227.50C,2026-08-07 15:59:59,2.61,2.32,3.07,1.82,1.705,12370.0,2813762.0,0.0,False,N/A,100,0.01,US.NVDA,2.64,2.57,21.0,24.0,,,,,,,,73.314,2.2746661277199998,6.667,0.0,0.0,0.0,0.0,0.0,0.0,0,0.0,NORMAL,False,,,,,,,,,,,,,,,,,False,,N/A,,,,,,,,,,,,,,,,,,,N/A,,True,CALL,2026-08-14,227.5,100.0,26026,38.359,2.746,0.378001099,0.037371551,0.100798995,-0.404136015,0.011502888,N/A,5,N/A,N/A,AMERICAN,100.0,N/A,False,,,,False,,,,False,,,,,,False,,,,,,N/A,N/A,N/A,N/A,N/A,N/A,N/A,N/A,N/A,N/A,N/A,N/A,N/A,N/A,N/A,N/A,N/A,N/A,N/A,N/A,N/A,N/A,N/A
US.NVDA260814P227500,NVDA 260814 227.50P,2026-08-07 15:59:48,5.9,8.34,8.58,5.7,10.1316,803.0,582596.0,0.0,False,N/A,100,0.05,US.NVDA,6.1,5.95,12.0,46.0,,,,,,,,28.426,7.25524283935,58.621,0.0,0.0,0.0,0.0,0.0,0.0,0,0.0,NORMAL,False,,,,,,,,,,,,,,,,,False,,N/A,,,,,,,,,,,,,,,,,,,N/A,,True,PUT,2026-08-14,227.5,100.0,505,38.329,1.053,-0.622865485,0.037506143,0.100666987,-0.380930885,-0.018319283,N/A,5,N/A,N/A,AMERICAN,100.0,N/A,False,,,,False,,,,False,,,,,,False,,,,,,N/A,N/A,N/A,N/A,N/A,N/A,N/A,N/A,N/A,N/A,N/A,N/A,N/A,N/A,N/A,N/A,N/A,N/A,N/A,N/A,N/A,N/A,N/A
US.NVDA260814C230000,NVDA 260814 230.00C,2026-08-07 15:59:59,1.81,1.67,2.19,1.22,1.215,36682.0,6071392.0,0.0,False,N/A,100,0.01,US.NVDA,1.83,1.78,12.0,31.0,,,,,,,,79.835,1.65514203151,44.186,0.0,0.0,0.0,0.0,0.0,0.0,0,0.0,NORMAL,False,,,,,,,,,,,,,,,,,False,,N/A,,,,,,,,,,,,,,,,,,,N/A,,True,CALL,2026-08-14,230.0,100.0,25477,38.277,3.505,0.290254952,0.033737678,0.090797954,-0.357517035,0.008860083,N/A,5,N/A,N/A,AMERICAN,100.0,N/A,False,,,,False,,,,False,,,,,,False,,,,,,N/A,N/A,N/A,N/A,N/A,N/A,N/A,N/A,N/A,N/A,N/A,N/A,N/A,N/A,N/A,N/A,N/A,N/A,N/A,N/A,N/A,N/A,N/A
US.NVDA260814P230000,NVDA 260814 230.00P,2026-08-07 15:57:22,7.7,9.5,9.77,7.3,12.1434,1261.0,1071771.0,0.0,False,N/A,100,0.05,US.NVDA,7.8,7.65,3.0,10.0,,,,,,,,20.34,8.49937351308,53.846,0.0,0.0,0.0,0.0,0.0,0.0,0,0.0,NORMAL,False,,,,,,,,,,,,,,,,,False,,N/A,,,,,,,,,,,,,,,,,,,N/A,,True,PUT,2026-08-14,230.0,100.0,690,38.233,0.741,-0.711065493,0.033918614,0.090515993,-0.334038473,-0.020442461,N/A,5,N/A,N/A,AMERICAN,100.0,N/A,False,,,,False,,,,False,,,,,,False,,,,,,N/A,N/A,N/A,N/A,N/A,N/A,N/A,N/A,N/A,N/A,N/A,N/A,N/A,N/A,N/A,N/A,N/A,N/A,N/A,N/A,N/A,N/A,N/A
US.NVDA260814C232500,NVDA 260814 232.50C,2026-08-07 15:59:53,1.23,1.21,1.5,0.82,0.865,15874.0,1608177.0,0.0,False,N/A,100,0.01,US.NVDA,1.24,1.19,25.0,21.0,,,,,,,,78.613,1.0130886984999998,-8.696,0.0,0.0,0.0,0.0,0.0,0.0,0,0.0,NORMAL,False,,,,,,,,,,,,,,,,,False,,N/A,,,,,,,,,,,,,,,,,,,N/A,,True,CALL,2026-08-14,232.5,100.0,25412,38.308,4.362,0.214615226,0.028733643,0.077386676,-0.298489064,0.00656794,N/A,5,N/A,N/A,AMERICAN,100.0,N/A,False,,,,False,,,,False,,,,,,False,,,,,,N/A,N/A,N/A,N/A,N/A,N/A,N/A,N/A,N/A,N/A,N/A,N/A,N/A,N/A,N/A,N/A,N/A,N/A,N/A,N/A,N/A,N/A,N/A
US.NVDA260814P232500,NVDA 260814 232.50P,2026-08-07 15:50:50,10.41,12.0,12.55,9.35,14.2957,185.0,186475.0,0.0,False,N/A,100,0.05,US.NVDA,10.1,9.55,47.0,10.0,,,,,,,,22.384,10.07972972972,-64.912,0.0,0.0,0.0,0.0,0.0,0.0,0,0.0,NORMAL,False,,,,,,,,,,,,,,,,,False,,N/A,,,,,,,,,,,,,,,,,,,N/A,,True,PUT,2026-08-14,232.5,100.0,244,40.653,0.834,-0.772327447,0.028273044,0.079942804,-0.306897975,-0.02180718,N/A,5,N/A,N/A,AMERICAN,100.0,N/A,False,,,,False,,,,False,,,,,,False,,,,,,N/A,N/A,N/A,N/A,N/A,N/A,N/A,N/A,N/A,N/A,N/A,N/A,N/A,N/A,N/A,N/A,N/A,N/A,N/A,N/A,N/A,N/A,N/A
US.NVDA260814C235000,NVDA 260814 235.00C,2026-08-07 15:59:55,0.81,0.81,1.02,0.53,0.61,20592.0,1440752.0,0.0,False,N/A,100,0.01,US.NVDA,0.82,0.79,29.0,10.0,,,,,,,,80.328,0.69966588966,-48.718,0.0,0.0,0.0,0.0,0.0,0.0,0,0.0,NORMAL,False,,,,,,,,,,,,,,,,,False,,N/A,,,,,,,,,,,,,,,,,,,N/A,,True,CALL,2026-08-14,235.0,100.0,25911,38.568,5.291,0.154080302,0.023207896,0.062924669,-0.238064584,0.004724807,N/A,5,N/A,N/A,AMERICAN,100.0,N/A,False,,,,False,,,,False,,,,,,False,,,,,,N/A,N/A,N/A,N/A,N/A,N/A,N/A,N/A,N/A,N/A,N/A,N/A,N/A,N/A,N/A,N/A,N/A,N/A,N/A,N/A,N/A,N/A,N/A
US.NVDA260814P235000,NVDA 260814 235.00P,2026-08-07 15:47:08,12.79,14.17,14.19,11.21,16.5437,374.0,497468.0,0.0,False,N/A,100,0.05,US.NVDA,11.9,11.65,24.0,16.0,,,,,,,,18.013,13.301283422450002,-20.0,0.0,0.0,0.0,0.0,0.0,0.0,0,0.0,NORMAL,False,,,,,,,,,,,,,,,,,False,,N/A,,,,,,,,,,,,,,,,,,,N/A,,True,PUT,2026-08-14,235.0,100.0,253,39.223,0.781,-0.843657489,0.023512873,0.063366871,-0.223749251,-0.022495121,N/A,5,N/A,N/A,AMERICAN,100.0,N/A,False,,,,False,,,,False,,,,,,False,,,,,,N/A,N/A,N/A,N/A,N/A,N/A,N/A,N/A,N/A,N/A,N/A,N/A,N/A,N/A,N/A,N/A,N/A,N/A,N/A,N/A,N/A,N/A,N/A
US.NVDA260814C237500,NVDA 260814 237.50C,2026-08-07 15:59:35,0.52,0.65,0.68,0.35,0.445,4020.0,192911.0,0.0,False,N/A,100,0.01,US.NVDA,0.54,0.52,10.0,8.0,,,,,,,,74.157,0.47987810945,-11.111,0.0,0.0,0.0,0.0,0.0,0.0,0,0.0,NORMAL,False,,,,,,,,,,,,,,,,,False,,N/A,,,,,,,,,,,,,,,,,,,N/A,,True,CALL,2026-08-14,237.5,100.0,11162,39.043,6.277,0.108410496,0.017972893,0.049331027,-0.183437436,0.003329466,N/A,5,N/A,N/A,AMERICAN,100.0,N/A,False,,,,False,,,,False,,,,,,False,,,,,,N/A,N/A,N/A,N/A,N/A,N/A,N/A,N/A,N/A,N/A,N/A,N/A,N/A,N/A,N/A,N/A,N/A,N/A,N/A,N/A,N/A,N/A,N/A
US.NVDA260814P237500,NVDA 260814 237.50P,2026-08-07 15:54:10,14.6,15.93,16.6,14.25,18.8817,24.0,37267.0,0.0,False,N/A,100,0.05,US.NVDA,14.15,13.65,23.0,47.0,,,,,,,,12.446,15.527916666660001,34.286,0.0,0.0,0.0,0.0,0.0,0.0,0,0.0,NORMAL,False,,,,,,,,,,,,,,,,,False,,N/A,,,,,,,,,,,,,,,,,,,N/A,,True,PUT,2026-08-14,237.5,100.0,24,37.694,0.473,-0.903044707,0.018032145,0.045215007,-0.142438254,-0.021693574,N/A,5,N/A,N/A,AMERICAN,100.0,N/A,False,,,,False,,,,False,,,,,,False,,,,,,N/A,N/A,N/A,N/A,N/A,N/A,N/A,N/A,N/A,N/A,N/A,N/A,N/A,N/A,N/A,N/A,N/A,N/A,N/A,N/A,N/A,N/A,N/A
US.NVDA260814C240000,NVDA 260814 240.00C,2026-08-07 15:59:58,0.34,0.49,0.5,0.24,0.33,14716.0,493875.0,0.0,False,N/A,100,0.01,US.NVDA,0.36,0.34,81.0,70.0,,,,,,,,78.788,0.33560410437,-7.285,0.0,0.0,0.0,0.0,0.0,0.0,0,0.0,NORMAL,False,,,,,,,,,,,,,,,,,False,,N/A,,,,,,,,,,,,,,,,,,,N/A,,True,CALL,2026-08-14,240.0,100.0,7584,39.715,7.313,0.07549869,0.013509182,0.037719368,-0.138220124,0.002321369,N/A,5,N/A,N/A,AMERICAN,100.0,N/A,False,,,,False,,,,False,,,,,,False,,,,,,N/A,N/A,N/A,N/A,N/A,N/A,N/A,N/A,N/A,N/A,N/A,N/A,N/A,N/A,N/A,N/A,N/A,N/A,N/A,N/A,N/A,N/A,N/A
US.NVDA260814P240000,NVDA 260814 240.00P,2026-08-07 14:39:01,18.21,19.0,19.4,15.65,21.2702,653.0,1143351.0,0.0,False,N/A,100,0.05,US.NVDA,16.45,15.95,10.0,16.0,,,,,,,,17.63,17.50920367534,23.077,0.0,0.0,0.0,0.0,0.0,0.0,0,0.0,NORMAL,False,,,,,,,,,,,,,,,,,False,,N/A,,,,,,,,,,,,,,,,,,,N/A,,True,PUT,2026-08-14,240.0,100.0,165,37.025,0.968,-0.943409062,0.013044256,0.029763902,-0.083161785,-0.019182088,N/A,5,N/A,N/A,AMERICAN,100.0,N/A,False,,,,False,,,,False,,,,,,False,,,,,,N/A,N/A,N/A,N/A,N/A,N/A,N/A,N/A,N/A,N/A,N/A,N/A,N/A,N/A,N/A,N/A,N/A,N/A,N/A,N/A,N/A,N/A,N/A
US.NVDA260814C242500,NVDA 260814 242.50C,2026-08-07 15:59:36,0.24,0.34,0.34,0.17,0.255,1333.0,31922.0,0.0,False,N/A,100,0.01,US.NVDA,0.25,0.23,104.0,126.0,,,,,,,,66.667,0.23947486870999998,9.565,0.0,0.0,0.0,0.0,0.0,0.0,0,0.0,NORMAL,False,,,,,,,,,,,,,,,,,False,,N/A,,,,,,,,,,,,,,,,,,,N/A,,True,CALL,2026-08-14,242.5,100.0,5955,40.78,8.385,0.053493818,0.010063302,0.028854733,-0.105248533,0.001645903,N/A,5,N/A,N/A,AMERICAN,100.0,N/A,False,,,,False,,,,False,,,,,,False,,,,,,N/A,N/A,N/A,N/A,N/A,N/A,N/A,N/A,N/A,N/A,N/A,N/A,N/A,N/A,N/A,N/A,N/A,N/A,N/A,N/A,N/A,N/A,N/A
US.NVDA260814P242500,NVDA 260814 242.50P,2026-08-07 15:30:35,19.9,20.5,20.7,19.3,23.6982,26.0,52060.0,0.0,False,N/A,100,0.05,US.NVDA,19.7,18.1,10.0,25.0,,,,,,,,5.908,20.02307692307,42.857,0.0,0.0,0.0,0.0,0.0,0.0,0,0.0,NORMAL,False,,,,,,,,,,,,,,,,,False,,N/A,,,,,,,,,,,,,,,,,,,N/A,,True,PUT,2026-08-14,242.5,100.0,3,47.27,0.607,-0.919451306,0.012538088,0.039397004,-0.153839831,-0.022277189,N/A,5,N/A,N/A,AMERICAN,100.0,N/A,False,,,,False,,,,False,,,,,,False,,,,,,N/A,N/A,N/A,N/A,N/A,N/A,N/A,N/A,N/A,N/A,N/A,N/A,N/A,N/A,N/A,N/A,N/A,N/A,N/A,N/A,N/A,N/A,N/A
US.NVDA260814C245000,NVDA 260814 245.00C,2026-08-07 15:59:35,0.16,0.27,0.27,0.13,0.195,6906.0,122583.0,0.0,False,N/A,100,0.01,US.NVDA,0.17,0.16,1.0,51.0,,,,,,,,71.795,0.17750217202000002,96.154,0.0,0.0,0.0,0.0,0.0,0.0,0,0.0,NORMAL,False,,,,,,,,,,,,,,,,,False,,N/A,,,,,,,,,,,,,,,,,,,N/A,,True,CALL,2026-08-14,245.0,100.0,5652,41.845,9.465,0.037812214,0.007418367,0.021829454,-0.079147645,0.001164061,N/A,5,N/A,N/A,AMERICAN,100.0,N/A,False,,,,False,,,,False,,,,,,False,,,,,,N/A,N/A,N/A,N/A,N/A,N/A,N/A,N/A,N/A,N/A,N/A,N/A,N/A,N/A,N/A,N/A,N/A,N/A,N/A,N/A,N/A,N/A,N/A
US.NVDA260814P245000,NVDA 260814 245.00P,2026-08-07 15:59:56,21.16,21.16,21.16,21.16,26.1418,30.0,63480.0,0.0,False,N/A,100,0.05,US.NVDA,21.65,20.25,10.0,10.0,,,,,,,,0.0,21.16,0.0,0.0,0.0,0.0,0.0,0.0,0.0,0,0.0,NORMAL,False,,,,,,,,,,,,,,,,,False,,N/A,,,,,,,,,,,,,,,,,,,N/A,,True,PUT,2026-08-14,245.0,100.0,27,0.0,0.053,0.0,0.0,0.0,0.0,0.0,N/A,5,N/A,N/A,AMERICAN,100.0,N/A,False,,,,False,,,,False,,,,,,False,,,,,,N/A,N/A,N/A,N/A,N/A,N/A,N/A,N/A,N/A,N/A,N/A,N/A,N/A,N/A,N/A,N/A,N/A,N/A,N/A,N/A,N/A,N/A,N/A
US.NVDA260814C247500,NVDA 260814 247.50C,2026-08-07 09:30:00,0.0,0.0,0.0,0.0,0.0,0.0,0.0,0.0,False,N/A,100,0.01,US.NVDA,0.0,0.0,0.0,0.0,,,,,,,,0.0,0.0,0.0,0.0,0.0,0.0,0.0,0.0,0.0,0,0.0,NORMAL,False,,,,,,,,,,,,,,,,,False,,N/A,,,,,,,,,,,,,,,,,,,N/A,,True,CALL,2026-08-14,247.5,100.0,0,0.0,10.51,0.0,0.0,0.0,0.0,0.0,N/A,5,N/A,N/A,AMERICAN,100.0,N/A,False,,,,False,,,,False,,,,,,False,,,,,,N/A,N/A,N/A,N/A,N/A,N/A,N/A,N/A,N/A,N/A,N/A,N/A,N/A,N/A,N/A,N/A,N/A,N/A,N/A,N/A,N/A,N/A,N/A
US.NVDA260814P247500,NVDA 260814 247.50P,2026-08-07 09:30:00,0.0,0.0,0.0,0.0,0.0,0.0,0.0,0.0,False,N/A,100,0.01,US.NVDA,0.0,0.0,0.0,0.0,,,,,,,,0.0,0.0,0.0,0.0,0.0,0.0,0.0,0.0,0.0,0,0.0,NORMAL,False,,,,,,,,,,,,,,,,,False,,N/A,,,,,,,,,,,,,,,,,,,N/A,,True,PUT,2026-08-14,247.5,100.0,0,0.0,-10.51,0.0,0.0,0.0,0.0,0.0,N/A,5,N/A,N/A,AMERICAN,100.0,N/A,False,,,,False,,,,False,,,,,,False,,,,,,N/A,N/A,N/A,N/A,N/A,N/A,N/A,N/A,N/A,N/A,N/A,N/A,N/A,N/A,N/A,N/A,N/A,N/A,N/A,N/A,N/A,N/A,N/A
US.NVDA260814C250000,NVDA 260814 250.00C,2026-08-07 15:59:32,0.08,0.14,0.16,0.07,0.13,3025.0,33427.0,0.0,False,N/A,100,0.01,US.NVDA,0.09,0.08,6.0,329.0,,,,,,,,69.231,0.11050247933,96.418,0.0,0.0,0.0,0.0,0.0,0.0,0,0.0,NORMAL,False,,,,,,,,,,,,,,,,,False,,N/A,,,,,,,,,,,,,,,,,,,N/A,,True,CALL,2026-08-14,250.0,100.0,5691,44.439,11.662,0.019992923,0.004107492,0.012841524,-0.046610597,0.000615803,N/A,5,N/A,N/A,AMERICAN,100.0,N/A,False,,,,False,,,,False,,,,,,False,,,,,,N/A,N/A,N/A,N/A,N/A,N/A,N/A,N/A,N/A,N/A,N/A,N/A,N/A,N/A,N/A,N/A,N/A,N/A,N/A,N/A,N/A,N/A,N/A
US.NVDA260814P250000,NVDA 260814 250.00P,2026-08-07 13:22:49,28.01,27.35,28.01,26.5,31.0826,12.0,32897.0,0.0,False,N/A,100,0.05,US.NVDA,26.95,25.3,10.0,10.0,,,,,,,,4.858,27.414166666659998,0.0,0.0,0.0,0.0,0.0,0.0,0.0,0,0.0,NORMAL,False,,,,,,,,,,,,,,,,,False,,N/A,,,,,,,,,,,,,,,,,,,N/A,,True,PUT,2026-08-14,250.0,100.0,0,49.87,0.879,-0.970742122,0.006242564,0.017295659,-0.058027407,-0.016851968,N/A,5,N/A,N/A,AMERICAN,100.0,N/A,False,,,,False,,,,False,,,,,,False,,,,,,N/A,N/A,N/A,N/A,N/A,N/A,N/A,N/A,N/A,N/A,N/A,N/A,N/A,N/A,N/A,N/A,N/A,N/A,N/A,N/A,N/A,N/A,N/A
US.NVDA260814C255000,NVDA 260814 255.00C,2026-08-07 15:50:27,0.05,0.09,0.12,0.04,0.09,1361.0,8553.0,0.0,False,N/A,100,0.01,US.NVDA,0.06,0.05,37.0,92.0,,,,,,,,88.889,0.06284349742,42.636,0.0,0.0,0.0,0.0,0.0,0.0,0,0.0,NORMAL,False,,,,,,,,,,,,,,,,,False,,N/A,,,,,,,,,,,,,,,,,,,N/A,,True,CALL,2026-08-14,255.0,100.0,1342,48.167,13.881,0.012613042,0.002553221,0.008654508,-0.032609831,0.000388302,N/A,5,N/A,N/A,AMERICAN,100.0,N/A,False,,,,False,,,,False,,,,,,False,,,,,,N/A,N/A,N/A,N/A,N/A,N/A,N/A,N/A,N/A,N/A,N/A,N/A,N/A,N/A,N/A,N/A,N/A,N/A,N/A,N/A,N/A,N/A,N/A
US.NVDA260814P255000,NVDA 260814 255.00P,2026-08-07 09:30:00,36.0485,0.0,0.0,0.0,36.0485,0.0,0.0,0.0,False,N/A,100,0.05,US.NVDA,32.0,30.2,2.0,30.0,,,,,,,,0.0,0.0,87.5,0.0,0.0,0.0,0.0,0.0,0.0,0,0.0,NORMAL,False,,,,,,,,,,,,,,,,,False,,N/A,,,,,,,,,,,,,,,,,,,N/A,,True,PUT,2026-08-14,255.0,100.0,0,55.47,2.236,-0.978452071,0.00465783,0.013305794,-0.046200282,-0.015353429,N/A,5,N/A,N/A,AMERICAN,100.0,N/A,False,,,,False,,,,False,,,,,,False,,,,,,N/A,N/A,N/A,N/A,N/A,N/A,N/A,N/A,N/A,N/A,N/A,N/A,N/A,N/A,N/A,N/A,N/A,N/A,N/A,N/A,N/A,N/A,N/A
US.NVDA260814C260000,NVDA 260814 260.00C,2026-08-07 15:54:22,0.05,0.07,0.07,0.02,0.065,453.0,2064.0,0.0,False,N/A,100,0.01,US.NVDA,0.05,0.03,59.0,29.0,,,,,,,,76.923,0.0455629139,-34.091,0.0,0.0,0.0,0.0,0.0,0.0,0,0.0,NORMAL,False,,,,,,,,,,,,,,,,,False,,N/A,,,,,,,,,,,,,,,,,,,N/A,,True,CALL,2026-08-14,260.0,100.0,1707,52.219,16.114,0.008805098,0.001721976,0.006329149,-0.024996954,0.000270846,N/A,5,N/A,N/A,AMERICAN,100.0,N/A,False,,,,False,,,,False,,,,,,False,,,,,,N/A,N/A,N/A,N/A,N/A,N/A,N/A,N/A,N/A,N/A,N/A,N/A,N/A,N/A,N/A,N/A,N/A,N/A,N/A,N/A,N/A,N/A,N/A
US.NVDA260814P260000,NVDA 260814 260.00P,2026-08-07 10:40:22,37.02,37.02,37.02,37.02,41.0293,1.0,3702.0,0.0,False,N/A,100,0.05,US.NVDA,36.95,35.2,10.0,10.0,,,,,,,,0.0,37.02,0.0,0.0,0.0,0.0,0.0,0.0,0.0,0,0.0,NORMAL,False,,,,,,,,,,,,,,,,,False,,N/A,,,,,,,,,,,,,,,,,,,N/A,,True,PUT,2026-08-14,260.0,100.0,0,60.059,0.437,-0.985392989,0.003518482,0.009441425,-0.031183456,-0.012956179,N/A,5,N/A,N/A,AMERICAN,100.0,N/A,False,,,,False,,,,False,,,,,,False,,,,,,N/A,N/A,N/A,N/A,N/A,N/A,N/A,N/A,N/A,N/A,N/A,N/A,N/A,N/A,N/A,N/A,N/A,N/A,N/A,N/A,N/A,N/A,N/A
US.NVDA260814C265000,NVDA 260814 265.00C,2026-08-07 15:41:20,0.01,0.06,0.06,0.01,0.045,201.0,535.0,0.0,False,N/A,100,0.01,US.NVDA,0.03,0.02,12.0,31.0,,,,,,,,111.111,0.026616915419999998,44.186,0.0,0.0,0.0,0.0,0.0,0.0,0,0.0,NORMAL,False,,,,,,,,,,,,,,,,,False,,N/A,,,,,,,,,,,,,,,,,,,N/A,,True,CALL,2026-08-14,265.0,100.0,448,54.981,18.329,0.005481091,0.001076245,0.004166403,-0.016584691,0.000168585,N/A,5,N/A,N/A,AMERICAN,100.0,N/A,False,,,,False,,,,False,,,,,,False,,,,,,N/A,N/A,N/A,N/A,N/A,N/A,N/A,N/A,N/A,N/A,N/A,N/A,N/A,N/A,N/A,N/A,N/A,N/A,N/A,N/A,N/A,N/A,N/A
US.NVDA260814P265000,NVDA 260814 265.00P,2026-08-07 09:30:00,46.0166,0.0,0.0,0.0,46.0166,0.0,0.0,0.0,False,N/A,100,0.05,US.NVDA,41.95,40.15,16.0,10.0,,,,,,,,0.0,0.0,-23.077,0.0,0.0,0.0,0.0,0.0,0.0,0,0.0,NORMAL,False,,,,,,,,,,,,,,,,,False,,N/A,,,,,,,,,,,,,,,,,,,N/A,,True,PUT,2026-08-14,265.0,100.0,0,62.858,2.221,-0.993036441,0.002610402,0.00477477,-0.009999713,-0.008068525,N/A,5,N/A,N/A,AMERICAN,100.0,N/A,False,,,,False,,,,False,,,,,,False,,,,,,N/A,N/A,N/A,N/A,N/A,N/A,N/A,N/A,N/A,N/A,N/A,N/A,N/A,N/A,N/A,N/A,N/A,N/A,N/A,N/A,N/A,N/A,N/A
US.NVDA260814C270000,NVDA 260814 270.00C,2026-08-07 15:57:23,0.02,0.04,0.04,0.01,0.03,349.0,743.0,0.0,False,N/A,100,0.01,US.NVDA,0.03,0.01,86.0,133.0,,,,,,,,100.0,0.02128939828,21.461,0.0,0.0,0.0,0.0,0.0,0.0,0,0.0,NORMAL,False,,,,,,,,,,,,,,,,,False,,N/A,,,,,,,,,,,,,,,,,,,N/A,,True,CALL,2026-08-14,270.0,100.0,3758,58.951,20.566,0.004196464,0.000791086,0.003283886,-0.013672176,0.000128952,N/A,5,N/A,N/A,AMERICAN,100.0,N/A,False,,,,False,,,,False,,,,,,False,,,,,,N/A,N/A,N/A,N/A,N/A,N/A,N/A,N/A,N/A,N/A,N/A,N/A,N/A,N/A,N/A,N/A,N/A,N/A,N/A,N/A,N/A,N/A,N/A
US.NVDA260814P270000,NVDA 260814 270.00P,2026-08-07 09:30:00,51.0105,0.0,0.0,0.0,51.0105,0.0,0.0,0.0,False,N/A,100,0.05,US.NVDA,47.0,45.15,30.0,10.0,,,,,,,,0.0,0.0,-50.0,0.0,0.0,0.0,0.0,0.0,0.0,0,0.0,NORMAL,False,,,,,,,,,,,,,,,,,False,,N/A,,,,,,,,,,,,,,,,,,,N/A,,True,PUT,2026-08-14,270.0,100.0,0,72.826,2.219,-0.987583764,0.00254075,0.008213278,-0.032023528,-0.013159186,N/A,5,N/A,N/A,AMERICAN,100.0,N/A,False,,,,False,,,,False,,,,,,False,,,,,,N/A,N/A,N/A,N/A,N/A,N/A,N/A,N/A,N/A,N/A,N/A,N/A,N/A,N/A,N/A,N/A,N/A,N/A,N/A,N/A,N/A,N/A,N/A
US.NVDA260814C275000,NVDA 260814 275.00C,2026-08-07 10:56:28,0.02,0.04,0.04,0.02,0.0218,3.0,8.0,0.0,False,N/A,100,0.01,US.NVDA,0.02,0.01,111.0,12.0,,,,,,,,91.743,0.026666666659999998,-80.488,0.0,0.0,0.0,0.0,0.0,0.0,0,0.0,NORMAL,False,,,,,,,,,,,,,,,,,False,,N/A,,,,,,,,,,,,,,,,,,,N/A,,True,CALL,2026-08-14,275.0,100.0,654,62.264,22.798,0.003065769,0.000565063,0.00247784,-0.010587372,9.4153e-05,N/A,5,N/A,N/A,AMERICAN,100.0,N/A,False,,,,False,,,,False,,,,,,False,,,,,,N/A,N/A,N/A,N/A,N/A,N/A,N/A,N/A,N/A,N/A,N/A,N/A,N/A,N/A,N/A,N/A,N/A,N/A,N/A,N/A,N/A,N/A,N/A
US.NVDA260814P275000,NVDA 260814 275.00P,2026-08-07 09:30:00,56.01,0.0,0.0,0.0,56.01,0.0,0.0,0.0,False,N/A,100,0.05,US.NVDA,51.95,50.15,10.0,10.0,,,,,,,,0.0,0.0,0.0,0.0,0.0,0.0,0.0,0.0,0.0,0,0.0,NORMAL,False,,,,,,,,,,,,,,,,,False,,N/A,,,,,,,,,,,,,,,,,,,N/A,,True,PUT,2026-08-14,275.0,100.0,0,74.752,2.219,-0.993983791,0.001947693,0.004202364,-0.009999942,-0.008171324,N/A,5,N/A,N/A,AMERICAN,100.0,N/A,False,,,,False,,,,False,,,,,,False,,,,,,N/A,N/A,N/A,N/A,N/A,N/A,N/A,N/A,N/A,N/A,N/A,N/A,N/A,N/A,N/A,N/A,N/A,N/A,N/A,N/A,N/A,N/A,N/A
US.NVDA260814C280000,NVDA 260814 280.00C,2026-08-07 15:59:41,0.04,0.01,0.04,0.01,0.0136,151.0,154.0,0.0,False,N/A,100,0.01,US.NVDA,0.01,0.0,306.0,0.0,,,,,,,,220.588,0.01019867549,-100.0,0.0,0.0,0.0,0.0,0.0,0.0,0,0.0,NORMAL,False,,,,,,,,,,,,,,,,,False,,N/A,,,,,,,,,,,,,,,,,,,N/A,,True,CALL,2026-08-14,280.0,100.0,455,74.327,25.04,0.006432285,0.000917497,0.004798393,-0.026116081,0.000196347,N/A,5,N/A,N/A,AMERICAN,100.0,N/A,False,,,,False,,,,False,,,,,,False,,,,,,N/A,N/A,N/A,N/A,N/A,N/A,N/A,N/A,N/A,N/A,N/A,N/A,N/A,N/A,N/A,N/A,N/A,N/A,N/A,N/A,N/A,N/A,N/A
US.NVDA260814P280000,NVDA 260814 280.00P,2026-08-07 09:30:00,61.01,0.0,0.0,0.0,61.01,0.0,0.0,0.0,False,N/A,100,0.05,US.NVDA,56.95,55.15,10.0,10.0,,,,,,,,0.0,0.0,0.0,0.0,0.0,0.0,0.0,0.0,0.0,0,0.0,NORMAL,False,,,,,,,,,,,,,,,,,False,,N/A,,,,,,,,,,,,,,,,,,,N/A,,True,PUT,2026-08-14,280.0,100.0,0,80.461,2.219,-0.994341464,0.001722404,0.003982234,-0.009999752,-0.008224448,N/A,5,N/A,N/A,AMERICAN,100.0,N/A,False,,,,False,,,,False,,,,,,False,,,,,,N/A,N/A,N/A,N/A,N/A,N/A,N/A,N/A,N/A,N/A,N/A,N/A,N/A,N/A,N/A,N/A,N/A,N/A,N/A,N/A,N/A,N/A,N/A
US.NVDA260814C285000,NVDA 260814 285.00C,2026-08-07 15:31:25,0.01,0.01,0.02,0.01,0.0067,32.0,50.0,0.0,False,N/A,100,0.01,US.NVDA,0.01,0.0,20.0,0.0,,,,,,,,149.254,0.015625,-100.0,0.0,0.0,0.0,0.0,0.0,0.0,0,0.0,NORMAL,False,,,,,,,,,,,,,,,,,False,,N/A,,,,,,,,,,,,,,,,,,,N/A,,True,CALL,2026-08-14,285.0,100.0,819,69.248,27.259,0.001913898,0.000331743,0.001618078,-0.007365981,5.8688e-05,N/A,5,N/A,N/A,AMERICAN,100.0,N/A,False,,,,False,,,,False,,,,,,False,,,,,,N/A,N/A,N/A,N/A,N/A,N/A,N/A,N/A,N/A,N/A,N/A,N/A,N/A,N/A,N/A,N/A,N/A,N/A,N/A,N/A,N/A,N/A,N/A
US.NVDA260814P285000,NVDA 260814 285.00P,2026-08-07 09:30:00,66.01,0.0,0.0,0.0,66.01,0.0,0.0,0.0,False,N/A,100,0.05,US.NVDA,61.95,60.2,6.0,10.0,,,,,,,,0.0,0.0,25.0,0.0,0.0,0.0,0.0,0.0,0.0,0,0.0,NORMAL,False,,,,,,,,,,,,,,,,,False,,N/A,,,,,,,,,,,,,,,,,,,N/A,,True,PUT,2026-08-14,285.0,100.0,0,90.647,2.219,-0.989640258,0.001764626,0.007022151,-0.032904374,-0.013471299,N/A,5,N/A,N/A,AMERICAN,100.0,N/A,False,,,,False,,,,False,,,,,,False,,,,,,N/A,N/A,N/A,N/A,N/A,N/A,N/A,N/A,N/A,N/A,N/A,N/A,N/A,N/A,N/A,N/A,N/A,N/A,N/A,N/A,N/A,N/A,N/A
US.NVDA260814C290000,NVDA 260814 290.00C,2026-08-07 12:27:55,0.01,0.02,0.02,0.01,0.0032,8.0,9.0,0.0,False,N/A,100,0.01,US.NVDA,0.01,0.0,14.0,0.0,,,,,,,,312.5,0.01125,-100.0,0.0,0.0,0.0,0.0,0.0,0.0,0,0.0,NORMAL,False,,,,,,,,,,,,,,,,,False,,N/A,,,,,,,,,,,,,,,,,,,N/A,,True,CALL,2026-08-14,290.0,100.0,751,73.741,29.491,0.001807882,0.000295806,0.001536169,-0.00740452,5.536e-05,N/A,5,N/A,N/A,AMERICAN,100.0,N/A,False,,,,False,,,,False,,,,,,False,,,,,,N/A,N/A,N/A,N/A,N/A,N/A,N/A,N/A,N/A,N/A,N/A,N/A,N/A,N/A,N/A,N/A,N/A,N/A,N/A,N/A,N/A,N/A,N/A
US.NVDA260814P290000,NVDA 260814 290.00P,2026-08-07 09:30:00,71.01,0.0,0.0,0.0,71.01,0.0,0.0,0.0,False,N/A,100,0.05,US.NVDA,66.95,65.2,10.0,16.0,,,,,,,,0.0,0.0,23.077,0.0,0.0,0.0,0.0,0.0,0.0,0,0.0,NORMAL,False,,,,,,,,,,,,,,,,,False,,N/A,,,,,,,,,,,,,,,,,,,N/A,,True,PUT,2026-08-14,290.0,100.0,0,96.286,2.219,-0.990136888,0.001597894,0.006728257,-0.033131973,-0.013576344,N/A,5,N/A,N/A,AMERICAN,100.0,N/A,False,,,,False,,,,False,,,,,,False,,,,,,N/A,N/A,N/A,N/A,N/A,N/A,N/A,N/A,N/A,N/A,N/A,N/A,N/A,N/A,N/A,N/A,N/A,N/A,N/A,N/A,N/A,N/A,N/A
US.NVDA260814C295000,NVDA 260814 295.00C,2026-08-07 10:59:28,0.01,0.02,0.02,0.01,0.0015,324.0,625.0,0.0,False,N/A,100,0.01,US.NVDA,0.01,0.0,1.0,0.0,,,,,,,,666.667,0.019290123450000002,-100.0,0.0,0.0,0.0,0.0,0.0,0.0,0,0.0,NORMAL,False,,,,,,,,,,,,,,,,,False,,N/A,,,,,,,,,,,,,,,,,,,N/A,,True,CALL,2026-08-14,295.0,100.0,1376,78.128,31.724,0.001715634,0.000266201,0.001464502,-0.007439794,5.2463e-05,N/A,5,N/A,N/A,AMERICAN,100.0,N/A,False,,,,False,,,,False,,,,,,False,,,,,,N/A,N/A,N/A,N/A,N/A,N/A,N/A,N/A,N/A,N/A,N/A,N/A,N/A,N/A,N/A,N/A,N/A,N/A,N/A,N/A,N/A,N/A,N/A
US.NVDA260814P295000,NVDA 260814 295.00P,2026-08-07 09:30:00,76.01,0.0,0.0,0.0,76.01,0.0,0.0,0.0,False,N/A,100,0.05,US.NVDA,71.95,70.2,10.0,10.0,,,,,,,,0.0,0.0,0.0,0.0,0.0,0.0,0.0,0.0,0.0,0,0.0,NORMAL,False,,,,,,,,,,,,,,,,,False,,N/A,,,,,,,,,,,,,,,,,,,N/A,,True,PUT,2026-08-14,295.0,100.0,0,101.791,2.219,-0.990569983,0.001459086,0.006469801,-0.033335216,-0.013681605,N/A,5,N/A,N/A,AMERICAN,100.0,N/A,False,,,,False,,,,False,,,,,,False,,,,,,N/A,N/A,N/A,N/A,N/A,N/A,N/A,N/A,N/A,N/A,N/A,N/A,N/A,N/A,N/A,N/A,N/A,N/A,N/A,N/A,N/A,N/A,N/A
US.NVDA260814C300000,NVDA 260814 300.00C,2026-08-07 10:57:37,0.01,0.01,0.01,0.01,0.0007,30.0,30.0,0.0,False,N/A,100,0.01,US.NVDA,0.01,0.0,2188.0,0.0,,,,,,,,0.0,0.01,-100.0,0.0,0.0,0.0,0.0,0.0,0.0,0,0.0,NORMAL,False,,,,,,,,,,,,,,,,,False,,N/A,,,,,,,,,,,,,,,,,,,N/A,,True,CALL,2026-08-14,300.0,100.0,285,82.417,33.956,0.001634604,0.000241472,0.001401232,-0.007472388,4.9919e-05,N/A,5,N/A,N/A,AMERICAN,100.0,N/A,False,,,,False,,,,False,,,,,,False,,,,,,N/A,N/A,N/A,N/A,N/A,N/A,N/A,N/A,N/A,N/A,N/A,N/A,N/A,N/A,N/A,N/A,N/A,N/A,N/A,N/A,N/A,N/A,N/A
US.NVDA260814P300000,NVDA 260814 300.00P,2026-08-07 09:30:00,81.01,0.0,0.0,0.0,81.01,0.0,0.0,0.0,False,N/A,100,0.05,US.NVDA,76.95,75.2,10.0,10.0,,,,,,,,0.0,0.0,0.0,0.0,0.0,0.0,0.0,0.0,0.0,0,0.0,NORMAL,False,,,,,,,,,,,,,,,,,False,,N/A,,,,,,,,,,,,,,,,,,,N/A,,True,PUT,2026-08-14,300.0,100.0,0,107.171,2.219,-0.990951202,0.001342004,0.006240567,-0.033517466,-0.013786938,N/A,5,N/A,N/A,AMERICAN,100.0,N/A,False,,,,False,,,,False,,,,,,False,,,,,,N/A,N/A,N/A,N/A,N/A,N/A,N/A,N/A,N/A,N/A,N/A,N/A,N/A,N/A,N/A,N/A,N/A,N/A,N/A,N/A,N/A,N/A,N/A
US.NVDA260814C305000,NVDA 260814 305.00C,2026-08-07 09:30:00,0.0003,0.0,0.0,0.0,0.0003,0.0,0.0,0.0,False,N/A,100,0.01,US.NVDA,0.02,0.0,14.0,0.0,,,,,,,,0.0,0.0,-100.0,0.0,0.0,0.0,0.0,0.0,0.0,0,0.0,NORMAL,False,,,,,,,,,,,,,,,,,False,,N/A,,,,,,,,,,,,,,,,,,,N/A,,True,CALL,2026-08-14,305.0,100.0,113,67.798,36.185,7.22e-05,1.6207e-05,7.7753e-05,-0.000263092,2.224e-06,N/A,5,N/A,N/A,AMERICAN,100.0,N/A,False,,,,False,,,,False,,,,,,False,,,,,,N/A,N/A,N/A,N/A,N/A,N/A,N/A,N/A,N/A,N/A,N/A,N/A,N/A,N/A,N/A,N/A,N/A,N/A,N/A,N/A,N/A,N/A,N/A
US.NVDA260814P305000,NVDA 260814 305.00P,2026-08-07 09:30:00,86.01,0.0,0.0,0.0,86.01,0.0,0.0,0.0,False,N/A,100,0.05,US.NVDA,81.95,80.2,10.0,10.0,,,,,,,,0.0,0.0,0.0,0.0,0.0,0.0,0.0,0.0,0.0,0,0.0,NORMAL,False,,,,,,,,,,,,,,,,,False,,N/A,,,,,,,,,,,,,,,,,,,N/A,,True,PUT,2026-08-14,305.0,100.0,0,112.431,2.219,-0.991289463,0.001242117,0.006035749,-0.033681553,-0.013892247,N/A,5,N/A,N/A,AMERICAN,100.0,N/A,False,,,,False,,,,False,,,,,,False,,,,,,N/A,N/A,N/A,N/A,N/A,N/A,N/A,N/A,N/A,N/A,N/A,N/A,N/A,N/A,N/A,N/A,N/A,N/A,N/A,N/A,N/A,N/A,N/A
US.NVDA260814C310000,NVDA 260814 310.00C,2026-08-07 09:30:00,0.0001,0.0,0.0,0.0,0.0001,0.0,0.0,0.0,False,N/A,100,0.01,US.NVDA,0.02,0.0,12.0,0.0,,,,,,,,0.0,0.0,-100.0,0.0,0.0,0.0,0.0,0.0,0.0,0,0.0,NORMAL,False,,,,,,,,,,,,,,,,,False,,N/A,,,,,,,,,,,,,,,,,,,N/A,,True,CALL,2026-08-14,310.0,100.0,434,67.03,38.417,2.5623e-05,6.16e-06,2.9281e-05,-9.035e-05,7.9e-07,N/A,5,N/A,N/A,AMERICAN,100.0,N/A,False,,,,False,,,,False,,,,,,False,,,,,,N/A,N/A,N/A,N/A,N/A,N/A,N/A,N/A,N/A,N/A,N/A,N/A,N/A,N/A,N/A,N/A,N/A,N/A,N/A,N/A,N/A,N/A,N/A
US.NVDA260814P310000,NVDA 260814 310.00P,2026-08-07 09:30:00,91.01,0.0,0.0,0.0,91.01,0.0,0.0,0.0,False,N/A,100,0.05,US.NVDA,86.95,85.2,10.0,10.0,,,,,,,,0.0,0.0,0.0,0.0,0.0,0.0,0.0,0.0,0.0,0,0.0,NORMAL,False,,,,,,,,,,,,,,,,,False,,N/A,,,,,,,,,,,,,,,,,,,N/A,,True,PUT,2026-08-14,310.0,100.0,0,117.58,2.219,-0.991591714,0.001156045,0.005851567,-0.033829855,-0.013997469,N/A,5,N/A,N/A,AMERICAN,100.0,N/A,False,,,,False,,,,False,,,,,,False,,,,,,N/A,N/A,N/A,N/A,N/A,N/A,N/A,N/A,N/A,N/A,N/A,N/A,N/A,N/A,N/A,N/A,N/A,N/A,N/A,N/A,N/A,N/A,N/A
US.NVDA260814C315000,NVDA 260814 315.00C,2026-08-07 09:30:00,0.0001,0.0,0.0,0.0,0.0001,0.0,0.0,0.0,False,N/A,100,0.01,US.NVDA,0.02,0.0,10.0,0.0,,,,,,,,0.0,0.0,-100.0,0.0,0.0,0.0,0.0,0.0,0.0,0,0.0,NORMAL,False,,,,,,,,,,,,,,,,,False,,N/A,,,,,,,,,,,,,,,,,,,N/A,,True,CALL,2026-08-14,315.0,100.0,0,70.132,40.65,2.4557e-05,5.655e-06,2.8108e-05,-9.046e-05,7.57e-07,N/A,5,N/A,N/A,AMERICAN,100.0,N/A,False,,,,False,,,,False,,,,,,False,,,,,,N/A,N/A,N/A,N/A,N/A,N/A,N/A,N/A,N/A,N/A,N/A,N/A,N/A,N/A,N/A,N/A,N/A,N/A,N/A,N/A,N/A,N/A,N/A
US.NVDA260814P315000,NVDA 260814 315.00P,2026-08-07 09:30:00,96.01,0.0,0.0,0.0,96.01,0.0,0.0,0.0,False,N/A,100,0.05,US.NVDA,91.95,90.2,10.0,10.0,,,,,,,,0.0,0.0,0.0,0.0,0.0,0.0,0.0,0.0,0.0,0,0.0,NORMAL,False,,,,,,,,,,,,,,,,,False,,N/A,,,,,,,,,,,,,,,,,,,N/A,,True,PUT,2026-08-14,315.0,100.0,0,122.622,2.219,-0.991863543,0.001081216,0.005684945,-0.033963806,-0.014102454,N/A,5,N/A,N/A,AMERICAN,100.0,N/A,False,,,,False,,,,False,,,,,,False,,,,,,N/A,N/A,N/A,N/A,N/A,N/A,N/A,N/A,N/A,N/A,N/A,N/A,N/A,N/A,N/A,N/A,N/A,N/A,N/A,N/A,N/A,N/A,N/A
US.NVDA260814C320000,NVDA 260814 320.00C,2026-08-07 09:30:00,0.0001,0.0,0.0,0.0,0.0001,0.0,0.0,0.0,False,N/A,100,0.01,US.NVDA,0.02,0.0,12.0,0.0,,,,,,,,0.0,0.0,-100.0,0.0,0.0,0.0,0.0,0.0,0.0,0,0.0,NORMAL,False,,,,,,,,,,,,,,,,,False,,N/A,,,,,,,,,,,,,,,,,,,N/A,,True,CALL,2026-08-14,320.0,100.0,0,73.177,42.882,2.3597e-05,5.218e-06,2.705e-05,-9.0562e-05,7.26e-07,N/A,5,N/A,N/A,AMERICAN,100.0,N/A,False,,,,False,,,,False,,,,,,False,,,,,,N/A,N/A,N/A,N/A,N/A,N/A,N/A,N/A,N/A,N/A,N/A,N/A,N/A,N/A,N/A,N/A,N/A,N/A,N/A,N/A,N/A,N/A,N/A
US.NVDA260814P320000,NVDA 260814 320.00P,2026-08-07 09:30:00,101.01,0.0,0.0,0.0,101.01,0.0,0.0,0.0,False,N/A,100,0.05,US.NVDA,96.95,95.2,16.0,10.0,,,,,,,,0.0,0.0,-23.077,0.0,0.0,0.0,0.0,0.0,0.0,0,0.0,NORMAL,False,,,,,,,,,,,,,,,,,False,,N/A,,,,,,,,,,,,,,,,,,,N/A,,True,PUT,2026-08-14,320.0,100.0,0,127.562,2.219,-0.992109376,0.001015651,0.005533436,-0.034084985,-0.014207167,N/A,5,N/A,N/A,AMERICAN,100.0,N/A,False,,,,False,,,,False,,,,,,False,,,,,,N/A,N/A,N/A,N/A,N/A,N/A,N/A,N/A,N/A,N/A,N/A,N/A,N/A,N/A,N/A,N/A,N/A,N/A,N/A,N/A,N/A,N/A,N/A
US.NVDA260814C325000,NVDA 260814 325.00C,2026-08-07 09:30:00,0.0001,0.0,0.0,0.0,0.0001,0.0,0.0,0.0,False,N/A,100,0.01,US.NVDA,0.02,0.0,12.0,0.0,,,,,,,,0.0,0.0,-100.0,0.0,0.0,0.0,0.0,0.0,0.0,0,0.0,NORMAL,False,,,,,,,,,,,,,,,,,False,,N/A,,,,,,,,,,,,,,,,,,,N/A,,True,CALL,2026-08-14,325.0,100.0,0,76.167,45.115,2.2728e-05,4.838e-06,2.6092e-05,-9.0661e-05,6.99e-07,N/A,5,N/A,N/A,AMERICAN,100.0,N/A,False,,,,False,,,,False,,,,,,False,,,,,,N/A,N/A,N/A,N/A,N/A,N/A,N/A,N/A,N/A,N/A,N/A,N/A,N/A,N/A,N/A,N/A,N/A,N/A,N/A,N/A,N/A,N/A,N/A
US.NVDA260814P325000,NVDA 260814 325.00P,2026-08-07 09:30:00,106.01,0.0,0.0,0.0,106.01,0.0,0.0,0.0,False,N/A,100,0.05,US.NVDA,101.95,100.2,16.0,10.0,,,,,,,,0.0,0.0,-23.077,0.0,0.0,0.0,0.0,0.0,0.0,0,0.0,NORMAL,False,,,,,,,,,,,,,,,,,False,,N/A,,,,,,,,,,,,,,,,,,,N/A,,True,PUT,2026-08-14,325.0,100.0,0,132.406,2.219,-0.992332802,0.000957796,0.005395037,-0.034194776,-0.014311571,N/A,5,N/A,N/A,AMERICAN,100.0,N/A,False,,,,False,,,,False,,,,,,False,,,,,,N/A,N/A,N/A,N/A,N/A,N/A,N/A,N/A,N/A,N/A,N/A,N/A,N/A,N/A,N/A,N/A,N/A,N/A,N/A,N/A,N/A,N/A,N/A
US.NVDA260814C330000,NVDA 260814 330.00C,2026-07-31 09:30:00,0.0001,0.0,0.0,0.0,0.0001,0.0,0.0,0.0,False,N/A,100,0.01,US.NVDA,0.02,0.0,12.0,0.0,,,,,,,,0.0,0.0,-100.0,0.0,0.0,0.0,0.0,0.0,0.0,0,0.0,NORMAL,False,,,,,,,,,,,,,,,,,False,,N/A,,,,,,,,,,,,,,,,,,,N/A,,True,CALL,2026-08-14,330.0,100.0,11,79.103,47.347,2.1936e-05,4.504e-06,2.5218e-05,-9.0751e-05,6.74e-07,N/A,5,N/A,N/A,AMERICAN,100.0,N/A,False,,,,False,,,,False,,,,,,False,,,,,,N/A,N/A,N/A,N/A,N/A,N/A,N/A,N/A,N/A,N/A,N/A,N/A,N/A,N/A,N/A,N/A,N/A,N/A,N/A,N/A,N/A,N/A,N/A
US.NVDA260814P330000,NVDA 260814 330.00P,2026-08-07 09:30:00,111.01,0.0,0.0,0.0,111.01,0.0,0.0,0.0,False,N/A,100,0.05,US.NVDA,106.95,105.2,10.0,9.0,,,,,,,,0.0,0.0,-5.263,0.0,0.0,0.0,0.0,0.0,0.0,0,0.0,NORMAL,False,,,,,,,,,,,,,,,,,False,,N/A,,,,,,,,,,,,,,,,,,,N/A,,True,PUT,2026-08-14,330.0,100.0,0,137.158,2.219,-0.992536756,0.000906419,0.0052681,-0.034294488,-0.014415661,N/A,5,N/A,N/A,AMERICAN,100.0,N/A,False,,,,False,,,,False,,,,,,False,,,,,,N/A,N/A,N/A,N/A,N/A,N/A,N/A,N/A,N/A,N/A,N/A,N/A,N/A,N/A,N/A,N/A,N/A,N/A,N/A,N/A,N/A,N/A,N/A
US.NVDA260814C335000,NVDA 260814 335.00C,2026-07-29 09:30:00,0.0001,0.0,0.0,0.0,0.0001,0.0,0.0,0.0,False,N/A,100,0.01,US.NVDA,0.02,0.0,12.0,0.0,,,,,,,,0.0,0.0,-100.0,0.0,0.0,0.0,0.0,0.0,0.0,0,0.0,NORMAL,False,,,,,,,,,,,,,,,,,False,,N/A,,,,,,,,,,,,,,,,,,,N/A,,True,CALL,2026-08-14,335.0,100.0,0,81.988,49.58,2.1212e-05,4.21e-06,2.4419e-05,-9.0839e-05,6.52e-07,N/A,5,N/A,N/A,AMERICAN,100.0,N/A,False,,,,False,,,,False,,,,,,False,,,,,,N/A,N/A,N/A,N/A,N/A,N/A,N/A,N/A,N/A,N/A,N/A,N/A,N/A,N/A,N/A,N/A,N/A,N/A,N/A,N/A,N/A,N/A,N/A
US.NVDA260814P335000,NVDA 260814 335.00P,2026-08-07 09:30:00,116.01,0.0,0.0,0.0,116.01,0.0,0.0,0.0,False,N/A,100,0.05,US.NVDA,111.95,110.2,16.0,10.0,,,,,,,,0.0,0.0,-23.077,0.0,0.0,0.0,0.0,0.0,0.0,0,0.0,NORMAL,False,,,,,,,,,,,,,,,,,False,,N/A,,,,,,,,,,,,,,,,,,,N/A,,True,PUT,2026-08-14,335.0,100.0,0,141.821,2.219,-0.992723689,0.000860535,0.00515124,-0.034385113,-0.014519417,N/A,5,N/A,N/A,AMERICAN,100.0,N/A,False,,,,False,,,,False,,,,,,False,,,,,,N/A,N/A,N/A,N/A,N/A,N/A,N/A,N/A,N/A,N/A,N/A,N/A,N/A,N/A,N/A,N/A,N/A,N/A,N/A,N/A,N/A,N/A,N/A
US.NVDA260814C340000,NVDA 260814 340.00C,2026-07-29 09:30:00,0.0001,0.0,0.0,0.0,0.0001,0.0,0.0,0.0,False,N/A,100,0.01,US.NVDA,0.02,0.0,14.0,0.0,,,,,,,,0.0,0.0,-100.0,0.0,0.0,0.0,0.0,0.0,0.0,0,0.0,NORMAL,False,,,,,,,,,,,,,,,,,False,,N/A,,,,,,,,,,,,,,,,,,,N/A,,True,CALL,2026-08-14,340.0,100.0,0,84.823,51.812,2.0548e-05,3.948e-06,2.3684e-05,-9.0921e-05,6.31e-07,N/A,5,N/A,N/A,AMERICAN,100.0,N/A,False,,,,False,,,,False,,,,,,False,,,,,,N/A,N/A,N/A,N/A,N/A,N/A,N/A,N/A,N/A,N/A,N/A,N/A,N/A,N/A,N/A,N/A,N/A,N/A,N/A,N/A,N/A,N/A,N/A
US.NVDA260814P340000,NVDA 260814 340.00P,2026-08-07 09:30:00,121.01,0.0,0.0,0.0,121.01,0.0,0.0,0.0,False,N/A,100,0.05,US.NVDA,116.95,115.2,16.0,10.0,,,,,,,,0.0,0.0,-23.077,0.0,0.0,0.0,0.0,0.0,0.0,0,0.0,NORMAL,False,,,,,,,,,,,,,,,,,False,,N/A,,,,,,,,,,,,,,,,,,,N/A,,True,PUT,2026-08-14,340.0,100.0,0,146.4,2.219,-0.99289573,0.000819337,0.005043239,-0.034466907,-0.014622712,N/A,5,N/A,N/A,AMERICAN,100.0,N/A,False,,,,False,,,,False,,,,,,False,,,,,,N/A,N/A,N/A,N/A,N/A,N/A,N/A,N/A,N/A,N/A,N/A,N/A,N/A,N/A,N/A,N/A,N/A,N/A,N/A,N/A,N/A,N/A,N/A
US.NVDA260814C345000,NVDA 260814 345.00C,2026-07-29 09:30:00,0.0001,0.0,0.0,0.0,0.0001,0.0,0.0,0.0,False,N/A,100,0.01,US.NVDA,0.01,0.0,1.0,0.0,,,,,,,,0.0,0.0,-100.0,0.0,0.0,0.0,0.0,0.0,0.0,0,0.0,NORMAL,False,,,,,,,,,,,,,,,,,False,,N/A,,,,,,,,,,,,,,,,,,,N/A,,True,CALL,2026-08-14,345.0,100.0,6,87.611,54.045,1.9935e-05,3.714e-06,2.3007e-05,-9.0998e-05,6.11e-07,N/A,5,N/A,N/A,AMERICAN,100.0,N/A,False,,,,False,,,,False,,,,,,False,,,,,,N/A,N/A,N/A,N/A,N/A,N/A,N/A,N/A,N/A,N/A,N/A,N/A,N/A,N/A,N/A,N/A,N/A,N/A,N/A,N/A,N/A,N/A,N/A
US.NVDA260814P345000,NVDA 260814 345.00P,2026-08-07 09:30:00,126.01,0.0,0.0,0.0,126.01,0.0,0.0,0.0,False,N/A,100,0.05,US.NVDA,121.95,120.2,10.0,10.0,,,,,,,,0.0,0.0,0.0,0.0,0.0,0.0,0.0,0.0,0.0,0,0.0,NORMAL,False,,,,,,,,,,,,,,,,,False,,N/A,,,,,,,,,,,,,,,,,,,N/A,,True,PUT,2026-08-14,345.0,100.0,0,150.898,2.219,-0.993054573,0.000782171,0.00494313,-0.034540833,-0.014725579,N/A,5,N/A,N/A,AMERICAN,100.0,N/A,False,,,,False,,,,False,,,,,,False,,,,,,N/A,N/A,N/A,N/A,N/A,N/A,N/A,N/A,N/A,N/A,N/A,N/A,N/A,N/A,N/A,N/A,N/A,N/A,N/A,N/A,N/A,N/A,N/A
US.NVDA260814C350000,NVDA 260814 350.00C,2026-07-31 09:30:00,0.0001,0.0,0.0,0.0,0.0001,0.0,0.0,0.0,False,N/A,100,0.01,US.NVDA,0.02,0.0,14.0,0.0,,,,,,,,0.0,0.0,-100.0,0.0,0.0,0.0,0.0,0.0,0.0,0,0.0,NORMAL,False,,,,,,,,,,,,,,,,,False,,N/A,,,,,,,,,,,,,,,,,,,N/A,,True,CALL,2026-08-14,350.0,100.0,62,90.352,56.277,1.9369e-05,3.504e-06,2.238e-05,-9.1073e-05,5.94e-07,N/A,5,N/A,N/A,AMERICAN,100.0,N/A,False,,,,False,,,,False,,,,,,False,,,,,,N/A,N/A,N/A,N/A,N/A,N/A,N/A,N/A,N/A,N/A,N/A,N/A,N/A,N/A,N/A,N/A,N/A,N/A,N/A,N/A,N/A,N/A,N/A
US.NVDA260814P350000,NVDA 260814 350.00P,2026-08-07 09:30:00,131.01,0.0,0.0,0.0,131.01,0.0,0.0,0.0,False,N/A,100,0.05,US.NVDA,126.95,125.2,10.0,10.0,,,,,,,,0.0,0.0,0.0,0.0,0.0,0.0,0.0,0.0,0.0,0,0.0,NORMAL,False,,,,,,,,,,,,,,,,,False,,N/A,,,,,,,,,,,,,,,,,,,N/A,,True,PUT,2026-08-14,350.0,100.0,0,155.317,2.219,-0.993201686,0.000748497,0.004850068,-0.03460756,-0.014828005,N/A,5,N/A,N/A,AMERICAN,100.0,N/A,False,,,,False,,,,False,,,,,,False,,,,,,N/A,N/A,N/A,N/A,N/A,N/A,N/A,N/A,N/A,N/A,N/A,N/A,N/A,N/A,N/A,N/A,N/A,N/A,N/A,N/A,N/A,N/A,N/A
US.NVDA260814C360000,NVDA 260814 360.00C,2026-08-07 12:39:12,0.01,0.01,0.01,0.01,0.0001,10.0,10.0,0.0,False,N/A,100,0.01,US.NVDA,0.01,0.0,20.0,0.0,,,,,,,,0.0,0.01,-100.0,0.0,0.0,0.0,0.0,0.0,0.0,0,0.0,NORMAL,False,,,,,,,,,,,,,,,,,False,,N/A,,,,,,,,,,,,,,,,,,,N/A,,True,CALL,2026-08-14,360.0,100.0,11,127.645,60.747,0.001101688,0.000108716,0.000976464,-0.007735876,3.3187e-05,N/A,5,N/A,N/A,AMERICAN,100.0,N/A,False,,,,False,,,,False,,,,,,False,,,,,,N/A,N/A,N/A,N/A,N/A,N/A,N/A,N/A,N/A,N/A,N/A,N/A,N/A,N/A,N/A,N/A,N/A,N/A,N/A,N/A,N/A,N/A,N/A
US.NVDA260814P360000,NVDA 260814 360.00P,2026-08-07 09:30:00,141.01,0.0,0.0,0.0,141.01,0.0,0.0,0.0,False,N/A,100,0.05,US.NVDA,137.0,135.2,2.0,1.0,,,,,,,,0.0,0.0,-33.333,0.0,0.0,0.0,0.0,0.0,0.0,0,0.0,NORMAL,False,,,,,,,,,,,,,,,,,False,,N/A,,,,,,,,,,,,,,,,,,,N/A,,True,PUT,2026-08-14,360.0,100.0,0,168.549,2.219,-0.991190936,0.000758815,0.006158641,-0.055668422,-0.018217044,N/A,5,N/A,N/A,AMERICAN,100.0,N/A,False,,,,False,,,,False,,,,,,False,,,,,,N/A,N/A,N/A,N/A,N/A,N/A,N/A,N/A,N/A,N/A,N/A,N/A,N/A,N/A,N/A,N/A,N/A,N/A,N/A,N/A,N/A,N/A,N/A
US.NVDA260814C370000,NVDA 260814 370.00C,2026-07-23 09:30:00,0.0001,0.0,0.0,0.0,0.0001,0.0,0.0,0.0,False,N/A,100,0.01,US.NVDA,0.02,0.0,20.0,0.0,,,,,,,,0.0,0.0,-100.0,0.0,0.0,0.0,0.0,0.0,0.0,0,0.0,NORMAL,False,,,,,,,,,,,,,,,,,False,,N/A,,,,,,,,,,,,,,,,,,,N/A,,True,CALL,2026-08-14,370.0,100.0,0,100.887,65.208,1.7473e-05,2.846e-06,2.0277e-05,-9.1338e-05,5.34e-07,N/A,5,N/A,N/A,AMERICAN,100.0,N/A,False,,,,False,,,,False,,,,,,False,,,,,,N/A,N/A,N/A,N/A,N/A,N/A,N/A,N/A,N/A,N/A,N/A,N/A,N/A,N/A,N/A,N/A,N/A,N/A,N/A,N/A,N/A,N/A,N/A
US.NVDA260814P370000,NVDA 260814 370.00P,2026-08-07 09:30:00,151.01,0.0,0.0,0.0,151.01,0.0,0.0,0.0,False,N/A,100,0.05,US.NVDA,146.95,145.2,16.0,10.0,,,,,,,,0.0,0.0,-23.077,0.0,0.0,0.0,0.0,0.0,0.0,0,0.0,NORMAL,False,,,,,,,,,,,,,,,,,False,,N/A,,,,,,,,,,,,,,,,,,,N/A,,True,PUT,2026-08-14,370.0,100.0,0,172.273,2.219,-0.993695589,0.000640692,0.004535082,-0.034812252,-0.015233074,N/A,5,N/A,N/A,AMERICAN,100.0,N/A,False,,,,False,,,,False,,,,,,False,,,,,,N/A,N/A,N/A,N/A,N/A,N/A,N/A,N/A,N/A,N/A,N/A,N/A,N/A,N/A,N/A,N/A,N/A,N/A,N/A,N/A,N/A,N/A,N/A
US.NVDA260814C380000,NVDA 260814 380.00C,2026-08-05 09:30:00,0.0001,0.0,0.0,0.0,0.0001,0.0,0.0,0.0,False,N/A,100,0.01,US.NVDA,0.02,0.0,20.0,0.0,,,,,,,,0.0,0.0,-100.0,0.0,0.0,0.0,0.0,0.0,0.0,0,0.0,NORMAL,False,,,,,,,,,,,,,,,,,False,,N/A,,,,,,,,,,,,,,,,,,,N/A,,True,CALL,2026-08-14,380.0,100.0,72,105.914,69.673,1.6698e-05,2.596e-06,1.9415e-05,-9.1453e-05,5.1e-07,N/A,5,N/A,N/A,AMERICAN,100.0,N/A,False,,,,False,,,,False,,,,,,False,,,,,,N/A,N/A,N/A,N/A,N/A,N/A,N/A,N/A,N/A,N/A,N/A,N/A,N/A,N/A,N/A,N/A,N/A,N/A,N/A,N/A,N/A,N/A,N/A
US.NVDA260814P380000,NVDA 260814 380.00P,2026-08-07 09:30:00,161.01,0.0,0.0,0.0,161.01,0.0,0.0,0.0,False,N/A,100,0.05,US.NVDA,156.95,155.2,10.0,10.0,,,,,,,,0.0,0.0,0.0,0.0,0.0,0.0,0.0,0.0,0.0,0,0.0,NORMAL,False,,,,,,,,,,,,,,,,,False,,N/A,,,,,,,,,,,,,,,,,,,N/A,,True,PUT,2026-08-14,380.0,100.0,0,180.353,2.219,-0.993897874,0.000598884,0.004404875,-0.034882338,-0.015432576,N/A,5,N/A,N/A,AMERICAN,100.0,N/A,False,,,,False,,,,False,,,,,,False,,,,,,N/A,N/A,N/A,N/A,N/A,N/A,N/A,N/A,N/A,N/A,N/A,N/A,N/A,N/A,N/A,N/A,N/A,N/A,N/A,N/A,N/A,N/A,N/A
US.NVDA260814C390000,NVDA 260814 390.00C,2026-07-21 09:30:00,0.0001,0.0,0.0,0.0,0.0001,0.0,0.0,0.0,False,N/A,100,0.01,US.NVDA,0.02,0.0,20.0,0.0,,,,,,,,0.0,0.0,-100.0,0.0,0.0,0.0,0.0,0.0,0.0,0,0.0,NORMAL,False,,,,,,,,,,,,,,,,,False,,N/A,,,,,,,,,,,,,,,,,,,N/A,,True,CALL,2026-08-14,390.0,100.0,463,110.795,74.138,1.6012e-05,2.385e-06,1.8651e-05,-9.1562e-05,4.88e-07,N/A,5,N/A,N/A,AMERICAN,100.0,N/A,False,,,,False,,,,False,,,,,,False,,,,,,N/A,N/A,N/A,N/A,N/A,N/A,N/A,N/A,N/A,N/A,N/A,N/A,N/A,N/A,N/A,N/A,N/A,N/A,N/A,N/A,N/A,N/A,N/A
US.NVDA260814P390000,NVDA 260814 390.00P,2026-08-07 09:30:00,171.01,0.0,0.0,0.0,171.01,0.0,0.0,0.0,False,N/A,100,0.05,US.NVDA,166.95,165.25,10.0,10.0,,,,,,,,0.0,0.0,0.0,0.0,0.0,0.0,0.0,0.0,0.0,0,0.0,NORMAL,False,,,,,,,,,,,,,,,,,False,,N/A,,,,,,,,,,,,,,,,,,,N/A,,True,PUT,2026-08-14,390.0,100.0,0,193.226,2.219,-0.992012905,0.000618609,0.005647459,-0.056751307,-0.018990917,N/A,5,N/A,N/A,AMERICAN,100.0,N/A,False,,,,False,,,,False,,,,,,False,,,,,,N/A,N/A,N/A,N/A,N/A,N/A,N/A,N/A,N/A,N/A,N/A,N/A,N/A,N/A,N/A,N/A,N/A,N/A,N/A,N/A,N/A,N/A,N/A
US.NVDA260814C400000,NVDA 260814 400.00C,2026-07-21 09:30:00,0.0001,0.0,0.0,0.0,0.0001,0.0,0.0,0.0,False,N/A,100,0.01,US.NVDA,0.01,0.0,1036.0,0.0,,,,,,,,0.0,0.0,-100.0,0.0,0.0,0.0,0.0,0.0,0.0,0,0.0,NORMAL,False,,,,,,,,,,,,,,,,,False,,N/A,,,,,,,,,,,,,,,,,,,N/A,,True,CALL,2026-08-14,400.0,100.0,73,115.536,78.603,1.5399e-05,2.204e-06,1.7968e-05,-9.1661e-05,4.69e-07,N/A,5,N/A,N/A,AMERICAN,100.0,N/A,False,,,,False,,,,False,,,,,,False,,,,,,N/A,N/A,N/A,N/A,N/A,N/A,N/A,N/A,N/A,N/A,N/A,N/A,N/A,N/A,N/A,N/A,N/A,N/A,N/A,N/A,N/A,N/A,N/A
US.NVDA260814P400000,NVDA 260814 400.00P,2026-08-07 09:30:00,181.01,0.0,0.0,0.0,181.01,0.0,0.0,0.0,False,N/A,100,0.05,US.NVDA,177.0,175.2,2.0,1.0,,,,,,,,0.0,0.0,-33.333,0.0,0.0,0.0,0.0,0.0,0.0,0,0.0,NORMAL,False,,,,,,,,,,,,,,,,,False,,N/A,,,,,,,,,,,,,,,,,,,N/A,,True,PUT,2026-08-14,400.0,100.0,0,200.96,2.219,-0.992228315,0.000584129,0.005511982,-0.057053692,-0.019243456,N/A,5,N/A,N/A,AMERICAN,100.0,N/A,False,,,,False,,,,False,,,,,,False,,,,,,N/A,N/A,N/A,N/A,N/A,N/A,N/A,N/A,N/A,N/A,N/A,N/A,N/A,N/A,N/A,N/A,N/A,N/A,N/A,N/A,N/A,N/A,N/A
US.NVDA260817C110000,NVDA 260817 110.00C,2026-08-07 09:30:00,109.1185,0.0,0.0,0.0,109.1185,0.0,0.0,0.0,False,N/A,100,0.05,US.NVDA,117.0,110.5,1.0,1.0,,,,,,,,0.0,0.0,0.0,0.0,0.0,0.0,0.0,0.0,0.0,0,0.0,NORMAL,False,,,,,,,,,,,,,,,,,False,,N/A,,,,,,,,,,,,,,,,,,,N/A,,True,CALL,2026-08-17,110.0,100.0,0,0.0,-2.161,0.0,0.0,0.0,0.0,0.0,N/A,8,N/A,N/A,AMERICAN,100.0,N/A,False,,,,False,,,,False,,,,,,False,,,,,,N/A,N/A,N/A,N/A,N/A,N/A,N/A,N/A,N/A,N/A,N/A,N/A,N/A,N/A,N/A,N/A,N/A,N/A,N/A,N/A,N/A,N/A,N/A
US.NVDA260817P110000,NVDA 260817 110.00P,2026-08-06 09:30:00,0.0001,0.0,0.0,0.0,0.0001,0.0,0.0,0.0,False,N/A,100,0.01,US.NVDA,0.02,0.0,10.0,0.0,,,,,,,,0.0,0.0,-100.0,0.0,0.0,0.0,0.0,0.0,0.0,0,0.0,NORMAL,False,,,,,,,,,,,,,,,,,False,,N/A,,,,,,,,,,,,,,,,,,,N/A,,True,PUT,2026-08-17,110.0,100.0,0,114.646,50.884,-1.1031e-05,1.262e-06,1.6484e-05,-7.2508e-05,2.536e-06,N/A,8,N/A,N/A,AMERICAN,100.0,N/A,False,,,,False,,,,False,,,,,,False,,,,,,N/A,N/A,N/A,N/A,N/A,N/A,N/A,N/A,N/A,N/A,N/A,N/A,N/A,N/A,N/A,N/A,N/A,N/A,N/A,N/A,N/A,N/A,N/A
US.NVDA260817C115000,NVDA 260817 115.00C,2026-08-07 09:30:00,104.1243,0.0,0.0,0.0,104.1243,0.0,0.0,0.0,False,N/A,100,0.05,US.NVDA,112.0,105.55,1.0,2.0,,,,,,,,0.0,0.0,33.333,0.0,0.0,0.0,0.0,0.0,0.0,0,0.0,NORMAL,False,,,,,,,,,,,,,,,,,False,,N/A,,,,,,,,,,,,,,,,,,,N/A,,True,CALL,2026-08-17,115.0,100.0,0,0.0,-2.159,0.0,0.0,0.0,0.0,0.0,N/A,8,N/A,N/A,AMERICAN,100.0,N/A,False,,,,False,,,,False,,,,,,False,,,,,,N/A,N/A,N/A,N/A,N/A,N/A,N/A,N/A,N/A,N/A,N/A,N/A,N/A,N/A,N/A,N/A,N/A,N/A,N/A,N/A,N/A,N/A,N/A
US.NVDA260817P115000,NVDA 260817 115.00P,2026-08-07 09:30:00,0.0003,0.0,0.0,0.0,0.0003,0.0,0.0,0.0,False,N/A,100,0.01,US.NVDA,0.02,0.0,10.0,0.0,,,,,,,,0.0,0.0,-100.0,0.0,0.0,0.0,0.0,0.0,0.0,0,0.0,NORMAL,False,,,,,,,,,,,,,,,,,False,,N/A,,,,,,,,,,,,,,,,,,,N/A,,True,PUT,2026-08-17,115.0,100.0,0,114.411,48.651,-3.2524e-05,3.562e-06,4.5956e-05,-0.00021048,2.866e-06,N/A,8,N/A,N/A,AMERICAN,100.0,N/A,False,,,,False,,,,False,,,,,,False,,,,,,N/A,N/A,N/A,N/A,N/A,N/A,N/A,N/A,N/A,N/A,N/A,N/A,N/A,N/A,N/A,N/A,N/A,N/A,N/A,N/A,N/A,N/A,N/A
US.NVDA260817C120000,NVDA 260817 120.00C,2026-08-07 09:30:00,99.1305,0.0,0.0,0.0,99.1305,0.0,0.0,0.0,False,N/A,100,0.05,US.NVDA,106.95,99.45,1.0,1.0,,,,,,,,0.0,0.0,0.0,0.0,0.0,0.0,0.0,0.0,0.0,0,0.0,NORMAL,False,,,,,,,,,,,,,,,,,False,,N/A,,,,,,,,,,,,,,,,,,,N/A,,True,CALL,2026-08-17,120.0,100.0,0,0.0,-2.156,0.0,0.0,0.0,0.0,0.0,N/A,8,N/A,N/A,AMERICAN,100.0,N/A,False,,,,False,,,,False,,,,,,False,,,,,,N/A,N/A,N/A,N/A,N/A,N/A,N/A,N/A,N/A,N/A,N/A,N/A,N/A,N/A,N/A,N/A,N/A,N/A,N/A,N/A,N/A,N/A,N/A
US.NVDA260817P120000,NVDA 260817 120.00P,2026-08-07 09:30:00,0.001,0.0,0.0,0.0,0.001,0.0,0.0,0.0,False,N/A,100,0.01,US.NVDA,0.02,0.0,10.0,0.0,,,,,,,,0.0,0.0,-100.0,0.0,0.0,0.0,0.0,0.0,0.0,0,0.0,NORMAL,False,,,,,,,,,,,,,,,,,False,,N/A,,,,,,,,,,,,,,,,,,,N/A,,True,PUT,2026-08-17,120.0,100.0,8,115.485,46.419,-0.000102566,1.0472e-05,0.00013563,-0.000661866,1.627e-06,N/A,8,N/A,N/A,AMERICAN,100.0,N/A,False,,,,False,,,,False,,,,,,False,,,,,,N/A,N/A,N/A,N/A,N/A,N/A,N/A,N/A,N/A,N/A,N/A,N/A,N/A,N/A,N/A,N/A,N/A,N/A,N/A,N/A,N/A,N/A,N/A
US.NVDA260817C125000,NVDA 260817 125.00C,2026-08-07 09:30:00,94.1377,0.0,0.0,0.0,94.1377,0.0,0.0,0.0,False,N/A,100,0.05,US.NVDA,101.95,94.5,1.0,1.0,,,,,,,,0.0,0.0,0.0,0.0,0.0,0.0,0.0,0.0,0.0,0,0.0,NORMAL,False,,,,,,,,,,,,,,,,,False,,N/A,,,,,,,,,,,,,,,,,,,N/A,,True,CALL,2026-08-17,125.0,100.0,0,0.0,-2.153,0.0,0.0,0.0,0.0,0.0,N/A,8,N/A,N/A,AMERICAN,100.0,N/A,False,,,,False,,,,False,,,,,,False,,,,,,N/A,N/A,N/A,N/A,N/A,N/A,N/A,N/A,N/A,N/A,N/A,N/A,N/A,N/A,N/A,N/A,N/A,N/A,N/A,N/A,N/A,N/A,N/A
US.NVDA260817P125000,NVDA 260817 125.00P,2026-08-07 09:30:00,0.0026,0.0,0.0,0.0,0.0026,0.0,0.0,0.0,False,N/A,100,0.01,US.NVDA,0.02,0.0,12.0,0.0,,,,,,,,0.0,0.0,-100.0,0.0,0.0,0.0,0.0,0.0,0.0,0,0.0,NORMAL,False,,,,,,,,,,,,,,,,,False,,N/A,,,,,,,,,,,,,,,,,,,N/A,,True,PUT,2026-08-17,125.0,100.0,0,115.476,44.187,-0.000254033,2.4514e-05,0.000316794,-0.001618466,-3.277e-06,N/A,8,N/A,N/A,AMERICAN,100.0,N/A,False,,,,False,,,,False,,,,,,False,,,,,,N/A,N/A,N/A,N/A,N/A,N/A,N/A,N/A,N/A,N/A,N/A,N/A,N/A,N/A,N/A,N/A,N/A,N/A,N/A,N/A,N/A,N/A,N/A
US.NVDA260817C130000,NVDA 260817 130.00C,2026-08-07 09:30:00,89.1471,0.0,0.0,0.0,89.1471,0.0,0.0,0.0,False,N/A,100,0.05,US.NVDA,96.95,90.1,1.0,1.0,,,,,,,,0.0,0.0,0.0,0.0,0.0,0.0,0.0,0.0,0.0,0,0.0,NORMAL,False,,,,,,,,,,,,,,,,,False,,N/A,,,,,,,,,,,,,,,,,,,N/A,,True,CALL,2026-08-17,130.0,100.0,1,0.0,-2.149,0.0,0.0,0.0,0.0,0.0,N/A,8,N/A,N/A,AMERICAN,100.0,N/A,False,,,,False,,,,False,,,,,,False,,,,,,N/A,N/A,N/A,N/A,N/A,N/A,N/A,N/A,N/A,N/A,N/A,N/A,N/A,N/A,N/A,N/A,N/A,N/A,N/A,N/A,N/A,N/A,N/A
US.NVDA260817P130000,NVDA 260817 130.00P,2026-08-07 09:30:00,0.0064,0.0,0.0,0.0,0.0064,0.0,0.0,0.0,False,N/A,100,0.01,US.NVDA,0.02,0.01,8.0,16.0,,,,,,,,0.0,0.0,33.333,0.0,0.0,0.0,0.0,0.0,0.0,0,0.0,NORMAL,False,,,,,,,,,,,,,,,,,False,,N/A,,,,,,,,,,,,,,,,,,,N/A,,True,PUT,2026-08-17,130.0,100.0,0,124.331,41.956,-0.001220381,9.7263e-05,0.00135046,-0.008080326,-4.4934e-05,N/A,8,N/A,N/A,AMERICAN,100.0,N/A,False,,,,False,,,,False,,,,,,False,,,,,,N/A,N/A,N/A,N/A,N/A,N/A,N/A,N/A,N/A,N/A,N/A,N/A,N/A,N/A,N/A,N/A,N/A,N/A,N/A,N/A,N/A,N/A,N/A
US.NVDA260817C135000,NVDA 260817 135.00C,2026-08-07 09:30:00,84.1583,0.0,0.0,0.0,84.1583,0.0,0.0,0.0,False,N/A,100,0.05,US.NVDA,92.0,84.45,1.0,2.0,,,,,,,,0.0,0.0,33.333,0.0,0.0,0.0,0.0,0.0,0.0,0,0.0,NORMAL,False,,,,,,,,,,,,,,,,,False,,N/A,,,,,,,,,,,,,,,,,,,N/A,,True,CALL,2026-08-17,135.0,100.0,0,0.0,-2.144,0.0,0.0,0.0,0.0,0.0,N/A,8,N/A,N/A,AMERICAN,100.0,N/A,False,,,,False,,,,False,,,,,,False,,,,,,N/A,N/A,N/A,N/A,N/A,N/A,N/A,N/A,N/A,N/A,N/A,N/A,N/A,N/A,N/A,N/A,N/A,N/A,N/A,N/A,N/A,N/A,N/A
US.NVDA260817P135000,NVDA 260817 135.00P,2026-08-07 09:30:00,0.0121,0.0,0.0,0.0,0.0121,0.0,0.0,0.0,False,N/A,100,0.01,US.NVDA,0.03,0.01,22.0,20.0,,,,,,,,0.0,0.0,-4.762,0.0,0.0,0.0,0.0,0.0,0.0,0,0.0,NORMAL,False,,,,,,,,,,,,,,,,,False,,N/A,,,,,,,,,,,,,,,,,,,N/A,,True,PUT,2026-08-17,135.0,100.0,35,119.376,39.726,-0.001657622,0.000133989,0.001786006,-0.010422326,-6.4671e-05,N/A,8,N/A,N/A,AMERICAN,100.0,N/A,False,,,,False,,,,False,,,,,,False,,,,,,N/A,N/A,N/A,N/A,N/A,N/A,N/A,N/A,N/A,N/A,N/A,N/A,N/A,N/A,N/A,N/A,N/A,N/A,N/A,N/A,N/A,N/A,N/A
US.NVDA260817C140000,NVDA 260817 140.00C,2026-08-07 09:30:00,79.1696,0.0,0.0,0.0,79.1696,0.0,0.0,0.0,False,N/A,100,0.05,US.NVDA,87.05,79.55,1.0,1.0,,,,,,,,0.0,0.0,0.0,0.0,0.0,0.0,0.0,0.0,0.0,0,0.0,NORMAL,False,,,,,,,,,,,,,,,,,False,,N/A,,,,,,,,,,,,,,,,,,,N/A,,True,CALL,2026-08-17,140.0,100.0,0,0.0,-2.139,0.0,0.0,0.0,0.0,0.0,N/A,8,N/A,N/A,AMERICAN,100.0,N/A,False,,,,False,,,,False,,,,,,False,,,,,,N/A,N/A,N/A,N/A,N/A,N/A,N/A,N/A,N/A,N/A,N/A,N/A,N/A,N/A,N/A,N/A,N/A,N/A,N/A,N/A,N/A,N/A,N/A
US.NVDA260817P140000,NVDA 260817 140.00P,2026-08-07 09:30:00,0.0179,0.0,0.0,0.0,0.0179,0.0,0.0,0.0,False,N/A,100,0.01,US.NVDA,0.03,0.01,12.0,26.0,,,,,,,,0.0,0.0,36.842,0.0,0.0,0.0,0.0,0.0,0.0,0,0.0,NORMAL,False,,,,,,,,,,,,,,,,,False,,N/A,,,,,,,,,,,,,,,,,,,N/A,,True,PUT,2026-08-17,140.0,100.0,1,111.395,37.496,-0.001772458,0.000152612,0.001898386,-0.010362277,-6.9272e-05,N/A,8,N/A,N/A,AMERICAN,100.0,N/A,False,,,,False,,,,False,,,,,,False,,,,,,N/A,N/A,N/A,N/A,N/A,N/A,N/A,N/A,N/A,N/A,N/A,N/A,N/A,N/A,N/A,N/A,N/A,N/A,N/A,N/A,N/A,N/A,N/A
US.NVDA260817C145000,NVDA 260817 145.00C,2026-08-07 09:30:00,74.1808,0.0,0.0,0.0,74.1808,0.0,0.0,0.0,False,N/A,100,0.05,US.NVDA,82.0,74.5,1.0,1.0,,,,,,,,0.0,0.0,0.0,0.0,0.0,0.0,0.0,0.0,0.0,0,0.0,NORMAL,False,,,,,,,,,,,,,,,,,False,,N/A,,,,,,,,,,,,,,,,,,,N/A,,True,CALL,2026-08-17,145.0,100.0,0,0.0,-2.134,0.0,0.0,0.0,0.0,0.0,N/A,8,N/A,N/A,AMERICAN,100.0,N/A,False,,,,False,,,,False,,,,,,False,,,,,,N/A,N/A,N/A,N/A,N/A,N/A,N/A,N/A,N/A,N/A,N/A,N/A,N/A,N/A,N/A,N/A,N/A,N/A,N/A,N/A,N/A,N/A,N/A
US.NVDA260817P145000,NVDA 260817 145.00P,2026-08-07 09:30:00,0.0236,0.0,0.0,0.0,0.0236,0.0,0.0,0.0,False,N/A,100,0.01,US.NVDA,0.03,0.01,14.0,28.0,,,,,,,,0.0,0.0,33.333,0.0,0.0,0.0,0.0,0.0,0.0,0,0.0,NORMAL,False,,,,,,,,,,,,,,,,,False,,N/A,,,,,,,,,,,,,,,,,,,N/A,,True,PUT,2026-08-17,145.0,100.0,0,103.672,35.266,-0.001899634,0.00017464,0.002021957,-0.01029775,-7.4366e-05,N/A,8,N/A,N/A,AMERICAN,100.0,N/A,False,,,,False,,,,False,,,,,,False,,,,,,N/A,N/A,N/A,N/A,N/A,N/A,N/A,N/A,N/A,N/A,N/A,N/A,N/A,N/A,N/A,N/A,N/A,N/A,N/A,N/A,N/A,N/A,N/A
US.NVDA260817C150000,NVDA 260817 150.00C,2026-08-07 09:30:00,69.1921,0.0,0.0,0.0,69.1921,0.0,0.0,0.0,False,N/A,100,0.05,US.NVDA,76.85,69.55,1.0,1.0,,,,,,,,0.0,0.0,0.0,0.0,0.0,0.0,0.0,0.0,0.0,0,0.0,NORMAL,False,,,,,,,,,,,,,,,,,False,,N/A,,,,,,,,,,,,,,,,,,,N/A,,True,CALL,2026-08-17,150.0,100.0,0,0.0,-2.128,0.0,0.0,0.0,0.0,0.0,N/A,8,N/A,N/A,AMERICAN,100.0,N/A,False,,,,False,,,,False,,,,,,False,,,,,,N/A,N/A,N/A,N/A,N/A,N/A,N/A,N/A,N/A,N/A,N/A,N/A,N/A,N/A,N/A,N/A,N/A,N/A,N/A,N/A,N/A,N/A,N/A
US.NVDA260817P150000,NVDA 260817 150.00P,2026-08-07 11:23:53,0.02,0.02,0.02,0.02,0.0293,1.0,2.0,0.0,False,N/A,100,0.01,US.NVDA,0.03,0.01,12.0,43.0,,,,,,,,0.0,0.02,56.364,0.0,0.0,0.0,0.0,0.0,0.0,0,0.0,NORMAL,False,,,,,,,,,,,,,,,,,False,,N/A,,,,,,,,,,,,,,,,,,,N/A,,True,PUT,2026-08-17,150.0,100.0,21,96.186,33.032,-0.002041496,0.000200948,0.002158766,-0.0102283,-8.0047e-05,N/A,8,N/A,N/A,AMERICAN,100.0,N/A,False,,,,False,,,,False,,,,,,False,,,,,,N/A,N/A,N/A,N/A,N/A,N/A,N/A,N/A,N/A,N/A,N/A,N/A,N/A,N/A,N/A,N/A,N/A,N/A,N/A,N/A,N/A,N/A,N/A
US.NVDA260817C155000,NVDA 260817 155.00C,2026-08-07 09:30:00,64.2034,0.0,0.0,0.0,64.2034,0.0,0.0,0.0,False,N/A,100,0.05,US.NVDA,71.85,64.6,1.0,1.0,,,,,,,,0.0,0.0,0.0,0.0,0.0,0.0,0.0,0.0,0.0,0,0.0,NORMAL,False,,,,,,,,,,,,,,,,,False,,N/A,,,,,,,,,,,,,,,,,,,N/A,,True,CALL,2026-08-17,155.0,100.0,0,0.0,-2.124,0.0,0.0,0.0,0.0,0.0,N/A,8,N/A,N/A,AMERICAN,100.0,N/A,False,,,,False,,,,False,,,,,,False,,,,,,N/A,N/A,N/A,N/A,N/A,N/A,N/A,N/A,N/A,N/A,N/A,N/A,N/A,N/A,N/A,N/A,N/A,N/A,N/A,N/A,N/A,N/A,N/A
US.NVDA260817P155000,NVDA 260817 155.00P,2026-08-07 09:30:00,0.035,0.0,0.0,0.0,0.035,0.0,0.0,0.0,False,N/A,100,0.01,US.NVDA,0.04,0.02,20.0,18.0,,,,,,,,0.0,0.0,-5.263,0.0,0.0,0.0,0.0,0.0,0.0,0,0.0,NORMAL,False,,,,,,,,,,,,,,,,,False,,N/A,,,,,,,,,,,,,,,,,,,N/A,,True,PUT,2026-08-17,155.0,100.0,9,92.615,30.806,-0.003075519,0.000302328,0.003126552,-0.0145742,-0.000127731,N/A,8,N/A,N/A,AMERICAN,100.0,N/A,False,,,,False,,,,False,,,,,,False,,,,,,N/A,N/A,N/A,N/A,N/A,N/A,N/A,N/A,N/A,N/A,N/A,N/A,N/A,N/A,N/A,N/A,N/A,N/A,N/A,N/A,N/A,N/A,N/A
US.NVDA260817C160000,NVDA 260817 160.00C,2026-08-07 09:30:00,59.2146,0.0,0.0,0.0,59.2146,0.0,0.0,0.0,False,N/A,100,0.05,US.NVDA,67.0,59.5,1.0,1.0,,,,,,,,0.0,0.0,0.0,0.0,0.0,0.0,0.0,0.0,0.0,0,0.0,NORMAL,False,,,,,,,,,,,,,,,,,False,,N/A,,,,,,,,,,,,,,,,,,,N/A,,True,CALL,2026-08-17,160.0,100.0,7,0.0,-2.119,0.0,0.0,0.0,0.0,0.0,N/A,8,N/A,N/A,AMERICAN,100.0,N/A,False,,,,False,,,,False,,,,,,False,,,,,,N/A,N/A,N/A,N/A,N/A,N/A,N/A,N/A,N/A,N/A,N/A,N/A,N/A,N/A,N/A,N/A,N/A,N/A,N/A,N/A,N/A,N/A,N/A
US.NVDA260817P160000,NVDA 260817 160.00P,2026-08-07 15:50:28,0.03,0.06,0.06,0.03,0.0407,21.0,66.0,0.0,False,N/A,100,0.01,US.NVDA,0.04,0.02,31.0,26.0,,,,,,,,73.71,0.03142857142,-8.772,0.0,0.0,0.0,0.0,0.0,0.0,0,0.0,NORMAL,False,,,,,,,,,,,,,,,,,False,,N/A,,,,,,,,,,,,,,,,,,,N/A,,True,PUT,2026-08-17,160.0,100.0,12,85.295,28.572,-0.00332636,0.000352259,0.003355305,-0.014448542,-0.000138171,N/A,8,N/A,N/A,AMERICAN,100.0,N/A,False,,,,False,,,,False,,,,,,False,,,,,,N/A,N/A,N/A,N/A,N/A,N/A,N/A,N/A,N/A,N/A,N/A,N/A,N/A,N/A,N/A,N/A,N/A,N/A,N/A,N/A,N/A,N/A,N/A
US.NVDA260817C165000,NVDA 260817 165.00C,2026-08-07 09:30:00,54.2273,0.0,0.0,0.0,54.2273,0.0,0.0,0.0,False,N/A,100,0.05,US.NVDA,61.85,55.15,11.0,1.0,,,,,,,,0.0,0.0,-83.333,0.0,0.0,0.0,0.0,0.0,0.0,0,0.0,NORMAL,False,,,,,,,,,,,,,,,,,False,,N/A,,,,,,,,,,,,,,,,,,,N/A,,True,CALL,2026-08-17,165.0,100.0,0,0.0,-2.113,0.0,0.0,0.0,0.0,0.0,N/A,8,N/A,N/A,AMERICAN,100.0,N/A,False,,,,False,,,,False,,,,,,False,,,,,,N/A,N/A,N/A,N/A,N/A,N/A,N/A,N/A,N/A,N/A,N/A,N/A,N/A,N/A,N/A,N/A,N/A,N/A,N/A,N/A,N/A,N/A,N/A
US.NVDA260817P165000,NVDA 260817 165.00P,2026-08-07 09:30:00,0.0479,0.0,0.0,0.0,0.0479,0.0,0.0,0.0,False,N/A,100,0.01,US.NVDA,0.05,0.03,21.0,16.0,,,,,,,,0.0,0.0,-13.514,0.0,0.0,0.0,0.0,0.0,0.0,0,0.0,NORMAL,False,,,,,,,,,,,,,,,,,False,,N/A,,,,,,,,,,,,,,,,,,,N/A,,True,PUT,2026-08-17,165.0,100.0,38,80.65,26.347,-0.00456528,0.000494771,0.004455428,-0.01843974,-0.000195559,N/A,8,N/A,N/A,AMERICAN,100.0,N/A,False,,,,False,,,,False,,,,,,False,,,,,,N/A,N/A,N/A,N/A,N/A,N/A,N/A,N/A,N/A,N/A,N/A,N/A,N/A,N/A,N/A,N/A,N/A,N/A,N/A,N/A,N/A,N/A,N/A
US.NVDA260817C167500,NVDA 260817 167.50C,2026-08-07 09:30:00,51.7336,0.0,0.0,0.0,51.7336,0.0,0.0,0.0,False,N/A,100,0.05,US.NVDA,59.5,52.95,11.0,10.0,,,,,,,,0.0,0.0,-4.762,0.0,0.0,0.0,0.0,0.0,0.0,0,0.0,NORMAL,False,,,,,,,,,,,,,,,,,False,,N/A,,,,,,,,,,,,,,,,,,,N/A,,True,CALL,2026-08-17,167.5,100.0,0,0.0,-2.11,0.0,0.0,0.0,0.0,0.0,N/A,8,N/A,N/A,AMERICAN,100.0,N/A,False,,,,False,,,,False,,,,,,False,,,,,,N/A,N/A,N/A,N/A,N/A,N/A,N/A,N/A,N/A,N/A,N/A,N/A,N/A,N/A,N/A,N/A,N/A,N/A,N/A,N/A,N/A,N/A,N/A
US.NVDA260817P167500,NVDA 260817 167.50P,2026-08-07 10:26:39,0.04,0.04,0.04,0.04,0.0514,5.0,20.0,0.0,False,N/A,100,0.01,US.NVDA,0.05,0.03,34.0,26.0,,,,,,,,0.0,0.04,-13.333,0.0,0.0,0.0,0.0,0.0,0.0,0,0.0,NORMAL,False,,,,,,,,,,,,,,,,,False,,N/A,,,,,,,,,,,,,,,,,,,N/A,,True,PUT,2026-08-17,167.5,100.0,13,77.056,25.227,-0.004766008,0.000538103,0.004629949,-0.018339838,-0.000204088,N/A,8,N/A,N/A,AMERICAN,100.0,N/A,False,,,,False,,,,False,,,,,,False,,,,,,N/A,N/A,N/A,N/A,N/A,N/A,N/A,N/A,N/A,N/A,N/A,N/A,N/A,N/A,N/A,N/A,N/A,N/A,N/A,N/A,N/A,N/A,N/A
US.NVDA260817C170000,NVDA 260817 170.00C,2026-08-07 09:30:00,49.245,0.0,0.0,0.0,49.245,0.0,0.0,0.0,False,N/A,100,0.05,US.NVDA,56.9,50.6,11.0,10.0,,,,,,,,0.0,0.0,-4.762,0.0,0.0,0.0,0.0,0.0,0.0,0,0.0,NORMAL,False,,,,,,,,,,,,,,,,,False,,N/A,,,,,,,,,,,,,,,,,,,N/A,,True,CALL,2026-08-17,170.0,100.0,0,0.0,-2.105,0.0,0.0,0.0,0.0,0.0,N/A,8,N/A,N/A,AMERICAN,100.0,N/A,False,,,,False,,,,False,,,,,,False,,,,,,N/A,N/A,N/A,N/A,N/A,N/A,N/A,N/A,N/A,N/A,N/A,N/A,N/A,N/A,N/A,N/A,N/A,N/A,N/A,N/A,N/A,N/A,N/A
US.NVDA260817P170000,NVDA 260817 170.00P,2026-08-07 13:58:31,0.03,0.04,0.04,0.03,0.0601,45.0,179.0,0.0,False,N/A,100,0.01,US.NVDA,0.05,0.04,14.0,12.0,,,,,,,,16.639,0.03977777777,-7.692,0.0,0.0,0.0,0.0,0.0,0.0,0,0.0,NORMAL,False,,,,,,,,,,,,,,,,,False,,N/A,,,,,,,,,,,,,,,,,,,N/A,,True,PUT,2026-08-17,170.0,100.0,37,74.5,24.106,-0.005478027,0.000630024,0.005240757,-0.020213347,-0.000237067,N/A,8,N/A,N/A,AMERICAN,100.0,N/A,False,,,,False,,,,False,,,,,,False,,,,,,N/A,N/A,N/A,N/A,N/A,N/A,N/A,N/A,N/A,N/A,N/A,N/A,N/A,N/A,N/A,N/A,N/A,N/A,N/A,N/A,N/A,N/A,N/A
US.NVDA260817C172500,NVDA 260817 172.50C,2026-08-07 09:30:00,46.7577,0.0,0.0,0.0,46.7577,0.0,0.0,0.0,False,N/A,100,0.05,US.NVDA,54.55,47.95,11.0,10.0,,,,,,,,0.0,0.0,-4.762,0.0,0.0,0.0,0.0,0.0,0.0,0,0.0,NORMAL,False,,,,,,,,,,,,,,,,,False,,N/A,,,,,,,,,,,,,,,,,,,N/A,,True,CALL,2026-08-17,172.5,100.0,0,0.0,-2.099,0.0,0.0,0.0,0.0,0.0,N/A,8,N/A,N/A,AMERICAN,100.0,N/A,False,,,,False,,,,False,,,,,,False,,,,,,N/A,N/A,N/A,N/A,N/A,N/A,N/A,N/A,N/A,N/A,N/A,N/A,N/A,N/A,N/A,N/A,N/A,N/A,N/A,N/A,N/A,N/A,N/A
US.NVDA260817P172500,NVDA 260817 172.50P,2026-08-07 09:30:00,0.07,0.0,0.0,0.0,0.07,0.0,0.0,0.0,False,N/A,100,0.01,US.NVDA,0.06,0.04,63.0,27.0,,,,,,,,0.0,0.0,-40.0,0.0,0.0,0.0,0.0,0.0,0.0,0,0.0,NORMAL,False,,,,,,,,,,,,,,,,,False,,N/A,,,,,,,,,,,,,,,,,,,N/A,,True,PUT,2026-08-17,172.5,100.0,5,71.831,23.008,-0.006239649,0.000733434,0.005882162,-0.022018551,-0.000272348,N/A,8,N/A,N/A,AMERICAN,100.0,N/A,False,,,,False,,,,False,,,,,,False,,,,,,N/A,N/A,N/A,N/A,N/A,N/A,N/A,N/A,N/A,N/A,N/A,N/A,N/A,N/A,N/A,N/A,N/A,N/A,N/A,N/A,N/A,N/A,N/A
US.NVDA260817C175000,NVDA 260817 175.00C,2026-08-07 09:30:00,44.2704,0.0,0.0,0.0,44.2704,0.0,0.0,0.0,False,N/A,100,0.05,US.NVDA,51.9,45.7,11.0,11.0,,,,,,,,0.0,0.0,0.0,0.0,0.0,0.0,0.0,0.0,0.0,0,0.0,NORMAL,False,,,,,,,,,,,,,,,,,False,,N/A,,,,,,,,,,,,,,,,,,,N/A,,True,CALL,2026-08-17,175.0,100.0,37,0.0,-2.094,0.0,0.0,0.0,0.0,0.0,N/A,8,N/A,N/A,AMERICAN,100.0,N/A,False,,,,False,,,,False,,,,,,False,,,,,,N/A,N/A,N/A,N/A,N/A,N/A,N/A,N/A,N/A,N/A,N/A,N/A,N/A,N/A,N/A,N/A,N/A,N/A,N/A,N/A,N/A,N/A,N/A
US.NVDA260817P175000,NVDA 260817 175.00P,2026-08-07 09:30:01,0.06,0.06,0.06,0.06,0.08,1.0,6.0,0.0,False,N/A,100,0.01,US.NVDA,0.07,0.05,40.0,19.0,,,,,,,,0.0,0.06,-35.593,0.0,0.0,0.0,0.0,0.0,0.0,0,0.0,NORMAL,False,,,,,,,,,,,,,,,,,False,,N/A,,,,,,,,,,,,,,,,,,,N/A,,True,PUT,2026-08-17,175.0,100.0,14,69.81,21.887,-0.00756215,0.000894347,0.006970099,-0.025611628,-0.000334631,N/A,8,N/A,N/A,AMERICAN,100.0,N/A,False,,,,False,,,,False,,,,,,False,,,,,,N/A,N/A,N/A,N/A,N/A,N/A,N/A,N/A,N/A,N/A,N/A,N/A,N/A,N/A,N/A,N/A,N/A,N/A,N/A,N/A,N/A,N/A,N/A
US.NVDA260817C177500,NVDA 260817 177.50C,2026-08-07 09:30:00,41.7833,0.0,0.0,0.0,41.7833,0.0,0.0,0.0,False,N/A,100,0.05,US.NVDA,49.4,43.1,11.0,10.0,,,,,,,,0.0,0.0,-4.762,0.0,0.0,0.0,0.0,0.0,0.0,0,0.0,NORMAL,False,,,,,,,,,,,,,,,,,False,,N/A,,,,,,,,,,,,,,,,,,,N/A,,True,CALL,2026-08-17,177.5,100.0,27,0.0,-2.088,0.0,0.0,0.0,0.0,0.0,N/A,8,N/A,N/A,AMERICAN,100.0,N/A,False,,,,False,,,,False,,,,,,False,,,,,,N/A,N/A,N/A,N/A,N/A,N/A,N/A,N/A,N/A,N/A,N/A,N/A,N/A,N/A,N/A,N/A,N/A,N/A,N/A,N/A,N/A,N/A,N/A
US.NVDA260817P177500,NVDA 260817 177.50P,2026-08-07 09:30:00,0.09,0.0,0.0,0.0,0.09,0.0,0.0,0.0,False,N/A,100,0.01,US.NVDA,0.08,0.06,52.0,14.0,,,,,,,,0.0,0.0,-57.576,0.0,0.0,0.0,0.0,0.0,0.0,0,0.0,NORMAL,False,,,,,,,,,,,,,,,,,False,,N/A,,,,,,,,,,,,,,,,,,,N/A,,True,PUT,2026-08-17,177.5,100.0,8,67.534,20.784,-0.008966937,0.001073775,0.008094987,-0.029028281,-0.000400839,N/A,8,N/A,N/A,AMERICAN,100.0,N/A,False,,,,False,,,,False,,,,,,False,,,,,,N/A,N/A,N/A,N/A,N/A,N/A,N/A,N/A,N/A,N/A,N/A,N/A,N/A,N/A,N/A,N/A,N/A,N/A,N/A,N/A,N/A,N/A,N/A
US.NVDA260817C180000,NVDA 260817 180.00C,2026-08-07 11:33:38,44.55,43.9,44.55,43.9,39.301,5.0,22080.0,0.0,False,N/A,100,0.05,US.NVDA,46.9,40.7,11.0,10.0,,,,,,,,1.654,44.16,-4.762,0.0,0.0,0.0,0.0,0.0,0.0,0,0.0,NORMAL,False,,,,,,,,,,,,,,,,,False,,N/A,,,,,,,,,,,,,,,,,,,N/A,,True,CALL,2026-08-17,180.0,100.0,8,0.0,0.263,0.0,0.0,0.0,0.0,0.0,N/A,8,N/A,N/A,AMERICAN,100.0,N/A,False,,,,False,,,,False,,,,,,False,,,,,,N/A,N/A,N/A,N/A,N/A,N/A,N/A,N/A,N/A,N/A,N/A,N/A,N/A,N/A,N/A,N/A,N/A,N/A,N/A,N/A,N/A,N/A,N/A
US.NVDA260817P180000,NVDA 260817 180.00P,2026-08-07 15:59:16,0.07,0.05,0.08,0.05,0.105,41.0,296.0,0.0,False,N/A,100,0.01,US.NVDA,0.09,0.07,140.0,16.0,,,,,,,,28.571,0.07219512195,-79.487,0.0,0.0,0.0,0.0,0.0,0.0,0,0.0,NORMAL,False,,,,,,,,,,,,,,,,,False,,N/A,,,,,,,,,,,,,,,,,,,N/A,,True,PUT,2026-08-17,180.0,100.0,68,65.062,19.659,-0.010471215,0.001276351,0.009269338,-0.032275542,-0.000471715,N/A,8,N/A,N/A,AMERICAN,100.0,N/A,False,,,,False,,,,False,,,,,,False,,,,,,N/A,N/A,N/A,N/A,N/A,N/A,N/A,N/A,N/A,N/A,N/A,N/A,N/A,N/A,N/A,N/A,N/A,N/A,N/A,N/A,N/A,N/A,N/A
US.NVDA260817C182500,NVDA 260817 182.50C,2026-08-07 09:30:00,36.8187,0.0,0.0,0.0,36.8187,0.0,0.0,0.0,False,N/A,100,0.05,US.NVDA,44.55,38.0,11.0,10.0,,,,,,,,0.0,0.0,-4.762,0.0,0.0,0.0,0.0,0.0,0.0,0,0.0,NORMAL,False,,,,,,,,,,,,,,,,,False,,N/A,,,,,,,,,,,,,,,,,,,N/A,,True,CALL,2026-08-17,182.5,100.0,30,0.0,-2.072,0.0,0.0,0.0,0.0,0.0,N/A,8,N/A,N/A,AMERICAN,100.0,N/A,False,,,,False,,,,False,,,,,,False,,,,,,N/A,N/A,N/A,N/A,N/A,N/A,N/A,N/A,N/A,N/A,N/A,N/A,N/A,N/A,N/A,N/A,N/A,N/A,N/A,N/A,N/A,N/A,N/A
US.NVDA260817P182500,NVDA 260817 182.50P,2026-08-07 13:56:29,0.09,0.09,0.09,0.09,0.12,15.0,135.0,0.0,False,N/A,100,0.01,US.NVDA,0.1,0.08,30.0,18.0,,,,,,,,0.0,0.09,-25.0,0.0,0.0,0.0,0.0,0.0,0.0,0,0.0,NORMAL,False,,,,,,,,,,,,,,,,,False,,N/A,,,,,,,,,,,,,,,,,,,N/A,,True,PUT,2026-08-17,182.5,100.0,38,62.432,18.552,-0.012094179,0.001507613,0.010505763,-0.03535633,-0.000548104,N/A,8,N/A,N/A,AMERICAN,100.0,N/A,False,,,,False,,,,False,,,,,,False,,,,,,N/A,N/A,N/A,N/A,N/A,N/A,N/A,N/A,N/A,N/A,N/A,N/A,N/A,N/A,N/A,N/A,N/A,N/A,N/A,N/A,N/A,N/A,N/A
US.NVDA260817C185000,NVDA 260817 185.00C,2026-08-07 15:46:00,38.35,38.35,38.35,38.35,34.3514,1.0,3835.0,0.0,False,N/A,100,0.05,US.NVDA,41.95,36.4,11.0,1.0,,,,,,,,0.0,38.35,-83.333,0.0,0.0,0.0,0.0,0.0,0.0,0,0.0,NORMAL,False,,,,,,,,,,,,,,,,,False,,N/A,,,,,,,,,,,,,,,,,,,N/A,,True,CALL,2026-08-17,185.0,100.0,24,55.365,-0.272,0.991017885,0.001312223,0.008109449,-0.043204555,0.040645452,N/A,8,N/A,N/A,AMERICAN,100.0,N/A,False,,,,False,,,,False,,,,,,False,,,,,,N/A,N/A,N/A,N/A,N/A,N/A,N/A,N/A,N/A,N/A,N/A,N/A,N/A,N/A,N/A,N/A,N/A,N/A,N/A,N/A,N/A,N/A,N/A
US.NVDA260817P185000,NVDA 260817 185.00P,2026-08-07 11:58:59,0.09,0.1,0.1,0.09,0.15,9.0,86.0,0.0,False,N/A,100,0.01,US.NVDA,0.11,0.09,37.0,27.0,,,,,,,,6.667,0.09555555555,-15.625,0.0,0.0,0.0,0.0,0.0,0.0,0,0.0,NORMAL,False,,,,,,,,,,,,,,,,,False,,N/A,,,,,,,,,,,,,,,,,,,N/A,,True,PUT,2026-08-17,185.0,100.0,47,59.673,17.436,-0.013858042,0.001774416,0.01181778,-0.038269859,-0.000630989,N/A,8,N/A,N/A,AMERICAN,100.0,N/A,False,,,,False,,,,False,,,,,,False,,,,,,N/A,N/A,N/A,N/A,N/A,N/A,N/A,N/A,N/A,N/A,N/A,N/A,N/A,N/A,N/A,N/A,N/A,N/A,N/A,N/A,N/A,N/A,N/A
US.NVDA260817C187500,NVDA 260817 187.50C,2026-08-07 09:30:00,31.8841,0.0,0.0,0.0,31.8841,0.0,0.0,0.0,False,N/A,100,0.05,US.NVDA,39.5,33.35,11.0,23.0,,,,,,,,0.0,0.0,35.294,0.0,0.0,0.0,0.0,0.0,0.0,0,0.0,NORMAL,False,,,,,,,,,,,,,,,,,False,,N/A,,,,,,,,,,,,,,,,,,,N/A,,True,CALL,2026-08-17,187.5,100.0,44,0.0,-2.043,0.0,0.0,0.0,0.0,0.0,N/A,8,N/A,N/A,AMERICAN,100.0,N/A,False,,,,False,,,,False,,,,,,False,,,,,,N/A,N/A,N/A,N/A,N/A,N/A,N/A,N/A,N/A,N/A,N/A,N/A,N/A,N/A,N/A,N/A,N/A,N/A,N/A,N/A,N/A,N/A,N/A
US.NVDA260817P187500,NVDA 260817 187.50P,2026-08-07 15:28:31,0.11,0.12,0.12,0.1,0.18,23.0,256.0,0.0,False,N/A,100,0.01,US.NVDA,0.13,0.11,37.0,17.0,,,,,,,,11.111,0.11130434782,-37.037,0.0,0.0,0.0,0.0,0.0,0.0,0,0.0,NORMAL,False,,,,,,,,,,,,,,,,,False,,N/A,,,,,,,,,,,,,,,,,,,N/A,,True,PUT,2026-08-17,187.5,100.0,33,57.537,16.328,-0.016863258,0.00217824,0.013986538,-0.044109369,-0.000774107,N/A,8,N/A,N/A,AMERICAN,100.0,N/A,False,,,,False,,,,False,,,,,,False,,,,,,N/A,N/A,N/A,N/A,N/A,N/A,N/A,N/A,N/A,N/A,N/A,N/A,N/A,N/A,N/A,N/A,N/A,N/A,N/A,N/A,N/A,N/A,N/A
US.NVDA260817C190000,NVDA 260817 190.00C,2026-08-07 14:07:33,32.43,32.43,32.43,32.43,29.4268,10.0,32430.0,0.0,False,N/A,100,0.05,US.NVDA,37.05,30.8,11.0,20.0,,,,,,,,0.0,32.43,29.032,0.0,0.0,0.0,0.0,0.0,0.0,0,0.0,NORMAL,False,,,,,,,,,,,,,,,,,False,,N/A,,,,,,,,,,,,,,,,,,,N/A,,True,CALL,2026-08-17,190.0,100.0,70,0.0,-0.683,0.0,0.0,0.0,0.0,0.0,N/A,8,N/A,N/A,AMERICAN,100.0,N/A,False,,,,False,,,,False,,,,,,False,,,,,,N/A,N/A,N/A,N/A,N/A,N/A,N/A,N/A,N/A,N/A,N/A,N/A,N/A,N/A,N/A,N/A,N/A,N/A,N/A,N/A,N/A,N/A,N/A
US.NVDA260817P190000,NVDA 260817 190.00P,2026-08-07 15:59:41,0.14,0.16,0.16,0.11,0.22,144.0,2110.0,0.0,False,N/A,100,0.01,US.NVDA,0.15,0.13,44.0,15.0,,,,,,,,22.727,0.14652777777,-49.153,0.0,0.0,0.0,0.0,0.0,0.0,0,0.0,NORMAL,False,,,,,,,,,,,,,,,,,False,,N/A,,,,,,,,,,,,,,,,,,,N/A,,True,PUT,2026-08-17,190.0,100.0,171,55.125,15.225,-0.020111144,0.002641616,0.016249268,-0.049528804,-0.000928544,N/A,8,N/A,N/A,AMERICAN,100.0,N/A,False,,,,False,,,,False,,,,,,False,,,,,,N/A,N/A,N/A,N/A,N/A,N/A,N/A,N/A,N/A,N/A,N/A,N/A,N/A,N/A,N/A,N/A,N/A,N/A,N/A,N/A,N/A,N/A,N/A
US.NVDA260817C192500,NVDA 260817 192.50C,2026-08-07 09:30:00,26.9795,0.0,0.0,0.0,26.9795,0.0,0.0,0.0,False,N/A,100,0.05,US.NVDA,34.55,28.15,11.0,20.0,,,,,,,,0.0,0.0,29.032,0.0,0.0,0.0,0.0,0.0,0.0,0,0.0,NORMAL,False,,,,,,,,,,,,,,,,,False,,N/A,,,,,,,,,,,,,,,,,,,N/A,,True,CALL,2026-08-17,192.5,100.0,35,0.0,-2.0,0.0,0.0,0.0,0.0,0.0,N/A,8,N/A,N/A,AMERICAN,100.0,N/A,False,,,,False,,,,False,,,,,,False,,,,,,N/A,N/A,N/A,N/A,N/A,N/A,N/A,N/A,N/A,N/A,N/A,N/A,N/A,N/A,N/A,N/A,N/A,N/A,N/A,N/A,N/A,N/A,N/A
US.NVDA260817P192500,NVDA 260817 192.50P,2026-08-07 12:24:02,0.15,0.2,0.2,0.15,0.27,306.0,4690.0,0.0,False,N/A,100,0.01,US.NVDA,0.17,0.15,24.0,22.0,,,,,,,,18.519,0.15326797385000002,-4.348,0.0,0.0,0.0,0.0,0.0,0.0,0,0.0,NORMAL,False,,,,,,,,,,,,,,,,,False,,N/A,,,,,,,,,,,,,,,,,,,N/A,,True,PUT,2026-08-17,192.5,100.0,27,52.491,14.114,-0.02366275,0.003182674,0.018640591,-0.054532754,-0.001097018,N/A,8,N/A,N/A,AMERICAN,100.0,N/A,False,,,,False,,,,False,,,,,,False,,,,,,N/A,N/A,N/A,N/A,N/A,N/A,N/A,N/A,N/A,N/A,N/A,N/A,N/A,N/A,N/A,N/A,N/A,N/A,N/A,N/A,N/A,N/A,N/A
US.NVDA260817C195000,NVDA 260817 195.00C,2026-08-07 14:26:17,27.19,28.0,28.0,26.65,24.5521,193.0,533309.0,0.0,False,N/A,100,0.05,US.NVDA,31.35,26.1,31.0,21.0,,,,,,,,5.499,27.632590673569997,-19.231,0.0,0.0,0.0,0.0,0.0,0.0,0,0.0,NORMAL,False,,,,,,,,,,,,,,,,,False,,N/A,,,,,,,,,,,,,,,,,,,N/A,,True,CALL,2026-08-17,195.0,100.0,61,0.0,-0.79,0.0,0.0,0.0,0.0,0.0,N/A,8,N/A,N/A,AMERICAN,100.0,N/A,False,,,,False,,,,False,,,,,,False,,,,,,N/A,N/A,N/A,N/A,N/A,N/A,N/A,N/A,N/A,N/A,N/A,N/A,N/A,N/A,N/A,N/A,N/A,N/A,N/A,N/A,N/A,N/A,N/A
US.NVDA260817P195000,NVDA 260817 195.00P,2026-08-07 15:59:32,0.18,0.25,0.25,0.16,0.34,770.0,14358.0,0.0,False,N/A,100,0.01,US.NVDA,0.2,0.18,25.0,85.0,,,,,,,,26.471,0.18646753246,54.545,0.0,0.0,0.0,0.0,0.0,0.0,0,0.0,NORMAL,False,,,,,,,,,,,,,,,,,False,,N/A,,,,,,,,,,,,,,,,,,,N/A,,True,PUT,2026-08-17,195.0,100.0,609,50.136,13.011,-0.02869232,0.003915107,0.021899258,-0.061770025,-0.001336935,N/A,8,N/A,N/A,AMERICAN,100.0,N/A,False,,,,False,,,,False,,,,,,False,,,,,,N/A,N/A,N/A,N/A,N/A,N/A,N/A,N/A,N/A,N/A,N/A,N/A,N/A,N/A,N/A,N/A,N/A,N/A,N/A,N/A,N/A,N/A,N/A
US.NVDA260817C197500,NVDA 260817 197.50C,2026-08-07 15:07:36,25.32,26.5,26.5,24.78,22.1596,187.0,471391.0,0.0,False,N/A,100,0.05,US.NVDA,29.35,24.85,10.0,19.0,,,,,,,,7.762,25.20807486631,31.034,0.0,0.0,0.0,0.0,0.0,0.0,0,0.0,NORMAL,False,,,,,,,,,,,,,,,,,False,,N/A,,,,,,,,,,,,,,,,,,,N/A,,True,CALL,2026-08-17,197.5,100.0,43,55.372,-0.509,0.942284292,0.006248153,0.038587882,-0.145290434,0.040903546,N/A,8,N/A,N/A,AMERICAN,100.0,N/A,False,,,,False,,,,False,,,,,,False,,,,,,N/A,N/A,N/A,N/A,N/A,N/A,N/A,N/A,N/A,N/A,N/A,N/A,N/A,N/A,N/A,N/A,N/A,N/A,N/A,N/A,N/A,N/A,N/A
US.NVDA260817P197500,NVDA 260817 197.50P,2026-08-07 13:28:33,0.26,0.28,0.28,0.2,0.445,28.0,699.0,0.0,False,N/A,100,0.01,US.NVDA,0.24,0.21,65.0,24.0,,,,,,,,17.978,0.24964285713999998,-46.067,0.0,0.0,0.0,0.0,0.0,0.0,0,0.0,NORMAL,False,,,,,,,,,,,,,,,,,False,,N/A,,,,,,,,,,,,,,,,,,,N/A,,True,PUT,2026-08-17,197.5,100.0,1288,47.698,11.93,-0.034787325,0.004825452,0.025676195,-0.069540002,-0.00162765,N/A,8,N/A,N/A,AMERICAN,100.0,N/A,False,,,,False,,,,False,,,,,,False,,,,,,N/A,N/A,N/A,N/A,N/A,N/A,N/A,N/A,N/A,N/A,N/A,N/A,N/A,N/A,N/A,N/A,N/A,N/A,N/A,N/A,N/A,N/A,N/A
US.NVDA260817C200000,NVDA 260817 200.00C,2026-08-07 15:33:00,22.87,22.42,23.75,22.42,19.8071,285.0,645986.0,0.0,False,N/A,100,0.05,US.NVDA,25.0,23.6,10.0,20.0,,,,,,,,6.715,22.66617543859,33.333,0.0,0.0,0.0,0.0,0.0,0.0,0,0.0,NORMAL,False,,,,,,,,,,,,,,,,,False,,N/A,,,,,,,,,,,,,,,,,,,N/A,,True,CALL,2026-08-17,200.0,100.0,109,41.559,-0.486,0.969290571,0.004997955,0.023171909,-0.075205522,0.04287125,N/A,8,N/A,N/A,AMERICAN,100.0,N/A,False,,,,False,,,,False,,,,,,False,,,,,,N/A,N/A,N/A,N/A,N/A,N/A,N/A,N/A,N/A,N/A,N/A,N/A,N/A,N/A,N/A,N/A,N/A,N/A,N/A,N/A,N/A,N/A,N/A
US.NVDA260817P200000,NVDA 260817 200.00P,2026-08-07 15:16:58,0.3,0.41,0.41,0.25,0.59,567.0,17215.0,0.0,False,N/A,100,0.01,US.NVDA,0.28,0.26,14.0,20.0,,,,,,,,27.119,0.30361552028,17.647,0.0,0.0,0.0,0.0,0.0,0.0,0,0.0,NORMAL,False,,,,,,,,,,,,,,,,,False,,N/A,,,,,,,,,,,,,,,,,,,N/A,,True,PUT,2026-08-17,200.0,100.0,761,45.309,10.832,-0.042665878,0.005999634,0.030321043,-0.078757308,-0.002003902,N/A,8,N/A,N/A,AMERICAN,100.0,N/A,False,,,,False,,,,False,,,,,,False,,,,,,N/A,N/A,N/A,N/A,N/A,N/A,N/A,N/A,N/A,N/A,N/A,N/A,N/A,N/A,N/A,N/A,N/A,N/A,N/A,N/A,N/A,N/A,N/A
US.NVDA260817C202500,NVDA 260817 202.50C,2026-08-07 14:06:47,20.22,20.55,20.61,20.02,17.5093,224.0,453240.0,0.0,False,N/A,100,0.05,US.NVDA,22.35,21.45,14.0,11.0,,,,,,,,3.37,20.233928571419998,-12.0,0.0,0.0,0.0,0.0,0.0,0.0,0,0.0,NORMAL,False,,,,,,,,,,,,,,,,,False,,N/A,,,,,,,,,,,,,,,,,,,N/A,,True,CALL,2026-08-17,202.5,100.0,10,41.185,-0.553,0.953973459,0.007017203,0.032233958,-0.097501956,0.0426421,N/A,8,N/A,N/A,AMERICAN,100.0,N/A,False,,,,False,,,,False,,,,,,False,,,,,,N/A,N/A,N/A,N/A,N/A,N/A,N/A,N/A,N/A,N/A,N/A,N/A,N/A,N/A,N/A,N/A,N/A,N/A,N/A,N/A,N/A,N/A,N/A
US.NVDA260817P202500,NVDA 260817 202.50P,2026-08-07 15:55:01,0.34,0.45,0.51,0.31,0.79,958.0,37083.0,0.0,False,N/A,100,0.01,US.NVDA,0.35,0.32,18.0,24.0,,,,,,,,25.316,0.38708768267000004,14.286,0.0,0.0,0.0,0.0,0.0,0.0,0,0.0,NORMAL,False,,,,,,,,,,,,,,,,,False,,N/A,,,,,,,,,,,,,,,,,,,N/A,,True,PUT,2026-08-17,202.5,100.0,334,43.144,9.733,-0.053645282,0.007568643,0.036418127,-0.091032162,-0.002529755,N/A,8,N/A,N/A,AMERICAN,100.0,N/A,False,,,,False,,,,False,,,,,,False,,,,,,N/A,N/A,N/A,N/A,N/A,N/A,N/A,N/A,N/A,N/A,N/A,N/A,N/A,N/A,N/A,N/A,N/A,N/A,N/A,N/A,N/A,N/A,N/A
US.NVDA260817C205000,NVDA 260817 205.00C,2026-08-07 15:42:30,18.67,18.44,20.07,17.63,15.2914,179.0,325315.0,0.0,False,N/A,100,0.05,US.NVDA,20.0,19.05,28.0,18.0,,,,,,,,15.957,18.17402234636,-21.739,0.0,0.0,0.0,0.0,0.0,0.0,0,0.0,NORMAL,False,,,,,,,,,,,,,,,,,False,,N/A,,,,,,,,,,,,,,,,,,,N/A,,True,CALL,2026-08-17,205.0,100.0,174,40.319,-0.129,0.935171296,0.009396647,0.042252379,-0.120944461,0.042233817,N/A,8,N/A,N/A,AMERICAN,100.0,N/A,False,,,,False,,,,False,,,,,,False,,,,,,N/A,N/A,N/A,N/A,N/A,N/A,N/A,N/A,N/A,N/A,N/A,N/A,N/A,N/A,N/A,N/A,N/A,N/A,N/A,N/A,N/A,N/A,N/A
US.NVDA260817P205000,NVDA 260817 205.00P,2026-08-07 15:55:01,0.45,0.8,0.8,0.4,1.07,386.0,19443.0,0.0,False,N/A,100,0.01,US.NVDA,0.45,0.42,17.0,17.0,,,,,,,,37.383,0.5037046632100001,0.0,0.0,0.0,0.0,0.0,0.0,0.0,0,0.0,NORMAL,False,,,,,,,,,,,,,,,,,False,,N/A,,,,,,,,,,,,,,,,,,,N/A,,True,PUT,2026-08-17,205.0,100.0,919,41.338,8.666,-0.069562648,0.009678239,0.044612918,-0.108106076,-0.003294674,N/A,8,N/A,N/A,AMERICAN,100.0,N/A,False,,,,False,,,,False,,,,,,False,,,,,,N/A,N/A,N/A,N/A,N/A,N/A,N/A,N/A,N/A,N/A,N/A,N/A,N/A,N/A,N/A,N/A,N/A,N/A,N/A,N/A,N/A,N/A,N/A
US.NVDA260817C207500,NVDA 260817 207.50C,2026-08-07 15:56:38,16.78,16.0,17.79,15.27,13.1731,143.0,224610.0,0.0,False,N/A,100,0.05,US.NVDA,17.6,16.65,54.0,10.0,,,,,,,,19.13,15.70699300699,-68.75,0.0,0.0,0.0,0.0,0.0,0.0,0,0.0,NORMAL,False,,,,,,,,,,,,,,,,,False,,N/A,,,,,,,,,,,,,,,,,,,N/A,,True,CALL,2026-08-17,207.5,100.0,36,38.032,0.142,0.91763844,0.011963913,0.050741017,-0.135537249,0.041894312,N/A,8,N/A,N/A,AMERICAN,100.0,N/A,False,,,,False,,,,False,,,,,,False,,,,,,N/A,N/A,N/A,N/A,N/A,N/A,N/A,N/A,N/A,N/A,N/A,N/A,N/A,N/A,N/A,N/A,N/A,N/A,N/A,N/A,N/A,N/A,N/A
US.NVDA260817P207500,NVDA 260817 207.50P,2026-08-07 15:59:37,0.59,0.76,0.94,0.55,1.45,363.0,23639.0,0.0,False,N/A,100,0.01,US.NVDA,0.59,0.56,3.0,11.0,,,,,,,,26.897,0.6512121212099999,57.143,0.0,0.0,0.0,0.0,0.0,0.0,0,0.0,NORMAL,False,,,,,,,,,,,,,,,,,False,,N/A,,,,,,,,,,,,,,,,,,,N/A,,True,PUT,2026-08-17,207.5,100.0,200,39.666,7.612,-0.09111586,0.012371321,0.054712919,-0.128697338,-0.004331062,N/A,8,N/A,N/A,AMERICAN,100.0,N/A,False,,,,False,,,,False,,,,,,False,,,,,,N/A,N/A,N/A,N/A,N/A,N/A,N/A,N/A,N/A,N/A,N/A,N/A,N/A,N/A,N/A,N/A,N/A,N/A,N/A,N/A,N/A,N/A,N/A
US.NVDA260817C210000,NVDA 260817 210.00C,2026-08-07 15:58:26,14.96,13.97,15.5,12.57,11.1845,151.0,214503.0,0.0,False,N/A,100,0.05,US.NVDA,15.25,14.7,58.0,10.0,,,,,,,,26.197,14.20549668874,-70.588,0.0,0.0,0.0,0.0,0.0,0.0,0,0.0,NORMAL,False,,,,,,,,,,,,,,,,,False,,N/A,,,,,,,,,,,,,,,,,,,N/A,,True,CALL,2026-08-17,210.0,100.0,609,39.097,0.446,0.874447006,0.015813521,0.068946616,-0.183851713,0.040221298,N/A,8,N/A,N/A,AMERICAN,100.0,N/A,False,,,,False,,,,False,,,,,,False,,,,,,N/A,N/A,N/A,N/A,N/A,N/A,N/A,N/A,N/A,N/A,N/A,N/A,N/A,N/A,N/A,N/A,N/A,N/A,N/A,N/A,N/A,N/A,N/A
US.NVDA260817P210000,NVDA 260817 210.00P,2026-08-07 15:59:23,0.75,1.32,1.5,0.75,1.96,1578.0,159203.0,0.0,False,N/A,100,0.01,US.NVDA,0.8,0.76,6.0,15.0,,,,,,,,38.265,1.00889100126,42.857,0.0,0.0,0.0,0.0,0.0,0.0,0,0.0,NORMAL,False,,,,,,,,,,,,,,,,,False,,N/A,,,,,,,,,,,,,,,,,,,N/A,,True,PUT,2026-08-17,210.0,100.0,1007,38.26,6.568,-0.120825346,0.015733229,0.067105099,-0.153976064,-0.005760234,N/A,8,N/A,N/A,AMERICAN,100.0,N/A,False,,,,False,,,,False,,,,,,False,,,,,,N/A,N/A,N/A,N/A,N/A,N/A,N/A,N/A,N/A,N/A,N/A,N/A,N/A,N/A,N/A,N/A,N/A,N/A,N/A,N/A,N/A,N/A,N/A
US.NVDA260817C212500,NVDA 260817 212.50C,2026-08-07 15:43:32,11.85,12.95,13.1,10.9,9.3504,26.0,30333.0,0.0,False,N/A,100,0.05,US.NVDA,13.0,12.5,20.0,6.0,,,,,,,,23.528,11.66653846153,-53.846,0.0,0.0,0.0,0.0,0.0,0.0,0,0.0,NORMAL,False,,,,,,,,,,,,,,,,,False,,N/A,,,,,,,,,,,,,,,,,,,N/A,,True,CALL,2026-08-17,212.5,100.0,185,37.522,0.174,0.836935127,0.019657249,0.082254126,-0.209215816,0.03884783,N/A,8,N/A,N/A,AMERICAN,100.0,N/A,False,,,,False,,,,False,,,,,,False,,,,,,N/A,N/A,N/A,N/A,N/A,N/A,N/A,N/A,N/A,N/A,N/A,N/A,N/A,N/A,N/A,N/A,N/A,N/A,N/A,N/A,N/A,N/A,N/A
US.NVDA260817P212500,NVDA 260817 212.50P,2026-08-07 15:57:24,1.06,1.73,1.73,1.03,2.625,414.0,57458.0,0.0,False,N/A,100,0.01,US.NVDA,1.1,1.06,1.0,10.0,,,,,,,,26.667,1.38787439613,81.818,0.0,0.0,0.0,0.0,0.0,0.0,0,0.0,NORMAL,False,,,,,,,,,,,,,,,,,False,,N/A,,,,,,,,,,,,,,,,,,,N/A,,True,PUT,2026-08-17,212.5,100.0,339,37.154,5.59,-0.160986128,0.019693166,0.081554084,-0.183597277,-0.007690453,N/A,8,N/A,N/A,AMERICAN,100.0,N/A,False,,,,False,,,,False,,,,,,False,,,,,,N/A,N/A,N/A,N/A,N/A,N/A,N/A,N/A,N/A,N/A,N/A,N/A,N/A,N/A,N/A,N/A,N/A,N/A,N/A,N/A,N/A,N/A,N/A
US.NVDA260817C215000,NVDA 260817 215.00C,2026-08-07 15:49:35,9.78,9.85,11.3,8.65,7.6756,445.0,442278.0,0.0,False,N/A,100,0.05,US.NVDA,10.75,10.45,49.0,36.0,,,,,,,,34.525,9.93883146067,-15.294,0.0,0.0,0.0,0.0,0.0,0.0,0,0.0,NORMAL,False,,,,,,,,,,,,,,,,,False,,N/A,,,,,,,,,,,,,,,,,,,N/A,,True,CALL,2026-08-17,215.0,100.0,1136,35.809,0.366,0.790248324,0.02408132,0.096168201,-0.232534342,0.037000731,N/A,8,N/A,N/A,AMERICAN,100.0,N/A,False,,,,False,,,,False,,,,,,False,,,,,,N/A,N/A,N/A,N/A,N/A,N/A,N/A,N/A,N/A,N/A,N/A,N/A,N/A,N/A,N/A,N/A,N/A,N/A,N/A,N/A,N/A,N/A,N/A
US.NVDA260817P215000,NVDA 260817 215.00P,2026-08-07 15:59:58,1.5,2.53,2.77,1.45,3.45,474.0,87926.0,0.0,False,N/A,100,0.01,US.NVDA,1.53,1.48,22.0,14.0,,,,,,,,38.261,1.85497890295,-22.222,0.0,0.0,0.0,0.0,0.0,0.0,0,0.0,NORMAL,False,,,,,,,,,,,,,,,,,False,,N/A,,,,,,,,,,,,,,,,,,,N/A,,True,PUT,2026-08-17,215.0,100.0,8418,36.29,4.67,-0.212875672,0.023981385,0.096984427,-0.215045236,-0.010175901,N/A,8,N/A,N/A,AMERICAN,100.0,N/A,False,,,,False,,,,False,,,,,,False,,,,,,N/A,N/A,N/A,N/A,N/A,N/A,N/A,N/A,N/A,N/A,N/A,N/A,N/A,N/A,N/A,N/A,N/A,N/A,N/A,N/A,N/A,N/A,N/A
US.NVDA260817C217500,NVDA 260817 217.50C,2026-08-07 15:54:47,8.25,7.57,9.35,7.1,6.2,367.0,290821.0,0.0,False,N/A,100,0.05,US.NVDA,8.9,8.55,18.0,12.0,,,,,,,,36.29,7.9242779291500005,-20.0,0.0,0.0,0.0,0.0,0.0,0.0,0,0.0,NORMAL,False,,,,,,,,,,,,,,,,,False,,N/A,,,,,,,,,,,,,,,,,,,N/A,,True,CALL,2026-08-17,217.5,100.0,318,35.577,0.799,0.723841432,0.028140005,0.111657526,-0.266471902,0.034110331,N/A,8,N/A,N/A,AMERICAN,100.0,N/A,False,,,,False,,,,False,,,,,,False,,,,,,N/A,N/A,N/A,N/A,N/A,N/A,N/A,N/A,N/A,N/A,N/A,N/A,N/A,N/A,N/A,N/A,N/A,N/A,N/A,N/A,N/A,N/A,N/A
US.NVDA260817P217500,NVDA 260817 217.50P,2026-08-07 15:57:31,2.05,3.2,3.35,1.98,4.475,459.0,115341.0,0.0,False,N/A,100,0.01,US.NVDA,2.12,2.06,13.0,12.0,,,,,,,,30.615,2.51287581699,-4.0,0.0,0.0,0.0,0.0,0.0,0.0,0,0.0,NORMAL,False,,,,,,,,,,,,,,,,,False,,N/A,,,,,,,,,,,,,,,,,,,N/A,,True,PUT,2026-08-17,217.5,100.0,158,35.648,3.799,-0.27684074,0.028141648,0.111762874,-0.244805769,-0.013219065,N/A,8,N/A,N/A,AMERICAN,100.0,N/A,False,,,,False,,,,False,,,,,,False,,,,,,N/A,N/A,N/A,N/A,N/A,N/A,N/A,N/A,N/A,N/A,N/A,N/A,N/A,N/A,N/A,N/A,N/A,N/A,N/A,N/A,N/A,N/A,N/A
US.NVDA260817C220000,NVDA 260817 220.00C,2026-08-07 15:58:45,7.1,6.15,7.62,5.5,4.8234,1102.0,693615.0,0.0,False,N/A,100,0.05,US.NVDA,7.05,6.85,10.0,20.0,,,,,,,,43.952,6.294147005439999,33.333,0.0,0.0,0.0,0.0,0.0,0.0,0,0.0,NORMAL,False,,,,,,,,,,,,,,,,,False,,N/A,,,,,,,,,,,,,,,,,,,N/A,,True,CALL,2026-08-17,220.0,100.0,5734,34.703,1.402,0.650657078,0.031935585,0.123614548,-0.286569321,0.030860146,N/A,8,N/A,N/A,AMERICAN,100.0,N/A,False,,,,False,,,,False,,,,,,False,,,,,,N/A,N/A,N/A,N/A,N/A,N/A,N/A,N/A,N/A,N/A,N/A,N/A,N/A,N/A,N/A,N/A,N/A,N/A,N/A,N/A,N/A,N/A,N/A
US.NVDA260817P220000,NVDA 260817 220.00P,2026-08-07 15:59:45,2.8,4.33,4.6,2.75,5.6,5708.0,1954753.0,0.0,False,N/A,100,0.01,US.NVDA,2.88,2.83,6.0,2.0,,,,,,,,33.036,3.42458479327,-50.0,0.0,0.0,0.0,0.0,0.0,0.0,0,0.0,NORMAL,False,,,,,,,,,,,,,,,,,False,,N/A,,,,,,,,,,,,,,,,,,,N/A,,True,PUT,2026-08-17,220.0,100.0,289,35.1,3.018,-0.351192613,0.031676711,0.123809842,-0.26760979,-0.016710954,N/A,8,N/A,N/A,AMERICAN,100.0,N/A,False,,,,False,,,,False,,,,,,False,,,,,,N/A,N/A,N/A,N/A,N/A,N/A,N/A,N/A,N/A,N/A,N/A,N/A,N/A,N/A,N/A,N/A,N/A,N/A,N/A,N/A,N/A,N/A,N/A
US.NVDA260817C222500,NVDA 260817 222.50C,2026-08-07 15:59:24,5.55,4.48,6.0,4.15,3.825,1685.0,865658.0,0.0,False,N/A,100,0.05,US.NVDA,5.5,5.35,5.0,14.0,,,,,,,,48.366,5.13743620178,47.368,0.0,0.0,0.0,0.0,0.0,0.0,0,0.0,NORMAL,False,,,,,,,,,,,,,,,,,False,,N/A,,,,,,,,,,,,,,,,,,,N/A,,True,CALL,2026-08-17,222.5,100.0,5683,34.298,1.826,0.567550137,0.034326376,0.13132284,-0.299274911,0.02706018,N/A,8,N/A,N/A,AMERICAN,100.0,N/A,False,,,,False,,,,False,,,,,,False,,,,,,N/A,N/A,N/A,N/A,N/A,N/A,N/A,N/A,N/A,N/A,N/A,N/A,N/A,N/A,N/A,N/A,N/A,N/A,N/A,N/A,N/A,N/A,N/A
US.NVDA260817P222500,NVDA 260817 222.50P,2026-08-07 15:57:54,3.81,5.8,5.8,3.65,7.1042,292.0,131339.0,0.0,False,N/A,100,0.05,US.NVDA,3.9,3.8,11.0,2.0,,,,,,,,30.264,4.4979109589,-69.231,0.0,0.0,0.0,0.0,0.0,0.0,0,0.0,NORMAL,False,,,,,,,,,,,,,,,,,False,,N/A,,,,,,,,,,,,,,,,,,,N/A,,True,PUT,2026-08-17,222.5,100.0,132,34.829,2.353,-0.433780847,0.033890785,0.131337509,-0.28122842,-0.020514602,N/A,8,N/A,N/A,AMERICAN,100.0,N/A,False,,,,False,,,,False,,,,,,False,,,,,,N/A,N/A,N/A,N/A,N/A,N/A,N/A,N/A,N/A,N/A,N/A,N/A,N/A,N/A,N/A,N/A,N/A,N/A,N/A,N/A,N/A,N/A,N/A
US.NVDA260817C225000,NVDA 260817 225.00C,2026-08-07 15:59:42,4.2,3.48,4.75,3.1,2.83,2529.0,979938.0,0.0,False,N/A,100,0.05,US.NVDA,4.2,4.1,2.0,6.0,,,,,,,,58.304,3.87480427046,50.0,0.0,0.0,0.0,0.0,0.0,0.0,0,0.0,NORMAL,False,,,,,,,,,,,,,,,,,False,,N/A,,,,,,,,,,,,,,,,,,,N/A,,True,CALL,2026-08-17,225.0,100.0,1477,34.174,2.339,0.480589851,0.034912246,0.133080543,-0.300151536,0.023012707,N/A,8,N/A,N/A,AMERICAN,100.0,N/A,False,,,,False,,,,False,,,,,,False,,,,,,N/A,N/A,N/A,N/A,N/A,N/A,N/A,N/A,N/A,N/A,N/A,N/A,N/A,N/A,N/A,N/A,N/A,N/A,N/A,N/A,N/A,N/A,N/A
US.NVDA260817P225000,NVDA 260817 225.00P,2026-08-07 15:59:40,4.97,6.9,6.9,4.8,8.6136,157.0,86156.0,0.0,False,N/A,100,0.05,US.NVDA,5.1,5.0,5.0,2.0,,,,,,,,24.38,5.4876433121,-42.857,0.0,0.0,0.0,0.0,0.0,0.0,0,0.0,NORMAL,False,,,,,,,,,,,,,,,,,False,,N/A,,,,,,,,,,,,,,,,,,,N/A,,True,PUT,2026-08-17,225.0,100.0,94,34.512,1.754,-0.519879854,0.034680569,0.132987185,-0.280406746,-0.024333937,N/A,8,N/A,N/A,AMERICAN,100.0,N/A,False,,,,False,,,,False,,,,,,False,,,,,,N/A,N/A,N/A,N/A,N/A,N/A,N/A,N/A,N/A,N/A,N/A,N/A,N/A,N/A,N/A,N/A,N/A,N/A,N/A,N/A,N/A,N/A,N/A
US.NVDA260817C227500,NVDA 260817 227.50C,2026-08-07 15:59:32,3.15,2.8,3.5,2.26,2.115,1273.0,356595.0,0.0,False,N/A,100,0.05,US.NVDA,3.15,3.05,6.0,12.0,,,,,,,,58.629,2.8012175962200003,33.333,0.0,0.0,0.0,0.0,0.0,0.0,0,0.0,NORMAL,False,,,,,,,,,,,,,,,,,False,,N/A,,,,,,,,,,,,,,,,,,,N/A,,True,CALL,2026-08-17,227.5,100.0,888,34.122,2.987,0.395127026,0.033790322,0.128603376,-0.287214649,0.018989777,N/A,8,N/A,N/A,AMERICAN,100.0,N/A,False,,,,False,,,,False,,,,,,False,,,,,,N/A,N/A,N/A,N/A,N/A,N/A,N/A,N/A,N/A,N/A,N/A,N/A,N/A,N/A,N/A,N/A,N/A,N/A,N/A,N/A,N/A,N/A,N/A
US.NVDA260817P227500,NVDA 260817 227.50P,2026-08-07 15:58:10,6.44,7.85,7.85,6.44,10.4043,87.0,62055.0,0.0,False,N/A,100,0.05,US.NVDA,6.6,6.45,43.0,2.0,,,,,,,,13.552,7.132758620680001,-91.111,0.0,0.0,0.0,0.0,0.0,0.0,0,0.0,NORMAL,False,,,,,,,,,,,,,,,,,False,,N/A,,,,,,,,,,,,,,,,,,,N/A,,True,PUT,2026-08-17,227.5,100.0,10,34.662,1.294,-0.604132451,0.033453511,0.128550636,-0.269371805,-0.027877406,N/A,8,N/A,N/A,AMERICAN,100.0,N/A,False,,,,False,,,,False,,,,,,False,,,,,,N/A,N/A,N/A,N/A,N/A,N/A,N/A,N/A,N/A,N/A,N/A,N/A,N/A,N/A,N/A,N/A,N/A,N/A,N/A,N/A,N/A,N/A,N/A
US.NVDA260817C230000,NVDA 260817 230.00C,2026-08-07 15:59:59,2.24,2.22,2.61,1.59,1.56,1632.0,311865.0,0.0,False,N/A,100,0.01,US.NVDA,2.29,2.21,7.0,2.0,,,,,,,,65.385,1.9109375,-55.556,0.0,0.0,0.0,0.0,0.0,0.0,0,0.0,NORMAL,False,,,,,,,,,,,,,,,,,False,,N/A,,,,,,,,,,,,,,,,,,,N/A,,True,CALL,2026-08-17,230.0,100.0,1010,34.029,3.697,0.314831446,0.031249103,0.118602849,-0.261484377,0.015179722,N/A,8,N/A,N/A,AMERICAN,100.0,N/A,False,,,,False,,,,False,,,,,,False,,,,,,N/A,N/A,N/A,N/A,N/A,N/A,N/A,N/A,N/A,N/A,N/A,N/A,N/A,N/A,N/A,N/A,N/A,N/A,N/A,N/A,N/A,N/A,N/A
US.NVDA260817P230000,NVDA 260817 230.00P,2026-08-07 15:49:34,8.9,9.88,10.0,8.29,12.3566,18.0,15796.0,0.0,False,N/A,100,0.05,US.NVDA,8.3,7.75,29.0,62.0,,,,,,,,13.839,8.77555555555,36.264,0.0,0.0,0.0,0.0,0.0,0.0,0,0.0,NORMAL,False,,,,,,,,,,,,,,,,,False,,N/A,,,,,,,,,,,,,,,,,,,N/A,,True,PUT,2026-08-17,230.0,100.0,71,33.333,1.277,-0.690832306,0.031954893,0.117494017,-0.232042538,-0.030963743,N/A,8,N/A,N/A,AMERICAN,100.0,N/A,False,,,,False,,,,False,,,,,,False,,,,,,N/A,N/A,N/A,N/A,N/A,N/A,N/A,N/A,N/A,N/A,N/A,N/A,N/A,N/A,N/A,N/A,N/A,N/A,N/A,N/A,N/A,N/A,N/A
US.NVDA260817C232500,NVDA 260817 232.50C,2026-08-07 15:59:43,1.63,1.64,1.88,1.13,1.145,441.0,65016.0,0.0,False,N/A,100,0.01,US.NVDA,1.64,1.58,5.0,8.0,,,,,,,,65.502,1.4742857142799999,23.077,0.0,0.0,0.0,0.0,0.0,0.0,0,0.0,NORMAL,False,,,,,,,,,,,,,,,,,False,,N/A,,,,,,,,,,,,,,,,,,,N/A,,True,CALL,2026-08-17,232.5,100.0,428,34.158,4.54,0.244330828,0.027515715,0.104817668,-0.229136655,0.011810798,N/A,8,N/A,N/A,AMERICAN,100.0,N/A,False,,,,False,,,,False,,,,,,False,,,,,,N/A,N/A,N/A,N/A,N/A,N/A,N/A,N/A,N/A,N/A,N/A,N/A,N/A,N/A,N/A,N/A,N/A,N/A,N/A,N/A,N/A,N/A,N/A
US.NVDA260817P232500,NVDA 260817 232.50P,2026-08-07 12:17:35,10.35,11.0,11.0,10.35,14.4504,26.0,26975.0,0.0,False,N/A,100,0.05,US.NVDA,10.45,9.65,16.0,49.0,,,,,,,,4.498,10.375,50.769,0.0,0.0,0.0,0.0,0.0,0.0,0,0.0,NORMAL,False,,,,,,,,,,,,,,,,,False,,N/A,,,,,,,,,,,,,,,,,,,N/A,,True,PUT,2026-08-17,232.5,100.0,2,34.925,0.808,-0.752622081,0.027477729,0.105295777,-0.214210028,-0.033000941,N/A,8,N/A,N/A,AMERICAN,100.0,N/A,False,,,,False,,,,False,,,,,,False,,,,,,N/A,N/A,N/A,N/A,N/A,N/A,N/A,N/A,N/A,N/A,N/A,N/A,N/A,N/A,N/A,N/A,N/A,N/A,N/A,N/A,N/A,N/A,N/A
US.NVDA260817C235000,NVDA 260817 235.00C,2026-08-07 15:55:00,1.06,1.15,1.35,0.77,0.845,595.0,61124.0,0.0,False,N/A,100,0.01,US.NVDA,1.15,1.1,1.0,4.0,,,,,,,,68.639,1.0272941176400001,60.0,0.0,0.0,0.0,0.0,0.0,0.0,0,0.0,NORMAL,False,,,,,,,,,,,,,,,,,False,,N/A,,,,,,,,,,,,,,,,,,,N/A,,True,CALL,2026-08-17,235.0,100.0,1333,34.279,5.402,0.184322281,0.023261901,0.088922646,-0.192316504,0.008929955,N/A,8,N/A,N/A,AMERICAN,100.0,N/A,False,,,,False,,,,False,,,,,,False,,,,,,N/A,N/A,N/A,N/A,N/A,N/A,N/A,N/A,N/A,N/A,N/A,N/A,N/A,N/A,N/A,N/A,N/A,N/A,N/A,N/A,N/A,N/A,N/A
US.NVDA260817P235000,NVDA 260817 235.00P,2026-08-07 14:45:53,13.65,13.5,13.71,13.5,16.6605,3.0,4086.0,0.0,False,N/A,100,0.05,US.NVDA,12.65,11.55,39.0,68.0,,,,,,,,1.26,13.62,27.103,0.0,0.0,0.0,0.0,0.0,0.0,0,0.0,NORMAL,False,,,,,,,,,,,,,,,,,False,,N/A,,,,,,,,,,,,,,,,,,,N/A,,True,PUT,2026-08-17,235.0,100.0,10,35.526,1.165,-0.809375237,0.023450464,0.090501637,-0.182646218,-0.034183243,N/A,8,N/A,N/A,AMERICAN,100.0,N/A,False,,,,False,,,,False,,,,,,False,,,,,,N/A,N/A,N/A,N/A,N/A,N/A,N/A,N/A,N/A,N/A,N/A,N/A,N/A,N/A,N/A,N/A,N/A,N/A,N/A,N/A,N/A,N/A,N/A
US.NVDA260817C237500,NVDA 260817 237.50C,2026-08-07 15:59:58,0.76,0.86,0.91,0.55,0.625,358.0,24141.0,0.0,False,N/A,100,0.01,US.NVDA,0.8,0.76,2.0,5.0,,,,,,,,57.6,0.67432960893,42.857,0.0,0.0,0.0,0.0,0.0,0.0,0,0.0,NORMAL,False,,,,,,,,,,,,,,,,,False,,N/A,,,,,,,,,,,,,,,,,,,N/A,,True,CALL,2026-08-17,237.5,100.0,340,34.565,6.385,0.136436294,0.018944637,0.07301834,-0.15671289,0.006621733,N/A,8,N/A,N/A,AMERICAN,100.0,N/A,False,,,,False,,,,False,,,,,,False,,,,,,N/A,N/A,N/A,N/A,N/A,N/A,N/A,N/A,N/A,N/A,N/A,N/A,N/A,N/A,N/A,N/A,N/A,N/A,N/A,N/A,N/A,N/A,N/A
US.NVDA260817P237500,NVDA 260817 237.50P,2026-08-07 09:30:00,18.9513,0.0,0.0,0.0,18.9513,0.0,0.0,0.0,False,N/A,100,0.05,US.NVDA,14.85,13.7,46.0,43.0,,,,,,,,0.0,0.0,-3.371,0.0,0.0,0.0,0.0,0.0,0.0,0,0.0,NORMAL,False,,,,,,,,,,,,,,,,,False,,N/A,,,,,,,,,,,,,,,,,,,N/A,,True,PUT,2026-08-17,237.5,100.0,0,36.268,2.416,-0.854832527,0.019539675,0.075791433,-0.151629693,-0.034401868,N/A,8,N/A,N/A,AMERICAN,100.0,N/A,False,,,,False,,,,False,,,,,,False,,,,,,N/A,N/A,N/A,N/A,N/A,N/A,N/A,N/A,N/A,N/A,N/A,N/A,N/A,N/A,N/A,N/A,N/A,N/A,N/A,N/A,N/A,N/A,N/A
US.NVDA260817C240000,NVDA 260817 240.00C,2026-08-07 15:59:25,0.54,0.73,0.73,0.35,0.465,1893.0,98388.0,0.0,False,N/A,100,0.01,US.NVDA,0.55,0.52,1.0,5.0,,,,,,,,81.72,0.51974643423,66.667,0.0,0.0,0.0,0.0,0.0,0.0,0,0.0,NORMAL,False,,,,,,,,,,,,,,,,,False,,N/A,,,,,,,,,,,,,,,,,,,N/A,,True,CALL,2026-08-17,240.0,100.0,2303,34.911,7.403,0.099181731,0.014961733,0.058244447,-0.124070605,0.004820765,N/A,8,N/A,N/A,AMERICAN,100.0,N/A,False,,,,False,,,,False,,,,,,False,,,,,,N/A,N/A,N/A,N/A,N/A,N/A,N/A,N/A,N/A,N/A,N/A,N/A,N/A,N/A,N/A,N/A,N/A,N/A,N/A,N/A,N/A,N/A,N/A
US.NVDA260817P240000,NVDA 260817 240.00P,2026-08-07 14:21:39,18.25,16.3,18.25,16.3,21.3034,2.0,3455.0,0.0,False,N/A,100,0.05,US.NVDA,17.1,16.1,40.0,42.0,,,,,,,,9.153,17.275,2.439,0.0,0.0,0.0,0.0,0.0,0.0,0,0.0,NORMAL,False,,,,,,,,,,,,,,,,,False,,N/A,,,,,,,,,,,,,,,,,,,N/A,,True,PUT,2026-08-17,240.0,100.0,17,38.019,0.986,-0.884233276,0.016172267,0.064696229,-0.132443952,-0.034144139,N/A,8,N/A,N/A,AMERICAN,100.0,N/A,False,,,,False,,,,False,,,,,,False,,,,,,N/A,N/A,N/A,N/A,N/A,N/A,N/A,N/A,N/A,N/A,N/A,N/A,N/A,N/A,N/A,N/A,N/A,N/A,N/A,N/A,N/A,N/A,N/A
US.NVDA260817C245000,NVDA 260817 245.00C,2026-08-07 15:59:33,0.26,0.36,0.4,0.19,0.28,443.0,11485.0,0.0,False,N/A,100,0.01,US.NVDA,0.28,0.25,19.0,20.0,,,,,,,,75.0,0.259255079,2.564,0.0,0.0,0.0,0.0,0.0,0.0,0,0.0,NORMAL,False,,,,,,,,,,,,,,,,,False,,N/A,,,,,,,,,,,,,,,,,,,N/A,,True,CALL,2026-08-17,245.0,100.0,538,36.273,9.51,0.052928543,0.008907509,0.036036637,-0.076955299,0.002577177,N/A,8,N/A,N/A,AMERICAN,100.0,N/A,False,,,,False,,,,False,,,,,,False,,,,,,N/A,N/A,N/A,N/A,N/A,N/A,N/A,N/A,N/A,N/A,N/A,N/A,N/A,N/A,N/A,N/A,N/A,N/A,N/A,N/A,N/A,N/A,N/A
US.NVDA260817P245000,NVDA 260817 245.00P,2026-08-07 09:30:00,26.1416,0.0,0.0,0.0,26.1416,0.0,0.0,0.0,False,N/A,100,0.05,US.NVDA,22.7,19.8,10.0,10.0,,,,,,,,0.0,0.0,0.0,0.0,0.0,0.0,0.0,0.0,0.0,0,0.0,NORMAL,False,,,,,,,,,,,,,,,,,False,,N/A,,,,,,,,,,,,,,,,,,,N/A,,True,PUT,2026-08-17,245.0,100.0,34,38.736,2.277,-0.940774125,0.010549775,0.038716926,-0.073312982,-0.029532579,N/A,8,N/A,N/A,AMERICAN,100.0,N/A,False,,,,False,,,,False,,,,,,False,,,,,,N/A,N/A,N/A,N/A,N/A,N/A,N/A,N/A,N/A,N/A,N/A,N/A,N/A,N/A,N/A,N/A,N/A,N/A,N/A,N/A,N/A,N/A,N/A
US.NVDA260817C250000,NVDA 260817 250.00C,2026-08-07 15:55:13,0.14,0.22,0.22,0.1,0.18,623.0,7351.0,0.0,False,N/A,100,0.01,US.NVDA,0.15,0.13,12.0,22.0,,,,,,,,66.667,0.11799357945000001,29.412,0.0,0.0,0.0,0.0,0.0,0.0,0,0.0,NORMAL,False,,,,,,,,,,,,,,,,,False,,N/A,,,,,,,,,,,,,,,,,,,N/A,,True,CALL,2026-08-17,250.0,100.0,602,38.071,11.689,0.029115576,0.005219962,0.022173675,-0.047985762,0.001418971,N/A,8,N/A,N/A,AMERICAN,100.0,N/A,False,,,,False,,,,False,,,,,,False,,,,,,N/A,N/A,N/A,N/A,N/A,N/A,N/A,N/A,N/A,N/A,N/A,N/A,N/A,N/A,N/A,N/A,N/A,N/A,N/A,N/A,N/A,N/A,N/A
US.NVDA260817P250000,NVDA 260817 250.00P,2026-08-07 09:30:00,31.0641,0.0,0.0,0.0,31.0641,0.0,0.0,0.0,False,N/A,100,0.05,US.NVDA,27.6,24.65,12.0,30.0,,,,,,,,0.0,0.0,42.857,0.0,0.0,0.0,0.0,0.0,0.0,0,0.0,NORMAL,False,,,,,,,,,,,,,,,,,False,,N/A,,,,,,,,,,,,,,,,,,,N/A,,True,PUT,2026-08-17,250.0,100.0,0,41.16,2.243,-0.967797913,0.007162921,0.023292503,-0.042200653,-0.023430359,N/A,8,N/A,N/A,AMERICAN,100.0,N/A,False,,,,False,,,,False,,,,,,False,,,,,,N/A,N/A,N/A,N/A,N/A,N/A,N/A,N/A,N/A,N/A,N/A,N/A,N/A,N/A,N/A,N/A,N/A,N/A,N/A,N/A,N/A,N/A,N/A
US.NVDA260817C255000,NVDA 260817 255.00C,2026-08-07 15:41:54,0.07,0.1,0.1,0.06,0.12,5.0,40.0,0.0,False,N/A,100,0.01,US.NVDA,0.09,0.07,7.0,31.0,,,,,,,,33.333,0.08,63.158,0.0,0.0,0.0,0.0,0.0,0.0,0,0.0,NORMAL,False,,,,,,,,,,,,,,,,,False,,N/A,,,,,,,,,,,,,,,,,,,N/A,,True,CALL,2026-08-17,255.0,100.0,156,40.173,13.89,0.016904764,0.003127136,0.014023936,-0.031004575,0.000824154,N/A,8,N/A,N/A,AMERICAN,100.0,N/A,False,,,,False,,,,False,,,,,,False,,,,,,N/A,N/A,N/A,N/A,N/A,N/A,N/A,N/A,N/A,N/A,N/A,N/A,N/A,N/A,N/A,N/A,N/A,N/A,N/A,N/A,N/A,N/A,N/A
US.NVDA260817P255000,NVDA 260817 255.00P,2026-08-07 09:30:00,36.0269,0.0,0.0,0.0,36.0269,0.0,0.0,0.0,False,N/A,100,0.05,US.NVDA,32.55,29.65,10.0,10.0,,,,,,,,0.0,0.0,0.0,0.0,0.0,0.0,0.0,0.0,0.0,0,0.0,NORMAL,False,,,,,,,,,,,,,,,,,False,,N/A,,,,,,,,,,,,,,,,,,,N/A,,True,PUT,2026-08-17,255.0,100.0,0,45.875,2.226,-0.976050874,0.005477276,0.018058336,-0.034727029,-0.021118756,N/A,8,N/A,N/A,AMERICAN,100.0,N/A,False,,,,False,,,,False,,,,,,False,,,,,,N/A,N/A,N/A,N/A,N/A,N/A,N/A,N/A,N/A,N/A,N/A,N/A,N/A,N/A,N/A,N/A,N/A,N/A,N/A,N/A,N/A,N/A,N/A
US.NVDA260817C260000,NVDA 260817 260.00C,2026-08-07 15:21:56,0.04,0.1,0.1,0.04,0.08,47.0,348.0,0.0,False,N/A,100,0.01,US.NVDA,0.07,0.05,29.0,24.0,,,,,,,,75.0,0.07404255319,-9.434,0.0,0.0,0.0,0.0,0.0,0.0,0,0.0,NORMAL,False,,,,,,,,,,,,,,,,,False,,N/A,,,,,,,,,,,,,,,,,,,N/A,,True,CALL,2026-08-17,260.0,100.0,52,43.549,16.11,0.012162043,0.002172537,0.010564185,-0.024812591,0.000592389,N/A,8,N/A,N/A,AMERICAN,100.0,N/A,False,,,,False,,,,False,,,,,,False,,,,,,N/A,N/A,N/A,N/A,N/A,N/A,N/A,N/A,N/A,N/A,N/A,N/A,N/A,N/A,N/A,N/A,N/A,N/A,N/A,N/A,N/A,N/A,N/A
US.NVDA260817P260000,NVDA 260817 260.00P,2026-08-07 09:30:00,41.0112,0.0,0.0,0.0,41.0112,0.0,0.0,0.0,False,N/A,100,0.05,US.NVDA,37.55,34.6,12.0,30.0,,,,,,,,0.0,0.0,42.857,0.0,0.0,0.0,0.0,0.0,0.0,0,0.0,NORMAL,False,,,,,,,,,,,,,,,,,False,,N/A,,,,,,,,,,,,,,,,,,,N/A,,True,PUT,2026-08-17,260.0,100.0,0,49.836,2.219,-0.983569185,0.004274958,0.012926616,-0.02476232,-0.017564333,N/A,8,N/A,N/A,AMERICAN,100.0,N/A,False,,,,False,,,,False,,,,,,False,,,,,,N/A,N/A,N/A,N/A,N/A,N/A,N/A,N/A,N/A,N/A,N/A,N/A,N/A,N/A,N/A,N/A,N/A,N/A,N/A,N/A,N/A,N/A,N/A
US.NVDA260817C265000,NVDA 260817 265.00C,2026-08-07 12:49:12,0.04,0.06,0.06,0.04,0.06,2.0,10.0,0.0,False,N/A,100,0.01,US.NVDA,0.05,0.03,16.0,32.0,,,,,,,,33.333,0.05,33.333,0.0,0.0,0.0,0.0,0.0,0.0,0,0.0,NORMAL,False,,,,,,,,,,,,,,,,,False,,N/A,,,,,,,,,,,,,,,,,,,N/A,,True,CALL,2026-08-17,265.0,100.0,32,45.975,18.342,0.008031535,0.001432481,0.007356267,-0.017791978,0.000391116,N/A,8,N/A,N/A,AMERICAN,100.0,N/A,False,,,,False,,,,False,,,,,,False,,,,,,N/A,N/A,N/A,N/A,N/A,N/A,N/A,N/A,N/A,N/A,N/A,N/A,N/A,N/A,N/A,N/A,N/A,N/A,N/A,N/A,N/A,N/A,N/A
US.NVDA260817P265000,NVDA 260817 265.00P,2026-08-07 09:30:00,46.01,0.0,0.0,0.0,46.01,0.0,0.0,0.0,False,N/A,100,0.05,US.NVDA,42.55,39.6,12.0,12.0,,,,,,,,0.0,0.0,0.0,0.0,0.0,0.0,0.0,0.0,0.0,0,0.0,NORMAL,False,,,,,,,,,,,,,,,,,False,,N/A,,,,,,,,,,,,,,,,,,,N/A,,True,PUT,2026-08-17,265.0,100.0,0,55.165,2.219,-0.984916133,0.003603359,0.012023558,-0.0253379,-0.017695249,N/A,8,N/A,N/A,AMERICAN,100.0,N/A,False,,,,False,,,,False,,,,,,False,,,,,,N/A,N/A,N/A,N/A,N/A,N/A,N/A,N/A,N/A,N/A,N/A,N/A,N/A,N/A,N/A,N/A,N/A,N/A,N/A,N/A,N/A,N/A,N/A
US.NVDA260817C270000,NVDA 260817 270.00C,2026-08-07 12:42:34,0.02,0.02,0.02,0.02,0.04,2.0,4.0,0.0,False,N/A,100,0.01,US.NVDA,0.04,0.02,13.0,30.0,,,,,,,,0.0,0.02,39.535,0.0,0.0,0.0,0.0,0.0,0.0,0,0.0,NORMAL,False,,,,,,,,,,,,,,,,,False,,N/A,,,,,,,,,,,,,,,,,,,N/A,,True,CALL,2026-08-17,270.0,100.0,162,48.807,20.566,0.005859111,0.001021335,0.005569195,-0.014029645,0.000285142,N/A,8,N/A,N/A,AMERICAN,100.0,N/A,False,,,,False,,,,False,,,,,,False,,,,,,N/A,N/A,N/A,N/A,N/A,N/A,N/A,N/A,N/A,N/A,N/A,N/A,N/A,N/A,N/A,N/A,N/A,N/A,N/A,N/A,N/A,N/A,N/A
US.NVDA260817P270000,NVDA 260817 270.00P,2026-08-07 09:30:00,51.01,0.0,0.0,0.0,51.01,0.0,0.0,0.0,False,N/A,100,0.05,US.NVDA,47.55,44.65,10.0,10.0,,,,,,,,0.0,0.0,0.0,0.0,0.0,0.0,0.0,0.0,0.0,0,0.0,NORMAL,False,,,,,,,,,,,,,,,,,False,,N/A,,,,,,,,,,,,,,,,,,,N/A,,True,PUT,2026-08-17,270.0,100.0,0,62.259,2.219,-0.98145305,0.00328609,0.014575184,-0.037551019,-0.021661001,N/A,8,N/A,N/A,AMERICAN,100.0,N/A,False,,,,False,,,,False,,,,,,False,,,,,,N/A,N/A,N/A,N/A,N/A,N/A,N/A,N/A,N/A,N/A,N/A,N/A,N/A,N/A,N/A,N/A,N/A,N/A,N/A,N/A,N/A,N/A,N/A
US.NVDA260817C275000,NVDA 260817 275.00C,2026-08-07 09:30:00,0.03,0.0,0.0,0.0,0.03,0.0,0.0,0.0,False,N/A,100,0.01,US.NVDA,0.03,0.01,9.0,34.0,,,,,,,,0.0,0.0,58.14,0.0,0.0,0.0,0.0,0.0,0.0,0,0.0,NORMAL,False,,,,,,,,,,,,,,,,,False,,N/A,,,,,,,,,,,,,,,,,,,N/A,,True,CALL,2026-08-17,275.0,100.0,7,50.803,22.803,0.003898224,0.000682295,0.00387416,-0.009915658,0.000189704,N/A,8,N/A,N/A,AMERICAN,100.0,N/A,False,,,,False,,,,False,,,,,,False,,,,,,N/A,N/A,N/A,N/A,N/A,N/A,N/A,N/A,N/A,N/A,N/A,N/A,N/A,N/A,N/A,N/A,N/A,N/A,N/A,N/A,N/A,N/A,N/A
US.NVDA260817P275000,NVDA 260817 275.00P,2026-08-07 09:30:00,56.01,0.0,0.0,0.0,56.01,0.0,0.0,0.0,False,N/A,100,0.05,US.NVDA,52.55,49.65,10.0,10.0,,,,,,,,0.0,0.0,0.0,0.0,0.0,0.0,0.0,0.0,0.0,0,0.0,NORMAL,False,,,,,,,,,,,,,,,,,False,,N/A,,,,,,,,,,,,,,,,,,,N/A,,True,PUT,2026-08-17,275.0,100.0,0,67.383,2.219,-0.982623148,0.002883034,0.013792282,-0.038295677,-0.021841043,N/A,8,N/A,N/A,AMERICAN,100.0,N/A,False,,,,False,,,,False,,,,,,False,,,,,,N/A,N/A,N/A,N/A,N/A,N/A,N/A,N/A,N/A,N/A,N/A,N/A,N/A,N/A,N/A,N/A,N/A,N/A,N/A,N/A,N/A,N/A,N/A
US.NVDA260817C280000,NVDA 260817 280.00C,2026-08-07 13:36:45,0.02,0.03,0.03,0.01,0.02,52.0,80.0,0.0,False,N/A,100,0.01,US.NVDA,0.02,0.01,4.0,26.0,,,,,,,,100.0,0.01538461538,73.333,0.0,0.0,0.0,0.0,0.0,0.0,0,0.0,NORMAL,False,,,,,,,,,,,,,,,,,False,,N/A,,,,,,,,,,,,,,,,,,,N/A,,True,CALL,2026-08-17,280.0,100.0,101,53.236,25.031,0.002867464,0.000494042,0.002940256,-0.007742629,0.000139478,N/A,8,N/A,N/A,AMERICAN,100.0,N/A,False,,,,False,,,,False,,,,,,False,,,,,,N/A,N/A,N/A,N/A,N/A,N/A,N/A,N/A,N/A,N/A,N/A,N/A,N/A,N/A,N/A,N/A,N/A,N/A,N/A,N/A,N/A,N/A,N/A
US.NVDA260817P280000,NVDA 260817 280.00P,2026-08-07 09:30:00,61.01,0.0,0.0,0.0,61.01,0.0,0.0,0.0,False,N/A,100,0.05,US.NVDA,57.5,54.65,10.0,10.0,,,,,,,,0.0,0.0,0.0,0.0,0.0,0.0,0.0,0.0,0.0,0,0.0,NORMAL,False,,,,,,,,,,,,,,,,,False,,N/A,,,,,,,,,,,,,,,,,,,N/A,,True,PUT,2026-08-17,280.0,100.0,0,70.216,2.219,-0.987649802,0.002413344,0.010135385,-0.026708299,-0.018094284,N/A,8,N/A,N/A,AMERICAN,100.0,N/A,False,,,,False,,,,False,,,,,,False,,,,,,N/A,N/A,N/A,N/A,N/A,N/A,N/A,N/A,N/A,N/A,N/A,N/A,N/A,N/A,N/A,N/A,N/A,N/A,N/A,N/A,N/A,N/A,N/A
US.NVDA260817C285000,NVDA 260817 285.00C,2026-08-07 12:55:45,0.01,0.02,0.02,0.01,0.0103,10.0,11.0,0.0,False,N/A,100,0.01,US.NVDA,0.01,0.0,11.0,0.0,,,,,,,,97.087,0.011000000000000001,-100.0,0.0,0.0,0.0,0.0,0.0,0.0,0,0.0,NORMAL,False,,,,,,,,,,,,,,,,,False,,N/A,,,,,,,,,,,,,,,,,,,N/A,,True,CALL,2026-08-17,285.0,100.0,2,54.917,27.259,0.001915948,0.000332459,0.002041926,-0.005416563,9.32e-05,N/A,8,N/A,N/A,AMERICAN,100.0,N/A,False,,,,False,,,,False,,,,,,False,,,,,,N/A,N/A,N/A,N/A,N/A,N/A,N/A,N/A,N/A,N/A,N/A,N/A,N/A,N/A,N/A,N/A,N/A,N/A,N/A,N/A,N/A,N/A,N/A
US.NVDA260817P285000,NVDA 260817 285.00P,2026-08-07 09:30:00,66.01,0.0,0.0,0.0,66.01,0.0,0.0,0.0,False,N/A,100,0.05,US.NVDA,62.55,59.65,10.0,10.0,,,,,,,,0.0,0.0,0.0,0.0,0.0,0.0,0.0,0.0,0.0,0,0.0,NORMAL,False,,,,,,,,,,,,,,,,,False,,N/A,,,,,,,,,,,,,,,,,,,N/A,,True,PUT,2026-08-17,285.0,100.0,0,77.212,2.219,-0.984447397,0.002305915,0.012548785,-0.03959666,-0.022200563,N/A,8,N/A,N/A,AMERICAN,100.0,N/A,False,,,,False,,,,False,,,,,,False,,,,,,N/A,N/A,N/A,N/A,N/A,N/A,N/A,N/A,N/A,N/A,N/A,N/A,N/A,N/A,N/A,N/A,N/A,N/A,N/A,N/A,N/A,N/A,N/A
US.NVDA260817C290000,NVDA 260817 290.00C,2026-08-07 09:30:00,0.0052,0.0,0.0,0.0,0.0052,0.0,0.0,0.0,False,N/A,100,0.01,US.NVDA,0.01,0.0,20.0,0.0,,,,,,,,0.0,0.0,-100.0,0.0,0.0,0.0,0.0,0.0,0.0,0,0.0,NORMAL,False,,,,,,,,,,,,,,,,,False,,N/A,,,,,,,,,,,,,,,,,,,N/A,,True,CALL,2026-08-17,290.0,100.0,102,55.337,29.489,0.00103557,0.000188123,0.001165335,-0.003005215,5.042e-05,N/A,8,N/A,N/A,AMERICAN,100.0,N/A,False,,,,False,,,,False,,,,,,False,,,,,,N/A,N/A,N/A,N/A,N/A,N/A,N/A,N/A,N/A,N/A,N/A,N/A,N/A,N/A,N/A,N/A,N/A,N/A,N/A,N/A,N/A,N/A,N/A
US.NVDA260817P290000,NVDA 260817 290.00P,2026-08-07 09:30:00,71.01,0.0,0.0,0.0,71.01,0.0,0.0,0.0,False,N/A,100,0.05,US.NVDA,67.55,64.65,10.0,10.0,,,,,,,,0.0,0.0,0.0,0.0,0.0,0.0,0.0,0.0,0.0,0,0.0,NORMAL,False,,,,,,,,,,,,,,,,,False,,N/A,,,,,,,,,,,,,,,,,,,N/A,,True,PUT,2026-08-17,290.0,100.0,0,81.937,2.219,-0.985173572,0.002093654,0.012045492,-0.040172974,-0.022379811,N/A,8,N/A,N/A,AMERICAN,100.0,N/A,False,,,,False,,,,False,,,,,,False,,,,,,N/A,N/A,N/A,N/A,N/A,N/A,N/A,N/A,N/A,N/A,N/A,N/A,N/A,N/A,N/A,N/A,N/A,N/A,N/A,N/A,N/A,N/A,N/A
US.NVDA260817C295000,NVDA 260817 295.00C,2026-08-07 11:28:15,0.01,0.01,0.01,0.01,0.0025,15.0,15.0,0.0,False,N/A,100,0.01,US.NVDA,0.02,0.0,12.0,0.0,,,,,,,,0.0,0.01,-100.0,0.0,0.0,0.0,0.0,0.0,0.0,0,0.0,NORMAL,False,,,,,,,,,,,,,,,,,False,,N/A,,,,,,,,,,,,,,,,,,,N/A,,True,CALL,2026-08-17,295.0,100.0,0,61.968,31.724,0.001717245,0.000266705,0.001847613,-0.005490626,8.3303e-05,N/A,8,N/A,N/A,AMERICAN,100.0,N/A,False,,,,False,,,,False,,,,,,False,,,,,,N/A,N/A,N/A,N/A,N/A,N/A,N/A,N/A,N/A,N/A,N/A,N/A,N/A,N/A,N/A,N/A,N/A,N/A,N/A,N/A,N/A,N/A,N/A
US.NVDA260817P295000,NVDA 260817 295.00P,2026-08-07 09:30:00,76.01,0.0,0.0,0.0,76.01,0.0,0.0,0.0,False,N/A,100,0.05,US.NVDA,72.55,69.6,10.0,20.0,,,,,,,,0.0,0.0,33.333,0.0,0.0,0.0,0.0,0.0,0.0,0,0.0,NORMAL,False,,,,,,,,,,,,,,,,,False,,N/A,,,,,,,,,,,,,,,,,,,N/A,,True,PUT,2026-08-17,295.0,100.0,0,84.114,2.219,-0.989327233,0.001798578,0.008935303,-0.027744338,-0.018498318,N/A,8,N/A,N/A,AMERICAN,100.0,N/A,False,,,,False,,,,False,,,,,,False,,,,,,N/A,N/A,N/A,N/A,N/A,N/A,N/A,N/A,N/A,N/A,N/A,N/A,N/A,N/A,N/A,N/A,N/A,N/A,N/A,N/A,N/A,N/A,N/A
US.NVDA260817C300000,NVDA 260817 300.00C,2026-08-07 09:30:00,0.0012,0.0,0.0,0.0,0.0012,0.0,0.0,0.0,False,N/A,100,0.01,US.NVDA,0.01,0.0,4.0,0.0,,,,,,,,0.0,0.0,-100.0,0.0,0.0,0.0,0.0,0.0,0.0,0,0.0,NORMAL,False,,,,,,,,,,,,,,,,,False,,N/A,,,,,,,,,,,,,,,,,,,N/A,,True,CALL,2026-08-17,300.0,100.0,200,55.658,33.952,0.000260146,5.2105e-05,0.000325485,-0.000779494,1.2689e-05,N/A,8,N/A,N/A,AMERICAN,100.0,N/A,False,,,,False,,,,False,,,,,,False,,,,,,N/A,N/A,N/A,N/A,N/A,N/A,N/A,N/A,N/A,N/A,N/A,N/A,N/A,N/A,N/A,N/A,N/A,N/A,N/A,N/A,N/A,N/A,N/A
US.NVDA260817P300000,NVDA 260817 300.00P,2026-08-07 09:30:00,81.01,0.0,0.0,0.0,81.01,0.0,0.0,0.0,False,N/A,100,0.05,US.NVDA,77.55,74.65,10.0,10.0,,,,,,,,0.0,0.0,0.0,0.0,0.0,0.0,0.0,0.0,0.0,0,0.0,NORMAL,False,,,,,,,,,,,,,,,,,False,,N/A,,,,,,,,,,,,,,,,,,,N/A,,True,PUT,2026-08-17,300.0,100.0,0,91.05,2.219,-0.986366827,0.001766501,0.011207449,-0.041212974,-0.022737199,N/A,8,N/A,N/A,AMERICAN,100.0,N/A,False,,,,False,,,,False,,,,,,False,,,,,,N/A,N/A,N/A,N/A,N/A,N/A,N/A,N/A,N/A,N/A,N/A,N/A,N/A,N/A,N/A,N/A,N/A,N/A,N/A,N/A,N/A,N/A,N/A
US.NVDA260817C310000,NVDA 260817 310.00C,2026-08-07 09:30:00,0.0003,0.0,0.0,0.0,0.0003,0.0,0.0,0.0,False,N/A,100,0.01,US.NVDA,0.01,0.0,6.0,0.0,,,,,,,,0.0,0.0,-100.0,0.0,0.0,0.0,0.0,0.0,0.0,0,0.0,NORMAL,False,,,,,,,,,,,,,,,,,False,,N/A,,,,,,,,,,,,,,,,,,,N/A,,True,CALL,2026-08-17,310.0,100.0,0,56.426,38.417,6.9097e-05,1.4835e-05,9.4232e-05,-0.000212177,3.374e-06,N/A,8,N/A,N/A,AMERICAN,100.0,N/A,False,,,,False,,,,False,,,,,,False,,,,,,N/A,N/A,N/A,N/A,N/A,N/A,N/A,N/A,N/A,N/A,N/A,N/A,N/A,N/A,N/A,N/A,N/A,N/A,N/A,N/A,N/A,N/A,N/A
US.NVDA260817P310000,NVDA 260817 310.00P,2026-08-07 09:30:00,91.01,0.0,0.0,0.0,91.01,0.0,0.0,0.0,False,N/A,100,0.05,US.NVDA,87.6,84.6,10.0,10.0,,,,,,,,0.0,0.0,0.0,0.0,0.0,0.0,0.0,0.0,0.0,0,0.0,NORMAL,False,,,,,,,,,,,,,,,,,False,,N/A,,,,,,,,,,,,,,,,,,,N/A,,True,PUT,2026-08-17,310.0,100.0,0,99.757,2.219,-0.987307998,0.001527557,0.010536137,-0.042132507,-0.023092255,N/A,8,N/A,N/A,AMERICAN,100.0,N/A,False,,,,False,,,,False,,,,,,False,,,,,,N/A,N/A,N/A,N/A,N/A,N/A,N/A,N/A,N/A,N/A,N/A,N/A,N/A,N/A,N/A,N/A,N/A,N/A,N/A,N/A,N/A,N/A,N/A
US.NVDA260817C320000,NVDA 260817 320.00C,2026-08-07 09:49:58,0.01,0.01,0.01,0.01,0.0001,1.0,1.0,0.0,False,N/A,100,0.01,US.NVDA,0.01,0.0,6.0,0.0,,,,,,,,0.0,0.01,-100.0,0.0,0.0,0.0,0.0,0.0,0.0,0,0.0,NORMAL,False,,,,,,,,,,,,,,,,,False,,N/A,,,,,,,,,,,,,,,,,,,N/A,,True,CALL,2026-08-17,320.0,100.0,4,78.285,42.887,0.001390046,0.000174105,0.001522731,-0.005635464,6.7007e-05,N/A,8,N/A,N/A,AMERICAN,100.0,N/A,False,,,,False,,,,False,,,,,,False,,,,,,N/A,N/A,N/A,N/A,N/A,N/A,N/A,N/A,N/A,N/A,N/A,N/A,N/A,N/A,N/A,N/A,N/A,N/A,N/A,N/A,N/A,N/A,N/A
US.NVDA260817P320000,NVDA 260817 320.00P,2026-08-07 09:30:00,101.01,0.0,0.0,0.0,101.01,0.0,0.0,0.0,False,N/A,100,0.05,US.NVDA,97.55,94.6,10.0,10.0,,,,,,,,0.0,0.0,0.0,0.0,0.0,0.0,0.0,0.0,0.0,0,0.0,NORMAL,False,,,,,,,,,,,,,,,,,False,,N/A,,,,,,,,,,,,,,,,,,,N/A,,True,PUT,2026-08-17,320.0,100.0,0,105.268,2.219,-0.99104521,0.001260624,0.007667938,-0.029052606,-0.019171121,N/A,8,N/A,N/A,AMERICAN,100.0,N/A,False,,,,False,,,,False,,,,,,False,,,,,,N/A,N/A,N/A,N/A,N/A,N/A,N/A,N/A,N/A,N/A,N/A,N/A,N/A,N/A,N/A,N/A,N/A,N/A,N/A,N/A,N/A,N/A,N/A
US.NVDA260817C330000,NVDA 260817 330.00C,2026-08-06 09:30:00,0.0001,0.0,0.0,0.0,0.0001,0.0,0.0,0.0,False,N/A,100,0.01,US.NVDA,0.01,0.0,8.0,0.0,,,,,,,,0.0,0.0,-100.0,0.0,0.0,0.0,0.0,0.0,0.0,0,0.0,NORMAL,False,,,,,,,,,,,,,,,,,False,,N/A,,,,,,,,,,,,,,,,,,,N/A,,True,CALL,2026-08-17,330.0,100.0,2,62.758,47.347,2.1952e-05,4.511e-06,3.1903e-05,-7.5007e-05,1.071e-06,N/A,8,N/A,N/A,AMERICAN,100.0,N/A,False,,,,False,,,,False,,,,,,False,,,,,,N/A,N/A,N/A,N/A,N/A,N/A,N/A,N/A,N/A,N/A,N/A,N/A,N/A,N/A,N/A,N/A,N/A,N/A,N/A,N/A,N/A,N/A,N/A
US.NVDA260817P330000,NVDA 260817 330.00P,2026-08-07 09:30:00,111.01,0.0,0.0,0.0,111.01,0.0,0.0,0.0,False,N/A,100,0.05,US.NVDA,107.55,104.6,10.0,10.0,,,,,,,,0.0,0.0,0.0,0.0,0.0,0.0,0.0,0.0,0.0,0,0.0,NORMAL,False,,,,,,,,,,,,,,,,,False,,N/A,,,,,,,,,,,,,,,,,,,N/A,,True,PUT,2026-08-17,330.0,100.0,0,113.145,2.219,-0.991522586,0.001127697,0.007307986,-0.029479361,-0.019437865,N/A,8,N/A,N/A,AMERICAN,100.0,N/A,False,,,,False,,,,False,,,,,,False,,,,,,N/A,N/A,N/A,N/A,N/A,N/A,N/A,N/A,N/A,N/A,N/A,N/A,N/A,N/A,N/A,N/A,N/A,N/A,N/A,N/A,N/A,N/A,N/A
US.NVDA260817C340000,NVDA 260817 340.00C,2026-08-07 09:49:58,0.01,0.01,0.01,0.01,0.0001,1.0,1.0,0.0,False,N/A,100,0.01,US.NVDA,0.01,0.0,6.0,0.0,,,,,,,,0.0,0.01,-100.0,0.0,0.0,0.0,0.0,0.0,0.0,0,0.0,NORMAL,False,,,,,,,,,,,,,,,,,False,,N/A,,,,,,,,,,,,,,,,,,,N/A,,True,CALL,2026-08-17,340.0,100.0,0,90.206,51.817,0.001223295,0.000134436,0.001354426,-0.005724453,5.8702e-05,N/A,8,N/A,N/A,AMERICAN,100.0,N/A,False,,,,False,,,,False,,,,,,False,,,,,,N/A,N/A,N/A,N/A,N/A,N/A,N/A,N/A,N/A,N/A,N/A,N/A,N/A,N/A,N/A,N/A,N/A,N/A,N/A,N/A,N/A,N/A,N/A
US.NVDA260817P340000,NVDA 260817 340.00P,2026-08-07 09:30:00,121.01,0.0,0.0,0.0,121.01,0.0,0.0,0.0,False,N/A,100,0.05,US.NVDA,117.55,114.65,10.0,10.0,,,,,,,,0.0,0.0,0.0,0.0,0.0,0.0,0.0,0.0,0.0,0,0.0,NORMAL,False,,,,,,,,,,,,,,,,,False,,N/A,,,,,,,,,,,,,,,,,,,N/A,,True,PUT,2026-08-17,340.0,100.0,0,123.83,2.219,-0.989230946,0.001091873,0.009133228,-0.044397316,-0.024140145,N/A,8,N/A,N/A,AMERICAN,100.0,N/A,False,,,,False,,,,False,,,,,,False,,,,,,N/A,N/A,N/A,N/A,N/A,N/A,N/A,N/A,N/A,N/A,N/A,N/A,N/A,N/A,N/A,N/A,N/A,N/A,N/A,N/A,N/A,N/A,N/A
US.NVDA260817C350000,NVDA 260817 350.00C,2026-08-06 09:30:00,0.0001,0.0,0.0,0.0,0.0001,0.0,0.0,0.0,False,N/A,100,0.01,US.NVDA,0.01,0.0,8.0,0.0,,,,,,,,0.0,0.0,-100.0,0.0,0.0,0.0,0.0,0.0,0.0,0,0.0,NORMAL,False,,,,,,,,,,,,,,,,,False,,N/A,,,,,,,,,,,,,,,,,,,N/A,,True,CALL,2026-08-17,350.0,100.0,0,71.69,56.277,1.9381e-05,3.509e-06,2.8288e-05,-7.5506e-05,9.43e-07,N/A,8,N/A,N/A,AMERICAN,100.0,N/A,False,,,,False,,,,False,,,,,,False,,,,,,N/A,N/A,N/A,N/A,N/A,N/A,N/A,N/A,N/A,N/A,N/A,N/A,N/A,N/A,N/A,N/A,N/A,N/A,N/A,N/A,N/A,N/A,N/A
US.NVDA260817P350000,NVDA 260817 350.00P,2026-08-07 09:30:00,131.01,0.0,0.0,0.0,131.01,0.0,0.0,0.0,False,N/A,100,0.05,US.NVDA,127.55,124.65,10.0,10.0,,,,,,,,0.0,0.0,0.0,0.0,0.0,0.0,0.0,0.0,0.0,0,0.0,NORMAL,False,,,,,,,,,,,,,,,,,False,,N/A,,,,,,,,,,,,,,,,,,,N/A,,True,PUT,2026-08-17,350.0,100.0,0,131.269,2.219,-0.98968358,0.000999618,0.008796258,-0.045033268,-0.024482752,N/A,8,N/A,N/A,AMERICAN,100.0,N/A,False,,,,False,,,,False,,,,,,False,,,,,,N/A,N/A,N/A,N/A,N/A,N/A,N/A,N/A,N/A,N/A,N/A,N/A,N/A,N/A,N/A,N/A,N/A,N/A,N/A,N/A,N/A,N/A,N/A
US.NVDA260817C360000,NVDA 260817 360.00C,2026-08-06 09:30:00,0.0001,0.0,0.0,0.0,0.0001,0.0,0.0,0.0,False,N/A,100,0.01,US.NVDA,0.01,0.0,8.0,0.0,,,,,,,,0.0,0.0,-100.0,0.0,0.0,0.0,0.0,0.0,0.0,0,0.0,NORMAL,False,,,,,,,,,,,,,,,,,False,,N/A,,,,,,,,,,,,,,,,,,,N/A,,True,CALL,2026-08-17,360.0,100.0,0,75.938,60.742,1.8366e-05,3.147e-06,2.6859e-05,-7.5724e-05,8.92e-07,N/A,8,N/A,N/A,AMERICAN,100.0,N/A,False,,,,False,,,,False,,,,,,False,,,,,,N/A,N/A,N/A,N/A,N/A,N/A,N/A,N/A,N/A,N/A,N/A,N/A,N/A,N/A,N/A,N/A,N/A,N/A,N/A,N/A,N/A,N/A,N/A
US.NVDA260817P360000,NVDA 260817 360.00P,2026-08-07 09:30:00,141.01,0.0,0.0,0.0,141.01,0.0,0.0,0.0,False,N/A,100,0.05,US.NVDA,137.55,134.6,12.0,12.0,,,,,,,,0.0,0.0,0.0,0.0,0.0,0.0,0.0,0.0,0.0,0,0.0,NORMAL,False,,,,,,,,,,,,,,,,,False,,N/A,,,,,,,,,,,,,,,,,,,N/A,,True,PUT,2026-08-17,360.0,100.0,0,135.126,2.219,-0.992560718,0.000863585,0.006511881,-0.030541585,-0.020225218,N/A,8,N/A,N/A,AMERICAN,100.0,N/A,False,,,,False,,,,False,,,,,,False,,,,,,N/A,N/A,N/A,N/A,N/A,N/A,N/A,N/A,N/A,N/A,N/A,N/A,N/A,N/A,N/A,N/A,N/A,N/A,N/A,N/A,N/A,N/A,N/A
US.NVDA260817C370000,NVDA 260817 370.00C,2026-08-06 09:30:00,0.0001,0.0,0.0,0.0,0.0001,0.0,0.0,0.0,False,N/A,100,0.01,US.NVDA,0.01,0.0,8.0,0.0,,,,,,,,0.0,0.0,-100.0,0.0,0.0,0.0,0.0,0.0,0.0,0,0.0,NORMAL,False,,,,,,,,,,,,,,,,,False,,N/A,,,,,,,,,,,,,,,,,,,N/A,,True,CALL,2026-08-17,370.0,100.0,0,80.055,65.208,1.7483e-05,2.849e-06,2.5615e-05,-7.5926e-05,8.48e-07,N/A,8,N/A,N/A,AMERICAN,100.0,N/A,False,,,,False,,,,False,,,,,,False,,,,,,N/A,N/A,N/A,N/A,N/A,N/A,N/A,N/A,N/A,N/A,N/A,N/A,N/A,N/A,N/A,N/A,N/A,N/A,N/A,N/A,N/A,N/A,N/A
US.NVDA260817P370000,NVDA 260817 370.00P,2026-08-07 09:30:00,151.01,0.0,0.0,0.0,151.01,0.0,0.0,0.0,False,N/A,100,0.05,US.NVDA,147.55,144.6,12.0,12.0,,,,,,,,0.0,0.0,0.0,0.0,0.0,0.0,0.0,0.0,0.0,0,0.0,NORMAL,False,,,,,,,,,,,,,,,,,False,,N/A,,,,,,,,,,,,,,,,,,,N/A,,True,PUT,2026-08-17,370.0,100.0,0,141.972,2.219,-0.992817876,0.00080345,0.006311591,-0.030839919,-0.02048285,N/A,8,N/A,N/A,AMERICAN,100.0,N/A,False,,,,False,,,,False,,,,,,False,,,,,,N/A,N/A,N/A,N/A,N/A,N/A,N/A,N/A,N/A,N/A,N/A,N/A,N/A,N/A,N/A,N/A,N/A,N/A,N/A,N/A,N/A,N/A,N/A
US.NVDA260817C380000,NVDA 260817 380.00C,2026-08-06 09:30:00,0.0001,0.0,0.0,0.0,0.0001,0.0,0.0,0.0,False,N/A,100,0.01,US.NVDA,0.01,0.0,12.0,0.0,,,,,,,,0.0,0.0,-100.0,0.0,0.0,0.0,0.0,0.0,0.0,0,0.0,NORMAL,False,,,,,,,,,,,,,,,,,False,,N/A,,,,,,,,,,,,,,,,,,,N/A,,True,CALL,2026-08-17,380.0,100.0,0,84.046,69.673,1.6707e-05,2.599e-06,2.4521e-05,-7.6111e-05,8.09e-07,N/A,8,N/A,N/A,AMERICAN,100.0,N/A,False,,,,False,,,,False,,,,,,False,,,,,,N/A,N/A,N/A,N/A,N/A,N/A,N/A,N/A,N/A,N/A,N/A,N/A,N/A,N/A,N/A,N/A,N/A,N/A,N/A,N/A,N/A,N/A,N/A
US.NVDA260817P380000,NVDA 260817 380.00P,2026-08-07 09:30:00,161.01,0.0,0.0,0.0,161.01,0.0,0.0,0.0,False,N/A,100,0.05,US.NVDA,157.55,154.6,12.0,12.0,,,,,,,,0.0,0.0,0.0,0.0,0.0,0.0,0.0,0.0,0.0,0,0.0,NORMAL,False,,,,,,,,,,,,,,,,,False,,N/A,,,,,,,,,,,,,,,,,,,N/A,,True,PUT,2026-08-17,380.0,100.0,0,148.607,2.219,-0.993044049,0.000752303,0.006134326,-0.031116113,-0.020737888,N/A,8,N/A,N/A,AMERICAN,100.0,N/A,False,,,,False,,,,False,,,,,,False,,,,,,N/A,N/A,N/A,N/A,N/A,N/A,N/A,N/A,N/A,N/A,N/A,N/A,N/A,N/A,N/A,N/A,N/A,N/A,N/A,N/A,N/A,N/A,N/A
US.NVDA260817C390000,NVDA 260817 390.00C,2026-08-06 09:30:00,0.0001,0.0,0.0,0.0,0.0001,0.0,0.0,0.0,False,N/A,100,0.01,US.NVDA,0.01,0.0,8.0,0.0,,,,,,,,0.0,0.0,-100.0,0.0,0.0,0.0,0.0,0.0,0.0,0,0.0,NORMAL,False,,,,,,,,,,,,,,,,,False,,N/A,,,,,,,,,,,,,,,,,,,N/A,,True,CALL,2026-08-17,390.0,100.0,0,87.922,74.138,1.602e-05,2.387e-06,2.3551e-05,-7.6285e-05,7.75e-07,N/A,8,N/A,N/A,AMERICAN,100.0,N/A,False,,,,False,,,,False,,,,,,False,,,,,,N/A,N/A,N/A,N/A,N/A,N/A,N/A,N/A,N/A,N/A,N/A,N/A,N/A,N/A,N/A,N/A,N/A,N/A,N/A,N/A,N/A,N/A,N/A
US.NVDA260817P390000,NVDA 260817 390.00P,2026-08-07 09:30:00,171.01,0.0,0.0,0.0,171.01,0.0,0.0,0.0,False,N/A,100,0.05,US.NVDA,167.55,164.6,12.0,12.0,,,,,,,,0.0,0.0,0.0,0.0,0.0,0.0,0.0,0.0,0.0,0,0.0,NORMAL,False,,,,,,,,,,,,,,,,,False,,N/A,,,,,,,,,,,,,,,,,,,N/A,,True,PUT,2026-08-17,390.0,100.0,0,155.043,2.219,-0.993244503,0.000708333,0.005976324,-0.031372828,-0.020990346,N/A,8,N/A,N/A,AMERICAN,100.0,N/A,False,,,,False,,,,False,,,,,,False,,,,,,N/A,N/A,N/A,N/A,N/A,N/A,N/A,N/A,N/A,N/A,N/A,N/A,N/A,N/A,N/A,N/A,N/A,N/A,N/A,N/A,N/A,N/A,N/A
US.NVDA260819C110000,NVDA 260819 110.00C,2026-08-07 09:30:00,109.001,0.0,0.0,0.0,109.001,0.0,0.0,0.0,False,N/A,100,0.05,US.NVDA,117.0,110.6,1.0,2.0,,,,,,,,0.0,0.0,33.333,0.0,0.0,0.0,0.0,0.0,0.0,0,0.0,NORMAL,False,,,,,,,,,,,,,,,,,False,,N/A,,,,,,,,,,,,,,,,,,,N/A,,True,CALL,2026-08-19,110.0,100.0,0,0.0,-2.214,0.0,0.0,0.0,0.0,0.0,N/A,10,N/A,N/A,AMERICAN,100.0,N/A,False,,,,False,,,,False,,,,,,False,,,,,,N/A,N/A,N/A,N/A,N/A,N/A,N/A,N/A,N/A,N/A,N/A,N/A,N/A,N/A,N/A,N/A,N/A,N/A,N/A,N/A,N/A,N/A,N/A
US.NVDA260819P110000,NVDA 260819 110.00P,2026-08-07 14:57:08,0.02,0.02,0.02,0.02,0.0046,5.0,10.0,0.0,False,N/A,100,0.01,US.NVDA,0.03,0.0,16.0,0.0,,,,,,,,0.0,0.02,-100.0,0.0,0.0,0.0,0.0,0.0,0.0,0,0.0,NORMAL,False,,,,,,,,,,,,,,,,,False,,N/A,,,,,,,,,,,,,,,,,,,N/A,,True,PUT,2026-08-19,110.0,100.0,0,146.955,50.893,-0.001213547,7.3332e-05,0.00149977,-0.008984176,-5.6437e-05,N/A,10,N/A,N/A,AMERICAN,100.0,N/A,False,,,,False,,,,False,,,,,,False,,,,,,N/A,N/A,N/A,N/A,N/A,N/A,N/A,N/A,N/A,N/A,N/A,N/A,N/A,N/A,N/A,N/A,N/A,N/A,N/A,N/A,N/A,N/A,N/A
US.NVDA260819C115000,NVDA 260819 115.00C,2026-08-07 09:30:00,104.0107,0.0,0.0,0.0,104.0107,0.0,0.0,0.0,False,N/A,100,0.05,US.NVDA,111.95,105.1,1.0,1.0,,,,,,,,0.0,0.0,0.0,0.0,0.0,0.0,0.0,0.0,0.0,0,0.0,NORMAL,False,,,,,,,,,,,,,,,,,False,,N/A,,,,,,,,,,,,,,,,,,,N/A,,True,CALL,2026-08-19,115.0,100.0,0,0.0,-2.21,0.0,0.0,0.0,0.0,0.0,N/A,10,N/A,N/A,AMERICAN,100.0,N/A,False,,,,False,,,,False,,,,,,False,,,,,,N/A,N/A,N/A,N/A,N/A,N/A,N/A,N/A,N/A,N/A,N/A,N/A,N/A,N/A,N/A,N/A,N/A,N/A,N/A,N/A,N/A,N/A,N/A
US.NVDA260819P115000,NVDA 260819 115.00P,2026-08-07 09:30:00,0.0097,0.0,0.0,0.0,0.0097,0.0,0.0,0.0,False,N/A,100,0.01,US.NVDA,0.03,0.0,14.0,0.0,,,,,,,,0.0,0.0,-100.0,0.0,0.0,0.0,0.0,0.0,0.0,0,0.0,NORMAL,False,,,,,,,,,,,,,,,,,False,,N/A,,,,,,,,,,,,,,,,,,,N/A,,True,PUT,2026-08-19,115.0,100.0,0,129.873,48.655,-0.000698985,4.9964e-05,0.000903678,-0.004662188,-2.6549e-05,N/A,10,N/A,N/A,AMERICAN,100.0,N/A,False,,,,False,,,,False,,,,,,False,,,,,,N/A,N/A,N/A,N/A,N/A,N/A,N/A,N/A,N/A,N/A,N/A,N/A,N/A,N/A,N/A,N/A,N/A,N/A,N/A,N/A,N/A,N/A,N/A
US.NVDA260819C120000,NVDA 260819 120.00C,2026-08-07 09:30:00,99.0209,0.0,0.0,0.0,99.0209,0.0,0.0,0.0,False,N/A,100,0.05,US.NVDA,107.05,99.6,1.0,1.0,,,,,,,,0.0,0.0,0.0,0.0,0.0,0.0,0.0,0.0,0.0,0,0.0,NORMAL,False,,,,,,,,,,,,,,,,,False,,N/A,,,,,,,,,,,,,,,,,,,N/A,,True,CALL,2026-08-19,120.0,100.0,0,0.0,-2.205,0.0,0.0,0.0,0.0,0.0,N/A,10,N/A,N/A,AMERICAN,100.0,N/A,False,,,,False,,,,False,,,,,,False,,,,,,N/A,N/A,N/A,N/A,N/A,N/A,N/A,N/A,N/A,N/A,N/A,N/A,N/A,N/A,N/A,N/A,N/A,N/A,N/A,N/A,N/A,N/A,N/A
US.NVDA260819P120000,NVDA 260819 120.00P,2026-08-07 09:30:00,0.0147,0.0,0.0,0.0,0.0147,0.0,0.0,0.0,False,N/A,100,0.01,US.NVDA,0.03,0.0,10.0,0.0,,,,,,,,0.0,0.0,-100.0,0.0,0.0,0.0,0.0,0.0,0.0,0,0.0,NORMAL,False,,,,,,,,,,,,,,,,,False,,N/A,,,,,,,,,,,,,,,,,,,N/A,,True,PUT,2026-08-19,120.0,100.0,0,126.452,46.425,-0.001057147,7.5088e-05,0.001321897,-0.006755009,-4.6019e-05,N/A,10,N/A,N/A,AMERICAN,100.0,N/A,False,,,,False,,,,False,,,,,,False,,,,,,N/A,N/A,N/A,N/A,N/A,N/A,N/A,N/A,N/A,N/A,N/A,N/A,N/A,N/A,N/A,N/A,N/A,N/A,N/A,N/A,N/A,N/A,N/A
US.NVDA260819C125000,NVDA 260819 125.00C,2026-08-07 09:30:00,94.0316,0.0,0.0,0.0,94.0316,0.0,0.0,0.0,False,N/A,100,0.05,US.NVDA,102.05,94.5,1.0,2.0,,,,,,,,0.0,0.0,33.333,0.0,0.0,0.0,0.0,0.0,0.0,0,0.0,NORMAL,False,,,,,,,,,,,,,,,,,False,,N/A,,,,,,,,,,,,,,,,,,,N/A,,True,CALL,2026-08-19,125.0,100.0,0,0.0,-2.2,0.0,0.0,0.0,0.0,0.0,N/A,10,N/A,N/A,AMERICAN,100.0,N/A,False,,,,False,,,,False,,,,,,False,,,,,,N/A,N/A,N/A,N/A,N/A,N/A,N/A,N/A,N/A,N/A,N/A,N/A,N/A,N/A,N/A,N/A,N/A,N/A,N/A,N/A,N/A,N/A,N/A
US.NVDA260819P125000,NVDA 260819 125.00P,2026-08-07 09:30:00,0.0197,0.0,0.0,0.0,0.0197,0.0,0.0,0.0,False,N/A,100,0.01,US.NVDA,0.03,0.0,12.0,0.0,,,,,,,,0.0,0.0,-100.0,0.0,0.0,0.0,0.0,0.0,0.0,0,0.0,NORMAL,False,,,,,,,,,,,,,,,,,False,,N/A,,,,,,,,,,,,,,,,,,,N/A,,True,PUT,2026-08-19,125.0,100.0,0,121.86,44.194,-0.001438482,0.000103296,0.001752153,-0.008737255,-6.7214e-05,N/A,10,N/A,N/A,AMERICAN,100.0,N/A,False,,,,False,,,,False,,,,,,False,,,,,,N/A,N/A,N/A,N/A,N/A,N/A,N/A,N/A,N/A,N/A,N/A,N/A,N/A,N/A,N/A,N/A,N/A,N/A,N/A,N/A,N/A,N/A,N/A
US.NVDA260819C130000,NVDA 260819 130.00C,2026-08-07 09:30:00,89.0426,0.0,0.0,0.0,89.0426,0.0,0.0,0.0,False,N/A,100,0.05,US.NVDA,97.05,89.6,1.0,2.0,,,,,,,,0.0,0.0,33.333,0.0,0.0,0.0,0.0,0.0,0.0,0,0.0,NORMAL,False,,,,,,,,,,,,,,,,,False,,N/A,,,,,,,,,,,,,,,,,,,N/A,,True,CALL,2026-08-19,130.0,100.0,0,0.0,-2.195,0.0,0.0,0.0,0.0,0.0,N/A,10,N/A,N/A,AMERICAN,100.0,N/A,False,,,,False,,,,False,,,,,,False,,,,,,N/A,N/A,N/A,N/A,N/A,N/A,N/A,N/A,N/A,N/A,N/A,N/A,N/A,N/A,N/A,N/A,N/A,N/A,N/A,N/A,N/A,N/A,N/A
US.NVDA260819P130000,NVDA 260819 130.00P,2026-08-07 09:30:00,0.0248,0.0,0.0,0.0,0.0248,0.0,0.0,0.0,False,N/A,100,0.01,US.NVDA,0.03,0.01,10.0,20.0,,,,,,,,0.0,0.0,33.333,0.0,0.0,0.0,0.0,0.0,0.0,0,0.0,NORMAL,False,,,,,,,,,,,,,,,,,False,,N/A,,,,,,,,,,,,,,,,,,,N/A,,True,PUT,2026-08-19,130.0,100.0,1,114.357,41.964,-0.001552018,0.00011797,0.001877969,-0.008807503,-7.2914e-05,N/A,10,N/A,N/A,AMERICAN,100.0,N/A,False,,,,False,,,,False,,,,,,False,,,,,,N/A,N/A,N/A,N/A,N/A,N/A,N/A,N/A,N/A,N/A,N/A,N/A,N/A,N/A,N/A,N/A,N/A,N/A,N/A,N/A,N/A,N/A,N/A
US.NVDA260819C135000,NVDA 260819 135.00C,2026-08-07 09:30:00,84.0539,0.0,0.0,0.0,84.0539,0.0,0.0,0.0,False,N/A,100,0.05,US.NVDA,92.05,84.6,1.0,2.0,,,,,,,,0.0,0.0,33.333,0.0,0.0,0.0,0.0,0.0,0.0,0,0.0,NORMAL,False,,,,,,,,,,,,,,,,,False,,N/A,,,,,,,,,,,,,,,,,,,N/A,,True,CALL,2026-08-19,135.0,100.0,0,0.0,-2.191,0.0,0.0,0.0,0.0,0.0,N/A,10,N/A,N/A,AMERICAN,100.0,N/A,False,,,,False,,,,False,,,,,,False,,,,,,N/A,N/A,N/A,N/A,N/A,N/A,N/A,N/A,N/A,N/A,N/A,N/A,N/A,N/A,N/A,N/A,N/A,N/A,N/A,N/A,N/A,N/A,N/A
US.NVDA260819P135000,NVDA 260819 135.00P,2026-08-07 09:30:00,0.0298,0.0,0.0,0.0,0.0298,0.0,0.0,0.0,False,N/A,100,0.01,US.NVDA,0.04,0.01,26.0,39.0,,,,,,,,0.0,0.0,20.0,0.0,0.0,0.0,0.0,0.0,0.0,0,0.0,NORMAL,False,,,,,,,,,,,,,,,,,False,,N/A,,,,,,,,,,,,,,,,,,,N/A,,True,PUT,2026-08-19,135.0,100.0,0,109.26,39.734,-0.001994134,0.000155114,0.002358968,-0.010676755,-9.7725e-05,N/A,10,N/A,N/A,AMERICAN,100.0,N/A,False,,,,False,,,,False,,,,,,False,,,,,,N/A,N/A,N/A,N/A,N/A,N/A,N/A,N/A,N/A,N/A,N/A,N/A,N/A,N/A,N/A,N/A,N/A,N/A,N/A,N/A,N/A,N/A,N/A
US.NVDA260819C140000,NVDA 260819 140.00C,2026-08-07 09:30:00,79.0653,0.0,0.0,0.0,79.0653,0.0,0.0,0.0,False,N/A,100,0.05,US.NVDA,87.05,79.6,1.0,2.0,,,,,,,,0.0,0.0,33.333,0.0,0.0,0.0,0.0,0.0,0.0,0,0.0,NORMAL,False,,,,,,,,,,,,,,,,,False,,N/A,,,,,,,,,,,,,,,,,,,N/A,,True,CALL,2026-08-19,140.0,100.0,0,0.0,-2.185,0.0,0.0,0.0,0.0,0.0,N/A,10,N/A,N/A,AMERICAN,100.0,N/A,False,,,,False,,,,False,,,,,,False,,,,,,N/A,N/A,N/A,N/A,N/A,N/A,N/A,N/A,N/A,N/A,N/A,N/A,N/A,N/A,N/A,N/A,N/A,N/A,N/A,N/A,N/A,N/A,N/A
US.NVDA260819P140000,NVDA 260819 140.00P,2026-08-07 09:30:00,0.0349,0.0,0.0,0.0,0.0349,0.0,0.0,0.0,False,N/A,100,0.01,US.NVDA,0.03,0.01,4.0,39.0,,,,,,,,0.0,0.0,81.395,0.0,0.0,0.0,0.0,0.0,0.0,0,0.0,NORMAL,False,,,,,,,,,,,,,,,,,False,,N/A,,,,,,,,,,,,,,,,,,,N/A,,True,PUT,2026-08-19,140.0,100.0,1,99.809,37.504,-0.001770863,0.000152409,0.00211794,-0.008700352,-8.3567e-05,N/A,10,N/A,N/A,AMERICAN,100.0,N/A,False,,,,False,,,,False,,,,,,False,,,,,,N/A,N/A,N/A,N/A,N/A,N/A,N/A,N/A,N/A,N/A,N/A,N/A,N/A,N/A,N/A,N/A,N/A,N/A,N/A,N/A,N/A,N/A,N/A
US.NVDA260819C145000,NVDA 260819 145.00C,2026-08-07 09:30:00,74.0768,0.0,0.0,0.0,74.0768,0.0,0.0,0.0,False,N/A,100,0.05,US.NVDA,82.1,75.65,11.0,10.0,,,,,,,,0.0,0.0,-4.762,0.0,0.0,0.0,0.0,0.0,0.0,0,0.0,NORMAL,False,,,,,,,,,,,,,,,,,False,,N/A,,,,,,,,,,,,,,,,,,,N/A,,True,CALL,2026-08-19,145.0,100.0,0,0.0,-2.18,0.0,0.0,0.0,0.0,0.0,N/A,10,N/A,N/A,AMERICAN,100.0,N/A,False,,,,False,,,,False,,,,,,False,,,,,,N/A,N/A,N/A,N/A,N/A,N/A,N/A,N/A,N/A,N/A,N/A,N/A,N/A,N/A,N/A,N/A,N/A,N/A,N/A,N/A,N/A,N/A,N/A
US.NVDA260819P145000,NVDA 260819 145.00P,2026-08-07 09:30:00,0.0399,0.0,0.0,0.0,0.0399,0.0,0.0,0.0,False,N/A,100,0.01,US.NVDA,0.04,0.02,10.0,20.0,,,,,,,,0.0,0.0,33.333,0.0,0.0,0.0,0.0,0.0,0.0,0,0.0,NORMAL,False,,,,,,,,,,,,,,,,,False,,N/A,,,,,,,,,,,,,,,,,,,N/A,,True,PUT,2026-08-19,145.0,100.0,0,96.676,35.273,-0.00265494,0.00022718,0.003057037,-0.012371611,-0.000134046,N/A,10,N/A,N/A,AMERICAN,100.0,N/A,False,,,,False,,,,False,,,,,,False,,,,,,N/A,N/A,N/A,N/A,N/A,N/A,N/A,N/A,N/A,N/A,N/A,N/A,N/A,N/A,N/A,N/A,N/A,N/A,N/A,N/A,N/A,N/A,N/A
US.NVDA260819C150000,NVDA 260819 150.00C,2026-08-07 09:30:00,69.0884,0.0,0.0,0.0,69.0884,0.0,0.0,0.0,False,N/A,100,0.05,US.NVDA,77.1,70.65,11.0,12.0,,,,,,,,0.0,0.0,4.348,0.0,0.0,0.0,0.0,0.0,0.0,0,0.0,NORMAL,False,,,,,,,,,,,,,,,,,False,,N/A,,,,,,,,,,,,,,,,,,,N/A,,True,CALL,2026-08-19,150.0,100.0,0,0.0,-2.175,0.0,0.0,0.0,0.0,0.0,N/A,10,N/A,N/A,AMERICAN,100.0,N/A,False,,,,False,,,,False,,,,,,False,,,,,,N/A,N/A,N/A,N/A,N/A,N/A,N/A,N/A,N/A,N/A,N/A,N/A,N/A,N/A,N/A,N/A,N/A,N/A,N/A,N/A,N/A,N/A,N/A
US.NVDA260819P150000,NVDA 260819 150.00P,2026-08-07 09:30:00,0.0449,0.0,0.0,0.0,0.0449,0.0,0.0,0.0,False,N/A,100,0.01,US.NVDA,0.05,0.02,45.0,71.0,,,,,,,,0.0,0.0,22.414,0.0,0.0,0.0,0.0,0.0,0.0,0,0.0,NORMAL,False,,,,,,,,,,,,,,,,,False,,N/A,,,,,,,,,,,,,,,,,,,N/A,,True,PUT,2026-08-19,150.0,100.0,10,91.181,33.043,-0.00323574,0.000287903,0.003653783,-0.014053734,-0.000166815,N/A,10,N/A,N/A,AMERICAN,100.0,N/A,False,,,,False,,,,False,,,,,,False,,,,,,N/A,N/A,N/A,N/A,N/A,N/A,N/A,N/A,N/A,N/A,N/A,N/A,N/A,N/A,N/A,N/A,N/A,N/A,N/A,N/A,N/A,N/A,N/A
US.NVDA260819C155000,NVDA 260819 155.00C,2026-08-07 09:30:00,64.1001,0.0,0.0,0.0,64.1001,0.0,0.0,0.0,False,N/A,100,0.05,US.NVDA,72.1,65.7,11.0,10.0,,,,,,,,0.0,0.0,-4.762,0.0,0.0,0.0,0.0,0.0,0.0,0,0.0,NORMAL,False,,,,,,,,,,,,,,,,,False,,N/A,,,,,,,,,,,,,,,,,,,N/A,,True,CALL,2026-08-19,155.0,100.0,0,0.0,-2.17,0.0,0.0,0.0,0.0,0.0,N/A,10,N/A,N/A,AMERICAN,100.0,N/A,False,,,,False,,,,False,,,,,,False,,,,,,N/A,N/A,N/A,N/A,N/A,N/A,N/A,N/A,N/A,N/A,N/A,N/A,N/A,N/A,N/A,N/A,N/A,N/A,N/A,N/A,N/A,N/A,N/A
US.NVDA260819P155000,NVDA 260819 155.00P,2026-08-07 11:12:55,0.05,0.05,0.05,0.05,0.0501,1.0,5.0,0.0,False,N/A,100,0.01,US.NVDA,0.06,0.03,31.0,20.0,,,,,,,,0.0,0.05,-21.569,0.0,0.0,0.0,0.0,0.0,0.0,0,0.0,NORMAL,False,,,,,,,,,,,,,,,,,False,,N/A,,,,,,,,,,,,,,,,,,,N/A,,True,PUT,2026-08-19,155.0,100.0,1,86.676,30.813,-0.004275427,0.00038887,0.004690779,-0.017345654,-0.000226848,N/A,10,N/A,N/A,AMERICAN,100.0,N/A,False,,,,False,,,,False,,,,,,False,,,,,,N/A,N/A,N/A,N/A,N/A,N/A,N/A,N/A,N/A,N/A,N/A,N/A,N/A,N/A,N/A,N/A,N/A,N/A,N/A,N/A,N/A,N/A,N/A
US.NVDA260819C160000,NVDA 260819 160.00C,2026-08-07 09:30:00,59.1172,0.0,0.0,0.0,59.1172,0.0,0.0,0.0,False,N/A,100,0.05,US.NVDA,67.1,60.7,11.0,12.0,,,,,,,,0.0,0.0,4.348,0.0,0.0,0.0,0.0,0.0,0.0,0,0.0,NORMAL,False,,,,,,,,,,,,,,,,,False,,N/A,,,,,,,,,,,,,,,,,,,N/A,,True,CALL,2026-08-19,160.0,100.0,0,0.0,-2.162,0.0,0.0,0.0,0.0,0.0,N/A,10,N/A,N/A,AMERICAN,100.0,N/A,False,,,,False,,,,False,,,,,,False,,,,,,N/A,N/A,N/A,N/A,N/A,N/A,N/A,N/A,N/A,N/A,N/A,N/A,N/A,N/A,N/A,N/A,N/A,N/A,N/A,N/A,N/A,N/A,N/A
US.NVDA260819P160000,NVDA 260819 160.00P,2026-08-07 09:30:00,0.0606,0.0,0.0,0.0,0.0606,0.0,0.0,0.0,False,N/A,100,0.01,US.NVDA,0.07,0.04,35.0,18.0,,,,,,,,0.0,0.0,-32.075,0.0,0.0,0.0,0.0,0.0,0.0,0,0.0,NORMAL,False,,,,,,,,,,,,,,,,,False,,N/A,,,,,,,,,,,,,,,,,,,N/A,,True,PUT,2026-08-19,160.0,100.0,0,81.72,28.585,-0.005430065,0.000510451,0.005804793,-0.020430368,-0.00029366,N/A,10,N/A,N/A,AMERICAN,100.0,N/A,False,,,,False,,,,False,,,,,,False,,,,,,N/A,N/A,N/A,N/A,N/A,N/A,N/A,N/A,N/A,N/A,N/A,N/A,N/A,N/A,N/A,N/A,N/A,N/A,N/A,N/A,N/A,N/A,N/A
US.NVDA260819C165000,NVDA 260819 165.00C,2026-08-07 09:30:00,54.1422,0.0,0.0,0.0,54.1422,0.0,0.0,0.0,False,N/A,100,0.05,US.NVDA,62.15,55.7,11.0,10.0,,,,,,,,0.0,0.0,-4.762,0.0,0.0,0.0,0.0,0.0,0.0,0,0.0,NORMAL,False,,,,,,,,,,,,,,,,,False,,N/A,,,,,,,,,,,,,,,,,,,N/A,,True,CALL,2026-08-19,165.0,100.0,0,0.0,-2.151,0.0,0.0,0.0,0.0,0.0,N/A,10,N/A,N/A,AMERICAN,100.0,N/A,False,,,,False,,,,False,,,,,,False,,,,,,N/A,N/A,N/A,N/A,N/A,N/A,N/A,N/A,N/A,N/A,N/A,N/A,N/A,N/A,N/A,N/A,N/A,N/A,N/A,N/A,N/A,N/A,N/A
US.NVDA260819P165000,NVDA 260819 165.00P,2026-08-07 09:30:00,0.0791,0.0,0.0,0.0,0.0791,0.0,0.0,0.0,False,N/A,100,0.01,US.NVDA,0.08,0.05,55.0,22.0,,,,,,,,0.0,0.0,-42.857,0.0,0.0,0.0,0.0,0.0,0.0,0,0.0,NORMAL,False,,,,,,,,,,,,,,,,,False,,N/A,,,,,,,,,,,,,,,,,,,N/A,,True,PUT,2026-08-19,165.0,100.0,0,76.469,26.361,-0.006730154,0.000659825,0.007020918,-0.02331643,-0.000368869,N/A,10,N/A,N/A,AMERICAN,100.0,N/A,False,,,,False,,,,False,,,,,,False,,,,,,N/A,N/A,N/A,N/A,N/A,N/A,N/A,N/A,N/A,N/A,N/A,N/A,N/A,N/A,N/A,N/A,N/A,N/A,N/A,N/A,N/A,N/A,N/A
US.NVDA260819C170000,NVDA 260819 170.00C,2026-08-07 09:30:00,49.1672,0.0,0.0,0.0,49.1672,0.0,0.0,0.0,False,N/A,100,0.05,US.NVDA,57.15,50.7,11.0,12.0,,,,,,,,0.0,0.0,4.348,0.0,0.0,0.0,0.0,0.0,0.0,0,0.0,NORMAL,False,,,,,,,,,,,,,,,,,False,,N/A,,,,,,,,,,,,,,,,,,,N/A,,True,CALL,2026-08-19,170.0,100.0,0,0.0,-2.14,0.0,0.0,0.0,0.0,0.0,N/A,10,N/A,N/A,AMERICAN,100.0,N/A,False,,,,False,,,,False,,,,,,False,,,,,,N/A,N/A,N/A,N/A,N/A,N/A,N/A,N/A,N/A,N/A,N/A,N/A,N/A,N/A,N/A,N/A,N/A,N/A,N/A,N/A,N/A,N/A,N/A
US.NVDA260819P170000,NVDA 260819 170.00P,2026-08-07 13:57:36,0.08,0.06,0.08,0.06,0.0976,51.0,406.0,0.0,False,N/A,100,0.01,US.NVDA,0.1,0.07,38.0,17.0,,,,,,,,20.492,0.07960784313,-38.182,0.0,0.0,0.0,0.0,0.0,0.0,0,0.0,NORMAL,False,,,,,,,,,,,,,,,,,False,,N/A,,,,,,,,,,,,,,,,,,,N/A,,True,PUT,2026-08-19,170.0,100.0,70,72.159,24.129,-0.009060584,0.000908365,0.009119446,-0.028921657,-0.000506041,N/A,10,N/A,N/A,AMERICAN,100.0,N/A,False,,,,False,,,,False,,,,,,False,,,,,,N/A,N/A,N/A,N/A,N/A,N/A,N/A,N/A,N/A,N/A,N/A,N/A,N/A,N/A,N/A,N/A,N/A,N/A,N/A,N/A,N/A,N/A,N/A
US.NVDA260819C172500,NVDA 260819 172.50C,2026-08-07 09:30:00,46.6797,0.0,0.0,0.0,46.6797,0.0,0.0,0.0,False,N/A,100,0.05,US.NVDA,54.65,48.1,11.0,10.0,,,,,,,,0.0,0.0,-4.762,0.0,0.0,0.0,0.0,0.0,0.0,0,0.0,NORMAL,False,,,,,,,,,,,,,,,,,False,,N/A,,,,,,,,,,,,,,,,,,,N/A,,True,CALL,2026-08-19,172.5,100.0,0,0.0,-2.134,0.0,0.0,0.0,0.0,0.0,N/A,10,N/A,N/A,AMERICAN,100.0,N/A,False,,,,False,,,,False,,,,,,False,,,,,,N/A,N/A,N/A,N/A,N/A,N/A,N/A,N/A,N/A,N/A,N/A,N/A,N/A,N/A,N/A,N/A,N/A,N/A,N/A,N/A,N/A,N/A,N/A
US.NVDA260819P172500,NVDA 260819 172.50P,2026-08-07 09:30:00,0.1068,0.0,0.0,0.0,0.1068,0.0,0.0,0.0,False,N/A,100,0.01,US.NVDA,0.11,0.08,44.0,16.0,,,,,,,,0.0,0.0,-46.667,0.0,0.0,0.0,0.0,0.0,0.0,0,0.0,NORMAL,False,,,,,,,,,,,,,,,,,False,,N/A,,,,,,,,,,,,,,,,,,,N/A,,True,PUT,2026-08-19,172.5,100.0,9,69.781,23.024,-0.010334697,0.001053779,0.010230248,-0.031538045,-0.000580995,N/A,10,N/A,N/A,AMERICAN,100.0,N/A,False,,,,False,,,,False,,,,,,False,,,,,,N/A,N/A,N/A,N/A,N/A,N/A,N/A,N/A,N/A,N/A,N/A,N/A,N/A,N/A,N/A,N/A,N/A,N/A,N/A,N/A,N/A,N/A,N/A
US.NVDA260819C175000,NVDA 260819 175.00C,2026-08-07 09:30:00,44.2012,0.0,0.0,0.0,44.2012,0.0,0.0,0.0,False,N/A,100,0.05,US.NVDA,52.2,45.75,11.0,10.0,,,,,,,,0.0,0.0,-4.762,0.0,0.0,0.0,0.0,0.0,0.0,0,0.0,NORMAL,False,,,,,,,,,,,,,,,,,False,,N/A,,,,,,,,,,,,,,,,,,,N/A,,True,CALL,2026-08-19,175.0,100.0,1,0.0,-2.124,0.0,0.0,0.0,0.0,0.0,N/A,10,N/A,N/A,AMERICAN,100.0,N/A,False,,,,False,,,,False,,,,,,False,,,,,,N/A,N/A,N/A,N/A,N/A,N/A,N/A,N/A,N/A,N/A,N/A,N/A,N/A,N/A,N/A,N/A,N/A,N/A,N/A,N/A,N/A,N/A,N/A
US.NVDA260819P175000,NVDA 260819 175.00P,2026-08-07 12:29:14,0.1,0.08,0.1,0.08,0.125,2.0,18.0,0.0,False,N/A,100,0.01,US.NVDA,0.12,0.09,54.0,18.0,,,,,,,,16.0,0.09,-50.0,0.0,0.0,0.0,0.0,0.0,0.0,0,0.0,NORMAL,False,,,,,,,,,,,,,,,,,False,,N/A,,,,,,,,,,,,,,,,,,,N/A,,True,PUT,2026-08-19,175.0,100.0,26,67.292,21.905,-0.011696986,0.001217077,0.011393488,-0.034033484,-0.000661044,N/A,10,N/A,N/A,AMERICAN,100.0,N/A,False,,,,False,,,,False,,,,,,False,,,,,,N/A,N/A,N/A,N/A,N/A,N/A,N/A,N/A,N/A,N/A,N/A,N/A,N/A,N/A,N/A,N/A,N/A,N/A,N/A,N/A,N/A,N/A,N/A
US.NVDA260819C177500,NVDA 260819 177.50C,2026-08-07 09:30:00,41.7244,0.0,0.0,0.0,41.7244,0.0,0.0,0.0,False,N/A,100,0.05,US.NVDA,49.7,43.15,11.0,10.0,,,,,,,,0.0,0.0,-4.762,0.0,0.0,0.0,0.0,0.0,0.0,0,0.0,NORMAL,False,,,,,,,,,,,,,,,,,False,,N/A,,,,,,,,,,,,,,,,,,,N/A,,True,CALL,2026-08-19,177.5,100.0,0,0.0,-2.114,0.0,0.0,0.0,0.0,0.0,N/A,10,N/A,N/A,AMERICAN,100.0,N/A,False,,,,False,,,,False,,,,,,False,,,,,,N/A,N/A,N/A,N/A,N/A,N/A,N/A,N/A,N/A,N/A,N/A,N/A,N/A,N/A,N/A,N/A,N/A,N/A,N/A,N/A,N/A,N/A,N/A
US.NVDA260819P177500,NVDA 260819 177.50P,2026-08-07 12:55:43,0.12,0.06,0.12,0.06,0.145,2.0,18.0,0.0,False,N/A,100,0.01,US.NVDA,0.13,0.1,35.0,22.0,,,,,,,,41.379,0.09,-22.807,0.0,0.0,0.0,0.0,0.0,0.0,0,0.0,NORMAL,False,,,,,,,,,,,,,,,,,False,,N/A,,,,,,,,,,,,,,,,,,,N/A,,True,PUT,2026-08-19,177.5,100.0,2,64.708,20.798,-0.013161124,0.001401816,0.012618418,-0.036408043,-0.000746943,N/A,10,N/A,N/A,AMERICAN,100.0,N/A,False,,,,False,,,,False,,,,,,False,,,,,,N/A,N/A,N/A,N/A,N/A,N/A,N/A,N/A,N/A,N/A,N/A,N/A,N/A,N/A,N/A,N/A,N/A,N/A,N/A,N/A,N/A,N/A,N/A
US.NVDA260819C180000,NVDA 260819 180.00C,2026-08-07 09:30:00,39.2477,0.0,0.0,0.0,39.2477,0.0,0.0,0.0,False,N/A,100,0.05,US.NVDA,47.2,40.75,11.0,12.0,,,,,,,,0.0,0.0,4.348,0.0,0.0,0.0,0.0,0.0,0.0,0,0.0,NORMAL,False,,,,,,,,,,,,,,,,,False,,N/A,,,,,,,,,,,,,,,,,,,N/A,,True,CALL,2026-08-19,180.0,100.0,2,0.0,-2.104,0.0,0.0,0.0,0.0,0.0,N/A,10,N/A,N/A,AMERICAN,100.0,N/A,False,,,,False,,,,False,,,,,,False,,,,,,N/A,N/A,N/A,N/A,N/A,N/A,N/A,N/A,N/A,N/A,N/A,N/A,N/A,N/A,N/A,N/A,N/A,N/A,N/A,N/A,N/A,N/A,N/A
US.NVDA260819P180000,NVDA 260819 180.00P,2026-08-07 15:23:30,0.13,0.1,0.13,0.1,0.165,280.0,3075.0,0.0,False,N/A,100,0.01,US.NVDA,0.14,0.12,13.0,14.0,,,,,,,,18.182,0.10982142856999999,3.704,0.0,0.0,0.0,0.0,0.0,0.0,0,0.0,NORMAL,False,,,,,,,,,,,,,,,,,False,,N/A,,,,,,,,,,,,,,,,,,,N/A,,True,PUT,2026-08-19,180.0,100.0,192,62.397,19.686,-0.015188221,0.001644745,0.01427554,-0.039939819,-0.000866839,N/A,10,N/A,N/A,AMERICAN,100.0,N/A,False,,,,False,,,,False,,,,,,False,,,,,,N/A,N/A,N/A,N/A,N/A,N/A,N/A,N/A,N/A,N/A,N/A,N/A,N/A,N/A,N/A,N/A,N/A,N/A,N/A,N/A,N/A,N/A,N/A
US.NVDA260819C182500,NVDA 260819 182.50C,2026-08-07 09:30:00,36.7759,0.0,0.0,0.0,36.7759,0.0,0.0,0.0,False,N/A,100,0.05,US.NVDA,44.75,38.2,11.0,10.0,,,,,,,,0.0,0.0,-4.762,0.0,0.0,0.0,0.0,0.0,0.0,0,0.0,NORMAL,False,,,,,,,,,,,,,,,,,False,,N/A,,,,,,,,,,,,,,,,,,,N/A,,True,CALL,2026-08-19,182.5,100.0,35,0.0,-2.091,0.0,0.0,0.0,0.0,0.0,N/A,10,N/A,N/A,AMERICAN,100.0,N/A,False,,,,False,,,,False,,,,,,False,,,,,,N/A,N/A,N/A,N/A,N/A,N/A,N/A,N/A,N/A,N/A,N/A,N/A,N/A,N/A,N/A,N/A,N/A,N/A,N/A,N/A,N/A,N/A,N/A
US.NVDA260819P182500,NVDA 260819 182.50P,2026-08-07 13:26:41,0.14,0.14,0.14,0.14,0.19,1.0,14.0,0.0,False,N/A,100,0.01,US.NVDA,0.17,0.13,44.0,23.0,,,,,,,,0.0,0.14,-31.343,0.0,0.0,0.0,0.0,0.0,0.0,0,0.0,NORMAL,False,,,,,,,,,,,,,,,,,False,,N/A,,,,,,,,,,,,,,,,,,,N/A,,True,PUT,2026-08-19,182.5,100.0,6,60.253,18.574,-0.017818031,0.001952839,0.016366043,-0.044491205,-0.001023147,N/A,10,N/A,N/A,AMERICAN,100.0,N/A,False,,,,False,,,,False,,,,,,False,,,,,,N/A,N/A,N/A,N/A,N/A,N/A,N/A,N/A,N/A,N/A,N/A,N/A,N/A,N/A,N/A,N/A,N/A,N/A,N/A,N/A,N/A,N/A,N/A
US.NVDA260819C185000,NVDA 260819 185.00C,2026-08-07 09:30:00,34.3141,0.0,0.0,0.0,34.3141,0.0,0.0,0.0,False,N/A,100,0.05,US.NVDA,42.05,35.85,10.0,10.0,,,,,,,,0.0,0.0,0.0,0.0,0.0,0.0,0.0,0.0,0.0,0,0.0,NORMAL,False,,,,,,,,,,,,,,,,,False,,N/A,,,,,,,,,,,,,,,,,,,N/A,,True,CALL,2026-08-19,185.0,100.0,8,0.0,-2.074,0.0,0.0,0.0,0.0,0.0,N/A,10,N/A,N/A,AMERICAN,100.0,N/A,False,,,,False,,,,False,,,,,,False,,,,,,N/A,N/A,N/A,N/A,N/A,N/A,N/A,N/A,N/A,N/A,N/A,N/A,N/A,N/A,N/A,N/A,N/A,N/A,N/A,N/A,N/A,N/A,N/A
US.NVDA260819P185000,NVDA 260819 185.00P,2026-08-07 13:57:04,0.17,0.16,0.17,0.16,0.225,100.0,1610.0,0.0,False,N/A,100,0.01,US.NVDA,0.18,0.15,14.0,25.0,,,,,,,,4.444,0.161,28.205,0.0,0.0,0.0,0.0,0.0,0.0,0,0.0,NORMAL,False,,,,,,,,,,,,,,,,,False,,N/A,,,,,,,,,,,,,,,,,,,N/A,,True,PUT,2026-08-19,185.0,100.0,126,57.649,17.471,-0.020192765,0.002270258,0.018202932,-0.047565786,-0.001163062,N/A,10,N/A,N/A,AMERICAN,100.0,N/A,False,,,,False,,,,False,,,,,,False,,,,,,N/A,N/A,N/A,N/A,N/A,N/A,N/A,N/A,N/A,N/A,N/A,N/A,N/A,N/A,N/A,N/A,N/A,N/A,N/A,N/A,N/A,N/A,N/A
US.NVDA260819C187500,NVDA 260819 187.50C,2026-08-07 14:34:25,35.81,35.79,35.82,35.77,31.8624,72.0,257739.0,0.0,False,N/A,100,0.05,US.NVDA,39.75,33.5,11.0,31.0,,,,,,,,0.157,35.79708333333,47.619,0.0,0.0,0.0,0.0,0.0,0.0,0,0.0,NORMAL,False,,,,,,,,,,,,,,,,,False,,N/A,,,,,,,,,,,,,,,,,,,N/A,,True,CALL,2026-08-19,187.5,100.0,27,0.0,-0.29,0.0,0.0,0.0,0.0,0.0,N/A,10,N/A,N/A,AMERICAN,100.0,N/A,False,,,,False,,,,False,,,,,,False,,,,,,N/A,N/A,N/A,N/A,N/A,N/A,N/A,N/A,N/A,N/A,N/A,N/A,N/A,N/A,N/A,N/A,N/A,N/A,N/A,N/A,N/A,N/A,N/A
US.NVDA260819P187500,NVDA 260819 187.50P,2026-08-07 14:12:50,0.19,0.18,0.19,0.18,0.27,10.0,189.0,0.0,False,N/A,100,0.01,US.NVDA,0.21,0.18,40.0,10.0,,,,,,,,3.704,0.18899999999999997,-60.0,0.0,0.0,0.0,0.0,0.0,0.0,0,0.0,NORMAL,False,,,,,,,,,,,,,,,,,False,,N/A,,,,,,,,,,,,,,,,,,,N/A,,True,PUT,2026-08-19,187.5,100.0,6,55.67,16.364,-0.024164105,0.002735708,0.02118002,-0.053816397,-0.001400176,N/A,10,N/A,N/A,AMERICAN,100.0,N/A,False,,,,False,,,,False,,,,,,False,,,,,,N/A,N/A,N/A,N/A,N/A,N/A,N/A,N/A,N/A,N/A,N/A,N/A,N/A,N/A,N/A,N/A,N/A,N/A,N/A,N/A,N/A,N/A,N/A
US.NVDA260819C190000,NVDA 260819 190.00C,2026-08-07 14:27:24,33.49,33.36,33.58,33.33,29.4206,60.0,201017.0,0.0,False,N/A,100,0.05,US.NVDA,37.0,30.95,10.0,13.0,,,,,,,,0.85,33.50283333333,13.043,0.0,0.0,0.0,0.0,0.0,0.0,0,0.0,NORMAL,False,,,,,,,,,,,,,,,,,False,,N/A,,,,,,,,,,,,,,,,,,,N/A,,True,CALL,2026-08-19,190.0,100.0,48,0.0,-0.209,0.0,0.0,0.0,0.0,0.0,N/A,10,N/A,N/A,AMERICAN,100.0,N/A,False,,,,False,,,,False,,,,,,False,,,,,,N/A,N/A,N/A,N/A,N/A,N/A,N/A,N/A,N/A,N/A,N/A,N/A,N/A,N/A,N/A,N/A,N/A,N/A,N/A,N/A,N/A,N/A,N/A
US.NVDA260819P190000,NVDA 260819 190.00P,2026-08-07 15:13:42,0.21,0.22,0.24,0.2,0.325,75.0,1618.0,0.0,False,N/A,100,0.01,US.NVDA,0.23,0.2,19.0,17.0,,,,,,,,12.308,0.21573333333,-5.556,0.0,0.0,0.0,0.0,0.0,0.0,0,0.0,NORMAL,False,,,,,,,,,,,,,,,,,False,,N/A,,,,,,,,,,,,,,,,,,,N/A,,True,PUT,2026-08-19,190.0,100.0,75,53.023,15.257,-0.027523003,0.00320291,0.023616267,-0.057419939,-0.001598368,N/A,10,N/A,N/A,AMERICAN,100.0,N/A,False,,,,False,,,,False,,,,,,False,,,,,,N/A,N/A,N/A,N/A,N/A,N/A,N/A,N/A,N/A,N/A,N/A,N/A,N/A,N/A,N/A,N/A,N/A,N/A,N/A,N/A,N/A,N/A,N/A
US.NVDA260819C192500,NVDA 260819 192.50C,2026-08-07 14:34:25,30.85,30.91,30.91,30.85,27.0038,72.0,222242.0,0.0,False,N/A,100,0.05,US.NVDA,34.85,28.4,10.0,16.0,,,,,,,,0.222,30.86694444444,23.077,0.0,0.0,0.0,0.0,0.0,0.0,0,0.0,NORMAL,False,,,,,,,,,,,,,,,,,False,,N/A,,,,,,,,,,,,,,,,,,,N/A,,True,CALL,2026-08-19,192.5,100.0,11,0.0,-0.272,0.0,0.0,0.0,0.0,0.0,N/A,10,N/A,N/A,AMERICAN,100.0,N/A,False,,,,False,,,,False,,,,,,False,,,,,,N/A,N/A,N/A,N/A,N/A,N/A,N/A,N/A,N/A,N/A,N/A,N/A,N/A,N/A,N/A,N/A,N/A,N/A,N/A,N/A,N/A,N/A,N/A
US.NVDA260819P192500,NVDA 260819 192.50P,2026-08-07 13:15:32,0.26,0.32,0.32,0.22,0.405,114.0,2771.0,0.0,False,N/A,100,0.01,US.NVDA,0.26,0.23,24.0,14.0,,,,,,,,24.691,0.24307017543,-26.316,0.0,0.0,0.0,0.0,0.0,0.0,0,0.0,NORMAL,False,,,,,,,,,,,,,,,,,False,,N/A,,,,,,,,,,,,,,,,,,,N/A,,True,PUT,2026-08-19,192.5,100.0,38,50.636,14.163,-0.03217019,0.003817447,0.026878272,-0.062763707,-0.001874236,N/A,10,N/A,N/A,AMERICAN,100.0,N/A,False,,,,False,,,,False,,,,,,False,,,,,,N/A,N/A,N/A,N/A,N/A,N/A,N/A,N/A,N/A,N/A,N/A,N/A,N/A,N/A,N/A,N/A,N/A,N/A,N/A,N/A,N/A,N/A,N/A
US.NVDA260819C195000,NVDA 260819 195.00C,2026-08-07 14:27:24,28.55,28.48,28.67,28.45,24.6169,60.0,171558.0,0.0,False,N/A,100,0.05,US.NVDA,32.15,26.4,10.0,72.0,,,,,,,,0.894,28.593000000000004,75.61,0.0,0.0,0.0,0.0,0.0,0.0,0,0.0,NORMAL,False,,,,,,,,,,,,,,,,,False,,N/A,,,,,,,,,,,,,,,,,,,N/A,,True,CALL,2026-08-19,195.0,100.0,23,41.009,-0.183,0.981136614,0.003012917,0.017186204,-0.052165483,0.05279107,N/A,10,N/A,N/A,AMERICAN,100.0,N/A,False,,,,False,,,,False,,,,,,False,,,,,,N/A,N/A,N/A,N/A,N/A,N/A,N/A,N/A,N/A,N/A,N/A,N/A,N/A,N/A,N/A,N/A,N/A,N/A,N/A,N/A,N/A,N/A,N/A
US.NVDA260819P195000,NVDA 260819 195.00P,2026-08-07 15:59:47,0.29,0.32,0.36,0.27,0.515,143.0,4317.0,0.0,False,N/A,100,0.01,US.NVDA,0.3,0.27,19.0,12.0,,,,,,,,17.476,0.30188811188,-22.581,0.0,0.0,0.0,0.0,0.0,0.0,0,0.0,NORMAL,False,,,,,,,,,,,,,,,,,False,,N/A,,,,,,,,,,,,,,,,,,,N/A,,True,PUT,2026-08-19,195.0,100.0,235,48.391,13.06,-0.038225281,0.004601961,0.030962105,-0.069523638,-0.002234698,N/A,10,N/A,N/A,AMERICAN,100.0,N/A,False,,,,False,,,,False,,,,,,False,,,,,,N/A,N/A,N/A,N/A,N/A,N/A,N/A,N/A,N/A,N/A,N/A,N/A,N/A,N/A,N/A,N/A,N/A,N/A,N/A,N/A,N/A,N/A,N/A
US.NVDA260819C197500,NVDA 260819 197.50C,2026-08-07 15:54:32,26.22,25.53,27.52,25.53,22.265,207.0,556600.0,0.0,False,N/A,100,0.05,US.NVDA,27.7,26.45,19.0,24.0,,,,,,,,8.938,26.88888888888,11.628,0.0,0.0,0.0,0.0,0.0,0.0,0,0.0,NORMAL,False,,,,,,,,,,,,,,,,,False,,N/A,,,,,,,,,,,,,,,,,,,N/A,,True,CALL,2026-08-19,197.5,100.0,13,48.057,-0.107,0.947892548,0.005948035,0.039736411,-0.11032034,0.051337181,N/A,10,N/A,N/A,AMERICAN,100.0,N/A,False,,,,False,,,,False,,,,,,False,,,,,,N/A,N/A,N/A,N/A,N/A,N/A,N/A,N/A,N/A,N/A,N/A,N/A,N/A,N/A,N/A,N/A,N/A,N/A,N/A,N/A,N/A,N/A,N/A
US.NVDA260819P197500,NVDA 260819 197.50P,2026-08-07 15:33:26,0.38,0.4,0.43,0.33,0.66,34.0,1291.0,0.0,False,N/A,100,0.01,US.NVDA,0.35,0.32,16.0,12.0,,,,,,,,15.152,0.37970588235,-14.286,0.0,0.0,0.0,0.0,0.0,0.0,0,0.0,NORMAL,False,,,,,,,,,,,,,,,,,False,,N/A,,,,,,,,,,,,,,,,,,,N/A,,True,PUT,2026-08-19,197.5,100.0,53,46.189,11.984,-0.0458281,0.00558439,0.035858065,-0.077343971,-0.0026877,N/A,10,N/A,N/A,AMERICAN,100.0,N/A,False,,,,False,,,,False,,,,,,False,,,,,,N/A,N/A,N/A,N/A,N/A,N/A,N/A,N/A,N/A,N/A,N/A,N/A,N/A,N/A,N/A,N/A,N/A,N/A,N/A,N/A,N/A,N/A,N/A
US.NVDA260819C200000,NVDA 260819 200.00C,2026-08-07 11:28:59,25.06,24.27,25.1,24.26,19.963,196.0,480474.0,0.0,False,N/A,100,0.05,US.NVDA,24.95,24.05,10.0,10.0,,,,,,,,4.208,24.513979591829997,0.0,0.0,0.0,0.0,0.0,0.0,0.0,0,0.0,NORMAL,False,,,,,,,,,,,,,,,,,False,,N/A,,,,,,,,,,,,,,,,,,,N/A,,True,CALL,2026-08-19,200.0,100.0,85,42.262,0.491,0.951383821,0.006399824,0.037599798,-0.095209782,0.05226763,N/A,10,N/A,N/A,AMERICAN,100.0,N/A,False,,,,False,,,,False,,,,,,False,,,,,,N/A,N/A,N/A,N/A,N/A,N/A,N/A,N/A,N/A,N/A,N/A,N/A,N/A,N/A,N/A,N/A,N/A,N/A,N/A,N/A,N/A,N/A,N/A
US.NVDA260819P200000,NVDA 260819 200.00P,2026-08-07 15:59:47,0.4,0.54,0.54,0.37,0.855,151.0,7070.0,0.0,False,N/A,100,0.01,US.NVDA,0.42,0.39,10.0,14.0,,,,,,,,19.883,0.46821192052,16.667,0.0,0.0,0.0,0.0,0.0,0.0,0,0.0,NORMAL,False,,,,,,,,,,,,,,,,,False,,N/A,,,,,,,,,,,,,,,,,,,N/A,,True,PUT,2026-08-19,200.0,100.0,203,44.193,10.876,-0.056085029,0.006855246,0.042111831,-0.087516719,-0.003300544,N/A,10,N/A,N/A,AMERICAN,100.0,N/A,False,,,,False,,,,False,,,,,,False,,,,,,N/A,N/A,N/A,N/A,N/A,N/A,N/A,N/A,N/A,N/A,N/A,N/A,N/A,N/A,N/A,N/A,N/A,N/A,N/A,N/A,N/A,N/A,N/A
US.NVDA260819C202500,NVDA 260819 202.50C,2026-08-07 12:55:18,20.6,20.1,22.78,20.1,17.7309,128.0,284271.0,0.0,False,N/A,100,0.05,US.NVDA,22.85,21.6,12.0,16.0,,,,,,,,15.115,22.208671875,14.286,0.0,0.0,0.0,0.0,0.0,0.0,0,0.0,NORMAL,False,,,,,,,,,,,,,,,,,False,,N/A,,,,,,,,,,,,,,,,,,,N/A,,True,CALL,2026-08-19,202.5,100.0,13,43.337,-0.383,0.92603517,0.00866768,0.052214294,-0.128600237,0.051324649,N/A,10,N/A,N/A,AMERICAN,100.0,N/A,False,,,,False,,,,False,,,,,,False,,,,,,N/A,N/A,N/A,N/A,N/A,N/A,N/A,N/A,N/A,N/A,N/A,N/A,N/A,N/A,N/A,N/A,N/A,N/A,N/A,N/A,N/A,N/A,N/A
US.NVDA260819P202500,NVDA 260819 202.50P,2026-08-07 15:57:38,0.5,0.63,0.74,0.5,1.12,184.0,11049.0,0.0,False,N/A,100,0.01,US.NVDA,0.52,0.48,22.0,21.0,,,,,,,,21.429,0.60048913043,-2.326,0.0,0.0,0.0,0.0,0.0,0.0,0,0.0,NORMAL,False,,,,,,,,,,,,,,,,,False,,N/A,,,,,,,,,,,,,,,,,,,N/A,,True,PUT,2026-08-19,202.5,100.0,67,42.347,9.805,-0.069645945,0.008470285,0.04985246,-0.099992714,-0.004111978,N/A,10,N/A,N/A,AMERICAN,100.0,N/A,False,,,,False,,,,False,,,,,,False,,,,,,N/A,N/A,N/A,N/A,N/A,N/A,N/A,N/A,N/A,N/A,N/A,N/A,N/A,N/A,N/A,N/A,N/A,N/A,N/A,N/A,N/A,N/A,N/A
US.NVDA260819C205000,NVDA 260819 205.00C,2026-08-07 15:34:04,18.75,19.05,20.42,18.75,15.5887,142.0,281744.0,0.0,False,N/A,100,0.05,US.NVDA,20.25,19.25,10.0,10.0,,,,,,,,10.713,19.84112676056,0.0,0.0,0.0,0.0,0.0,0.0,0.0,0,0.0,NORMAL,False,,,,,,,,,,,,,,,,,False,,N/A,,,,,,,,,,,,,,,,,,,N/A,,True,CALL,2026-08-19,205.0,100.0,37,39.679,-0.093,0.917459998,0.01028831,0.056741835,-0.128564114,0.051478336,N/A,10,N/A,N/A,AMERICAN,100.0,N/A,False,,,,False,,,,False,,,,,,False,,,,,,N/A,N/A,N/A,N/A,N/A,N/A,N/A,N/A,N/A,N/A,N/A,N/A,N/A,N/A,N/A,N/A,N/A,N/A,N/A,N/A,N/A,N/A,N/A
US.NVDA260819P205000,NVDA 260819 205.00P,2026-08-07 15:59:35,0.61,0.92,0.96,0.61,1.475,53.0,3888.0,0.0,False,N/A,100,0.01,US.NVDA,0.68,0.62,16.0,16.0,,,,,,,,23.729,0.73358490566,0.0,0.0,0.0,0.0,0.0,0.0,0.0,0,0.0,NORMAL,False,,,,,,,,,,,,,,,,,False,,N/A,,,,,,,,,,,,,,,,,,,N/A,,True,PUT,2026-08-19,205.0,100.0,288,40.994,8.738,-0.089289873,0.010562385,0.060171251,-0.117775702,-0.005292195,N/A,10,N/A,N/A,AMERICAN,100.0,N/A,False,,,,False,,,,False,,,,,,False,,,,,,N/A,N/A,N/A,N/A,N/A,N/A,N/A,N/A,N/A,N/A,N/A,N/A,N/A,N/A,N/A,N/A,N/A,N/A,N/A,N/A,N/A,N/A,N/A
US.NVDA260819C207500,NVDA 260819 207.50C,2026-08-07 15:40:03,16.63,16.25,16.63,16.25,13.5513,9.0,14876.0,0.0,False,N/A,100,0.05,US.NVDA,17.9,17.0,10.0,39.0,,,,,,,,2.804,16.52888888888,59.184,0.0,0.0,0.0,0.0,0.0,0.0,0,0.0,NORMAL,False,,,,,,,,,,,,,,,,,False,,N/A,,,,,,,,,,,,,,,,,,,N/A,,True,CALL,2026-08-19,207.5,100.0,30,38.596,0.075,0.891892826,0.012904035,0.069224719,-0.14985586,0.050528719,N/A,10,N/A,N/A,AMERICAN,100.0,N/A,False,,,,False,,,,False,,,,,,False,,,,,,N/A,N/A,N/A,N/A,N/A,N/A,N/A,N/A,N/A,N/A,N/A,N/A,N/A,N/A,N/A,N/A,N/A,N/A,N/A,N/A,N/A,N/A,N/A
US.NVDA260819P207500,NVDA 260819 207.50P,2026-08-07 15:48:10,0.93,1.27,1.32,0.83,1.935,162.0,16349.0,0.0,False,N/A,100,0.01,US.NVDA,0.88,0.82,15.0,12.0,,,,,,,,25.323,1.00919753086,-11.111,0.0,0.0,0.0,0.0,0.0,0.0,0,0.0,NORMAL,False,,,,,,,,,,,,,,,,,False,,N/A,,,,,,,,,,,,,,,,,,,N/A,,True,PUT,2026-08-19,207.5,100.0,38,39.718,7.764,-0.114513155,0.013069545,0.07212591,-0.137796542,-0.006807032,N/A,10,N/A,N/A,AMERICAN,100.0,N/A,False,,,,False,,,,False,,,,,,False,,,,,,N/A,N/A,N/A,N/A,N/A,N/A,N/A,N/A,N/A,N/A,N/A,N/A,N/A,N/A,N/A,N/A,N/A,N/A,N/A,N/A,N/A,N/A,N/A
US.NVDA260819C210000,NVDA 260819 210.00C,2026-08-07 15:30:32,14.4,13.81,15.86,13.4,11.6438,9.0,13077.0,0.0,False,N/A,100,0.05,US.NVDA,15.55,15.1,6.0,6.0,,,,,,,,21.127,14.53,0.0,0.0,0.0,0.0,0.0,0.0,0.0,0,0.0,NORMAL,False,,,,,,,,,,,,,,,,,False,,N/A,,,,,,,,,,,,,,,,,,,N/A,,True,CALL,2026-08-19,210.0,100.0,150,38.842,0.196,0.851767435,0.015972057,0.086231276,-0.184071324,0.048626876,N/A,10,N/A,N/A,AMERICAN,100.0,N/A,False,,,,False,,,,False,,,,,,False,,,,,,N/A,N/A,N/A,N/A,N/A,N/A,N/A,N/A,N/A,N/A,N/A,N/A,N/A,N/A,N/A,N/A,N/A,N/A,N/A,N/A,N/A,N/A,N/A
US.NVDA260819P210000,NVDA 260819 210.00P,2026-08-07 15:42:01,1.23,1.75,1.77,1.1,2.525,325.0,42377.0,0.0,False,N/A,100,0.01,US.NVDA,1.16,1.1,15.0,6.0,,,,,,,,26.535,1.3039076923,-42.857,0.0,0.0,0.0,0.0,0.0,0.0,0,0.0,NORMAL,False,,,,,,,,,,,,,,,,,False,,N/A,,,,,,,,,,,,,,,,,,,N/A,,True,PUT,2026-08-19,210.0,100.0,316,38.686,6.782,-0.147496279,0.015988245,0.085927431,-0.160985595,-0.008787357,N/A,10,N/A,N/A,AMERICAN,100.0,N/A,False,,,,False,,,,False,,,,,,False,,,,,,N/A,N/A,N/A,N/A,N/A,N/A,N/A,N/A,N/A,N/A,N/A,N/A,N/A,N/A,N/A,N/A,N/A,N/A,N/A,N/A,N/A,N/A,N/A
US.NVDA260819C212500,NVDA 260819 212.50C,2026-08-07 14:45:47,11.6,12.93,13.45,11.6,9.8709,31.0,38163.0,0.0,False,N/A,100,0.05,US.NVDA,13.5,12.95,36.0,10.0,,,,,,,,18.742,12.31064516129,-56.522,0.0,0.0,0.0,0.0,0.0,0.0,0,0.0,NORMAL,False,,,,,,,,,,,,,,,,,False,,N/A,,,,,,,,,,,,,,,,,,,N/A,,True,CALL,2026-08-19,212.5,100.0,155,38.142,0.062,0.809390792,0.019118257,0.101362074,-0.21037362,0.046578356,N/A,10,N/A,N/A,AMERICAN,100.0,N/A,False,,,,False,,,,False,,,,,,False,,,,,,N/A,N/A,N/A,N/A,N/A,N/A,N/A,N/A,N/A,N/A,N/A,N/A,N/A,N/A,N/A,N/A,N/A,N/A,N/A,N/A,N/A,N/A,N/A
US.NVDA260819P212500,NVDA 260819 212.50P,2026-08-07 15:30:41,1.74,2.12,2.23,1.47,3.25,183.0,36320.0,0.0,False,N/A,100,0.01,US.NVDA,1.55,1.47,17.0,13.0,,,,,,,,23.385,1.98469945355,-13.333,0.0,0.0,0.0,0.0,0.0,0.0,0,0.0,NORMAL,False,,,,,,,,,,,,,,,,,False,,N/A,,,,,,,,,,,,,,,,,,,N/A,,True,PUT,2026-08-19,212.5,100.0,47,37.833,5.893,-0.189038375,0.019186451,0.100824606,-0.185768391,-0.011275863,N/A,10,N/A,N/A,AMERICAN,100.0,N/A,False,,,,False,,,,False,,,,,,False,,,,,,N/A,N/A,N/A,N/A,N/A,N/A,N/A,N/A,N/A,N/A,N/A,N/A,N/A,N/A,N/A,N/A,N/A,N/A,N/A,N/A,N/A,N/A,N/A
US.NVDA260819C215000,NVDA 260819 215.00C,2026-08-07 15:30:17,10.37,10.13,11.8,9.68,8.2728,266.0,269979.0,0.0,False,N/A,100,0.05,US.NVDA,11.35,10.95,10.0,30.0,,,,,,,,25.626,10.14958646616,50.0,0.0,0.0,0.0,0.0,0.0,0.0,0,0.0,NORMAL,False,,,,,,,,,,,,,,,,,False,,N/A,,,,,,,,,,,,,,,,,,,N/A,,True,CALL,2026-08-19,215.0,100.0,199,36.701,0.629,0.763056682,0.022557881,0.11508531,-0.228624878,0.044277243,N/A,10,N/A,N/A,AMERICAN,100.0,N/A,False,,,,False,,,,False,,,,,,False,,,,,,N/A,N/A,N/A,N/A,N/A,N/A,N/A,N/A,N/A,N/A,N/A,N/A,N/A,N/A,N/A,N/A,N/A,N/A,N/A,N/A,N/A,N/A,N/A
US.NVDA260819P215000,NVDA 260819 215.00P,2026-08-07 15:54:07,2.21,2.67,3.07,1.96,4.15,293.0,72205.0,0.0,False,N/A,100,0.01,US.NVDA,2.06,1.99,30.0,4.0,,,,,,,,26.747,2.46433447098,-76.471,0.0,0.0,0.0,0.0,0.0,0.0,0,0.0,NORMAL,False,,,,,,,,,,,,,,,,,False,,N/A,,,,,,,,,,,,,,,,,,,N/A,,True,PUT,2026-08-19,215.0,100.0,8768,37.227,4.987,-0.240110743,0.022418495,0.115895298,-0.210977806,-0.014323474,N/A,10,N/A,N/A,AMERICAN,100.0,N/A,False,,,,False,,,,False,,,,,,False,,,,,,N/A,N/A,N/A,N/A,N/A,N/A,N/A,N/A,N/A,N/A,N/A,N/A,N/A,N/A,N/A,N/A,N/A,N/A,N/A,N/A,N/A,N/A,N/A
US.NVDA260819C217500,NVDA 260819 217.50C,2026-08-07 15:58:53,9.43,8.27,10.0,7.6,6.7993,324.0,294267.0,0.0,False,N/A,100,0.05,US.NVDA,9.55,9.15,52.0,30.0,,,,,,,,35.298,9.08231481481,-26.829,0.0,0.0,0.0,0.0,0.0,0.0,0,0.0,NORMAL,False,,,,,,,,,,,,,,,,,False,,N/A,,,,,,,,,,,,,,,,,,,N/A,,True,CALL,2026-08-19,217.5,100.0,263,36.534,1.326,0.701635218,0.02546074,0.129309214,-0.253764334,0.040963343,N/A,10,N/A,N/A,AMERICAN,100.0,N/A,False,,,,False,,,,False,,,,,,False,,,,,,N/A,N/A,N/A,N/A,N/A,N/A,N/A,N/A,N/A,N/A,N/A,N/A,N/A,N/A,N/A,N/A,N/A,N/A,N/A,N/A,N/A,N/A,N/A
US.NVDA260819P217500,NVDA 260819 217.50P,2026-08-07 15:28:53,3.05,4.05,4.05,2.59,5.175,181.0,52637.0,0.0,False,N/A,100,0.05,US.NVDA,2.72,2.65,6.0,2.0,,,,,,,,28.213,2.90812154696,-50.0,0.0,0.0,0.0,0.0,0.0,0.0,0,0.0,NORMAL,False,,,,,,,,,,,,,,,,,False,,N/A,,,,,,,,,,,,,,,,,,,N/A,,True,PUT,2026-08-19,217.5,100.0,46,36.707,4.246,-0.299536719,0.025413695,0.129498311,-0.232919938,-0.017840286,N/A,10,N/A,N/A,AMERICAN,100.0,N/A,False,,,,False,,,,False,,,,,,False,,,,,,N/A,N/A,N/A,N/A,N/A,N/A,N/A,N/A,N/A,N/A,N/A,N/A,N/A,N/A,N/A,N/A,N/A,N/A,N/A,N/A,N/A,N/A,N/A
US.NVDA260819C220000,NVDA 260819 220.00C,2026-08-07 15:57:58,7.72,6.96,8.22,6.23,5.525,159.0,112771.0,0.0,False,N/A,100,0.05,US.NVDA,7.85,7.55,50.0,10.0,,,,,,,,36.018,7.09251572327,-66.667,0.0,0.0,0.0,0.0,0.0,0.0,0,0.0,NORMAL,False,,,,,,,,,,,,,,,,,False,,N/A,,,,,,,,,,,,,,,,,,,N/A,,True,CALL,2026-08-19,220.0,100.0,413,36.266,1.678,0.634308127,0.027814407,0.140233929,-0.271516362,0.037241272,N/A,10,N/A,N/A,AMERICAN,100.0,N/A,False,,,,False,,,,False,,,,,,False,,,,,,N/A,N/A,N/A,N/A,N/A,N/A,N/A,N/A,N/A,N/A,N/A,N/A,N/A,N/A,N/A,N/A,N/A,N/A,N/A,N/A,N/A,N/A,N/A
US.NVDA260819P220000,NVDA 260819 220.00P,2026-08-07 15:54:00,3.75,4.93,5.25,3.36,6.3997,371.0,152940.0,0.0,False,N/A,100,0.05,US.NVDA,3.6,3.45,55.0,21.0,,,,,,,,29.533,4.12237196765,-44.737,0.0,0.0,0.0,0.0,0.0,0.0,0,0.0,NORMAL,False,,,,,,,,,,,,,,,,,False,,N/A,,,,,,,,,,,,,,,,,,,N/A,,True,PUT,2026-08-19,220.0,100.0,153,36.364,3.442,-0.366518654,0.027804528,0.140282974,-0.249900896,-0.021756338,N/A,10,N/A,N/A,AMERICAN,100.0,N/A,False,,,,False,,,,False,,,,,,False,,,,,,N/A,N/A,N/A,N/A,N/A,N/A,N/A,N/A,N/A,N/A,N/A,N/A,N/A,N/A,N/A,N/A,N/A,N/A,N/A,N/A,N/A,N/A,N/A
US.NVDA260819C222500,NVDA 260819 222.50C,2026-08-07 15:58:44,6.3,5.4,6.82,4.92,4.425,345.0,192319.0,0.0,False,N/A,100,0.05,US.NVDA,6.25,6.1,2.0,21.0,,,,,,,,42.938,5.57446376811,82.609,0.0,0.0,0.0,0.0,0.0,0.0,0,0.0,NORMAL,False,,,,,,,,,,,,,,,,,False,,N/A,,,,,,,,,,,,,,,,,,,N/A,,True,CALL,2026-08-19,222.5,100.0,341,35.658,2.161,0.562684619,0.029634019,0.146909526,-0.278205425,0.033217851,N/A,10,N/A,N/A,AMERICAN,100.0,N/A,False,,,,False,,,,False,,,,,,False,,,,,,N/A,N/A,N/A,N/A,N/A,N/A,N/A,N/A,N/A,N/A,N/A,N/A,N/A,N/A,N/A,N/A,N/A,N/A,N/A,N/A,N/A,N/A,N/A
US.NVDA260819P222500,NVDA 260819 222.50P,2026-08-07 15:58:55,4.46,6.35,6.5,4.4,7.7991,399.0,213460.0,0.0,False,N/A,100,0.05,US.NVDA,4.6,4.45,10.0,10.0,,,,,,,,26.926,5.34987468671,0.0,0.0,0.0,0.0,0.0,0.0,0.0,0,0.0,NORMAL,False,,,,,,,,,,,,,,,,,False,,N/A,,,,,,,,,,,,,,,,,,,N/A,,True,PUT,2026-08-19,222.5,100.0,15,35.929,2.643,-0.43832558,0.02949237,0.14689129,-0.257758102,-0.025859099,N/A,10,N/A,N/A,AMERICAN,100.0,N/A,False,,,,False,,,,False,,,,,,False,,,,,,N/A,N/A,N/A,N/A,N/A,N/A,N/A,N/A,N/A,N/A,N/A,N/A,N/A,N/A,N/A,N/A,N/A,N/A,N/A,N/A,N/A,N/A,N/A
US.NVDA260819C225000,NVDA 260819 225.00C,2026-08-07 15:59:53,4.93,4.45,5.5,3.9,3.5,1492.0,676738.0,0.0,False,N/A,100,0.05,US.NVDA,5.0,4.85,510.0,8.0,,,,,,,,45.714,4.53577747989,-96.911,0.0,0.0,0.0,0.0,0.0,0.0,0,0.0,NORMAL,False,,,,,,,,,,,,,,,,,False,,N/A,,,,,,,,,,,,,,,,,,,N/A,,True,CALL,2026-08-19,225.0,100.0,10417,35.677,2.665,0.487881313,0.029975618,0.148681667,-0.279915437,0.028920818,N/A,10,N/A,N/A,AMERICAN,100.0,N/A,False,,,,False,,,,False,,,,,,False,,,,,,N/A,N/A,N/A,N/A,N/A,N/A,N/A,N/A,N/A,N/A,N/A,N/A,N/A,N/A,N/A,N/A,N/A,N/A,N/A,N/A,N/A,N/A,N/A
US.NVDA260819P225000,NVDA 260819 225.00P,2026-08-07 15:42:03,6.26,6.54,6.84,5.5,9.3741,77.0,45851.0,0.0,False,N/A,100,0.05,US.NVDA,5.85,5.7,35.0,2.0,,,,,,,,14.295,5.954675324669999,-89.189,0.0,0.0,0.0,0.0,0.0,0.0,0,0.0,NORMAL,False,,,,,,,,,,,,,,,,,False,,N/A,,,,,,,,,,,,,,,,,,,N/A,,True,PUT,2026-08-19,225.0,100.0,5,35.948,2.33,-0.512791247,0.029853,0.148570268,-0.259388781,-0.030002758,N/A,10,N/A,N/A,AMERICAN,100.0,N/A,False,,,,False,,,,False,,,,,,False,,,,,,N/A,N/A,N/A,N/A,N/A,N/A,N/A,N/A,N/A,N/A,N/A,N/A,N/A,N/A,N/A,N/A,N/A,N/A,N/A,N/A,N/A,N/A,N/A
US.NVDA260819C227500,NVDA 260819 227.50C,2026-08-07 15:59:34,3.84,3.3,4.25,3.0,2.73,214.0,76588.0,0.0,False,N/A,100,0.05,US.NVDA,3.9,3.75,53.0,17.0,,,,,,,,45.788,3.57887850467,-51.429,0.0,0.0,0.0,0.0,0.0,0.0,0,0.0,NORMAL,False,,,,,,,,,,,,,,,,,False,,N/A,,,,,,,,,,,,,,,,,,,N/A,,True,CALL,2026-08-19,227.5,100.0,103,35.454,3.295,0.413658784,0.02946821,0.145249557,-0.269946516,0.02461826,N/A,10,N/A,N/A,AMERICAN,100.0,N/A,False,,,,False,,,,False,,,,,,False,,,,,,N/A,N/A,N/A,N/A,N/A,N/A,N/A,N/A,N/A,N/A,N/A,N/A,N/A,N/A,N/A,N/A,N/A,N/A,N/A,N/A,N/A,N/A,N/A
US.NVDA260819P227500,NVDA 260819 227.50P,2026-08-07 15:44:13,7.71,7.95,8.0,7.2,11.1048,29.0,22421.0,0.0,False,N/A,100,0.05,US.NVDA,7.25,7.1,8.0,1.0,,,,,,,,7.204,7.7313793103399995,-77.778,0.0,0.0,0.0,0.0,0.0,0.0,0,0.0,NORMAL,False,,,,,,,,,,,,,,,,,False,,N/A,,,,,,,,,,,,,,,,,,,N/A,,True,PUT,2026-08-19,227.5,100.0,1,35.73,1.861,-0.586754683,0.029391126,0.145075737,-0.249468692,-0.03388764,N/A,10,N/A,N/A,AMERICAN,100.0,N/A,False,,,,False,,,,False,,,,,,False,,,,,,N/A,N/A,N/A,N/A,N/A,N/A,N/A,N/A,N/A,N/A,N/A,N/A,N/A,N/A,N/A,N/A,N/A,N/A,N/A,N/A,N/A,N/A,N/A
US.NVDA260819C230000,NVDA 260819 230.00C,2026-08-07 15:59:55,2.94,2.73,3.3,2.17,2.105,762.0,206388.0,0.0,False,N/A,100,0.01,US.NVDA,2.96,2.87,2.0,24.0,,,,,,,,53.682,2.7085039369999997,84.615,0.0,0.0,0.0,0.0,0.0,0.0,0,0.0,NORMAL,False,,,,,,,,,,,,,,,,,False,,N/A,,,,,,,,,,,,,,,,,,,N/A,,True,CALL,2026-08-19,230.0,100.0,575,35.3,4.009,0.342622475,0.027919521,0.137010649,-0.251609664,0.020460829,N/A,10,N/A,N/A,AMERICAN,100.0,N/A,False,,,,False,,,,False,,,,,,False,,,,,,N/A,N/A,N/A,N/A,N/A,N/A,N/A,N/A,N/A,N/A,N/A,N/A,N/A,N/A,N/A,N/A,N/A,N/A,N/A,N/A,N/A,N/A,N/A
US.NVDA260819P230000,NVDA 260819 230.00P,2026-08-07 12:53:00,10.0,10.15,10.15,8.5,12.9811,30.0,26401.0,0.0,False,N/A,100,0.05,US.NVDA,8.85,8.7,17.0,1.0,,,,,,,,12.711,8.80033333333,-88.889,0.0,0.0,0.0,0.0,0.0,0.0,0,0.0,NORMAL,False,,,,,,,,,,,,,,,,,False,,N/A,,,,,,,,,,,,,,,,,,,N/A,,True,PUT,2026-08-19,230.0,100.0,2,35.658,1.768,-0.657302898,0.027871585,0.136834321,-0.231888096,-0.037289743,N/A,10,N/A,N/A,AMERICAN,100.0,N/A,False,,,,False,,,,False,,,,,,False,,,,,,N/A,N/A,N/A,N/A,N/A,N/A,N/A,N/A,N/A,N/A,N/A,N/A,N/A,N/A,N/A,N/A,N/A,N/A,N/A,N/A,N/A,N/A,N/A
US.NVDA260819C232500,NVDA 260819 232.50C,2026-08-07 15:59:01,2.26,1.93,2.45,1.61,1.6,176.0,34989.0,0.0,False,N/A,100,0.01,US.NVDA,2.24,2.16,2.0,3.0,,,,,,,,52.5,1.98801136363,20.0,0.0,0.0,0.0,0.0,0.0,0.0,0,0.0,NORMAL,False,,,,,,,,,,,,,,,,,False,,N/A,,,,,,,,,,,,,,,,,,,N/A,,True,CALL,2026-08-19,232.5,100.0,395,35.36,4.822,0.278208072,0.025452189,0.125106252,-0.228154525,0.016660405,N/A,10,N/A,N/A,AMERICAN,100.0,N/A,False,,,,False,,,,False,,,,,,False,,,,,,N/A,N/A,N/A,N/A,N/A,N/A,N/A,N/A,N/A,N/A,N/A,N/A,N/A,N/A,N/A,N/A,N/A,N/A,N/A,N/A,N/A,N/A,N/A
US.NVDA260819P232500,NVDA 260819 232.50P,2026-08-07 14:46:09,11.95,10.2,11.95,10.2,14.9782,16.0,18945.0,0.0,False,N/A,100,0.05,US.NVDA,10.9,10.2,11.0,30.0,,,,,,,,11.684,11.840625,46.341,0.0,0.0,0.0,0.0,0.0,0.0,0,0.0,NORMAL,False,,,,,,,,,,,,,,,,,False,,N/A,,,,,,,,,,,,,,,,,,,N/A,,True,PUT,2026-08-19,232.5,100.0,0,35.655,1.522,-0.72213151,0.025556279,0.124782228,-0.20799288,-0.039973343,N/A,10,N/A,N/A,AMERICAN,100.0,N/A,False,,,,False,,,,False,,,,,,False,,,,,,N/A,N/A,N/A,N/A,N/A,N/A,N/A,N/A,N/A,N/A,N/A,N/A,N/A,N/A,N/A,N/A,N/A,N/A,N/A,N/A,N/A,N/A,N/A
US.NVDA260819C235000,NVDA 260819 235.00C,2026-08-07 15:55:00,1.55,1.59,1.9,1.21,1.225,344.0,57352.0,0.0,False,N/A,100,0.01,US.NVDA,1.67,1.59,3.0,4.0,,,,,,,,56.327,1.66720930232,14.286,0.0,0.0,0.0,0.0,0.0,0.0,0,0.0,NORMAL,False,,,,,,,,,,,,,,,,,False,,N/A,,,,,,,,,,,,,,,,,,,N/A,,True,CALL,2026-08-19,235.0,100.0,340,35.412,5.621,0.221056174,0.022486315,0.110683336,-0.200199822,0.013270621,N/A,10,N/A,N/A,AMERICAN,100.0,N/A,False,,,,False,,,,False,,,,,,False,,,,,,N/A,N/A,N/A,N/A,N/A,N/A,N/A,N/A,N/A,N/A,N/A,N/A,N/A,N/A,N/A,N/A,N/A,N/A,N/A,N/A,N/A,N/A,N/A
US.NVDA260819P235000,NVDA 260819 235.00P,2026-08-07 14:46:07,13.95,16.75,16.75,12.09,17.106,20.0,25576.0,0.0,False,N/A,100,0.05,US.NVDA,12.9,12.15,43.0,33.0,,,,,,,,27.242,12.788,-13.158,0.0,0.0,0.0,0.0,0.0,0.0,0,0.0,NORMAL,False,,,,,,,,,,,,,,,,,False,,N/A,,,,,,,,,,,,,,,,,,,N/A,,True,PUT,2026-08-19,235.0,100.0,25,36.122,1.299,-0.77677824,0.022611752,0.110983345,-0.183926578,-0.041749445,N/A,10,N/A,N/A,AMERICAN,100.0,N/A,False,,,,False,,,,False,,,,,,False,,,,,,N/A,N/A,N/A,N/A,N/A,N/A,N/A,N/A,N/A,N/A,N/A,N/A,N/A,N/A,N/A,N/A,N/A,N/A,N/A,N/A,N/A,N/A,N/A
US.NVDA260819C237500,NVDA 260819 237.50C,2026-08-07 15:54:40,1.1,1.1,1.37,0.89,0.925,113.0,13378.0,0.0,False,N/A,100,0.01,US.NVDA,1.24,1.17,30.0,5.0,,,,,,,,51.892,1.1838938052999999,-71.429,0.0,0.0,0.0,0.0,0.0,0.0,0,0.0,NORMAL,False,,,,,,,,,,,,,,,,,False,,N/A,,,,,,,,,,,,,,,,,,,N/A,,True,CALL,2026-08-19,237.5,100.0,67,35.663,6.536,0.173347052,0.019268466,0.095512376,-0.17215532,0.010426813,N/A,10,N/A,N/A,AMERICAN,100.0,N/A,False,,,,False,,,,False,,,,,,False,,,,,,N/A,N/A,N/A,N/A,N/A,N/A,N/A,N/A,N/A,N/A,N/A,N/A,N/A,N/A,N/A,N/A,N/A,N/A,N/A,N/A,N/A,N/A,N/A
US.NVDA260819P237500,NVDA 260819 237.50P,2026-08-07 09:30:00,19.3095,0.0,0.0,0.0,19.3095,0.0,0.0,0.0,False,N/A,100,0.05,US.NVDA,15.2,14.0,13.0,19.0,,,,,,,,0.0,0.0,18.75,0.0,0.0,0.0,0.0,0.0,0.0,0,0.0,NORMAL,False,,,,,,,,,,,,,,,,,False,,N/A,,,,,,,,,,,,,,,,,,,N/A,,True,PUT,2026-08-19,237.5,100.0,0,36.437,2.575,-0.824558505,0.019602501,0.095837742,-0.156473183,-0.042545292,N/A,10,N/A,N/A,AMERICAN,100.0,N/A,False,,,,False,,,,False,,,,,,False,,,,,,N/A,N/A,N/A,N/A,N/A,N/A,N/A,N/A,N/A,N/A,N/A,N/A,N/A,N/A,N/A,N/A,N/A,N/A,N/A,N/A,N/A,N/A,N/A
US.NVDA260819C240000,NVDA 260819 240.00C,2026-08-07 15:59:46,0.88,1.03,1.03,0.6,0.705,204.0,17429.0,0.0,False,N/A,100,0.01,US.NVDA,0.89,0.85,8.0,5.0,,,,,,,,60.993,0.85436274509,-23.077,0.0,0.0,0.0,0.0,0.0,0.0,0,0.0,NORMAL,False,,,,,,,,,,,,,,,,,False,,N/A,,,,,,,,,,,,,,,,,,,N/A,,True,CALL,2026-08-19,240.0,100.0,389,35.798,7.554,0.1328642,0.016088897,0.080049856,-0.143147066,0.008006636,N/A,10,N/A,N/A,AMERICAN,100.0,N/A,False,,,,False,,,,False,,,,,,False,,,,,,N/A,N/A,N/A,N/A,N/A,N/A,N/A,N/A,N/A,N/A,N/A,N/A,N/A,N/A,N/A,N/A,N/A,N/A,N/A,N/A,N/A,N/A,N/A
US.NVDA260819P240000,NVDA 260819 240.00P,2026-08-07 09:30:00,21.5935,0.0,0.0,0.0,21.5935,0.0,0.0,0.0,False,N/A,100,0.05,US.NVDA,17.4,16.2,20.0,29.0,,,,,,,,0.0,0.0,18.367,0.0,0.0,0.0,0.0,0.0,0.0,0,0.0,NORMAL,False,,,,,,,,,,,,,,,,,False,,N/A,,,,,,,,,,,,,,,,,,,N/A,,True,PUT,2026-08-19,240.0,100.0,1,37.071,2.479,-0.862447107,0.016676186,0.081476627,-0.131902641,-0.042394012,N/A,10,N/A,N/A,AMERICAN,100.0,N/A,False,,,,False,,,,False,,,,,,False,,,,,,N/A,N/A,N/A,N/A,N/A,N/A,N/A,N/A,N/A,N/A,N/A,N/A,N/A,N/A,N/A,N/A,N/A,N/A,N/A,N/A,N/A,N/A,N/A
US.NVDA260819C242500,NVDA 260819 242.50C,2026-08-07 15:57:51,0.65,0.65,0.75,0.47,0.545,56.0,3581.0,0.0,False,N/A,100,0.01,US.NVDA,0.67,0.61,21.0,15.0,,,,,,,,51.376,0.63946428571,-16.667,0.0,0.0,0.0,0.0,0.0,0.0,0,0.0,NORMAL,False,,,,,,,,,,,,,,,,,False,,N/A,,,,,,,,,,,,,,,,,,,N/A,,True,CALL,2026-08-19,242.5,100.0,31,36.257,8.568,0.102083983,0.013178145,0.066409257,-0.118847327,0.006159659,N/A,10,N/A,N/A,AMERICAN,100.0,N/A,False,,,,False,,,,False,,,,,,False,,,,,,N/A,N/A,N/A,N/A,N/A,N/A,N/A,N/A,N/A,N/A,N/A,N/A,N/A,N/A,N/A,N/A,N/A,N/A,N/A,N/A,N/A,N/A,N/A
US.NVDA260819P242500,NVDA 260819 242.50P,2026-08-07 09:30:00,23.9381,0.0,0.0,0.0,23.9381,0.0,0.0,0.0,False,N/A,100,0.05,US.NVDA,19.7,18.45,10.0,10.0,,,,,,,,0.0,0.0,0.0,0.0,0.0,0.0,0.0,0.0,0.0,0,0.0,NORMAL,False,,,,,,,,,,,,,,,,,False,,N/A,,,,,,,,,,,,,,,,,,,N/A,,True,PUT,2026-08-19,242.5,100.0,20,37.75,2.41,-0.893239076,0.014034653,0.067995841,-0.108849829,-0.041305828,N/A,10,N/A,N/A,AMERICAN,100.0,N/A,False,,,,False,,,,False,,,,,,False,,,,,,N/A,N/A,N/A,N/A,N/A,N/A,N/A,N/A,N/A,N/A,N/A,N/A,N/A,N/A,N/A,N/A,N/A,N/A,N/A,N/A,N/A,N/A,N/A
US.NVDA260819C245000,NVDA 260819 245.00C,2026-08-07 15:49:17,0.4,0.44,0.55,0.34,0.425,343.0,13563.0,0.0,False,N/A,100,0.01,US.NVDA,0.49,0.44,10.0,27.0,,,,,,,,49.412,0.39542274052000004,45.946,0.0,0.0,0.0,0.0,0.0,0.0,0,0.0,NORMAL,False,,,,,,,,,,,,,,,,,False,,N/A,,,,,,,,,,,,,,,,,,,N/A,,True,CALL,2026-08-19,245.0,100.0,72,36.663,9.573,0.077357601,0.010601723,0.054026265,-0.096532794,0.004673234,N/A,10,N/A,N/A,AMERICAN,100.0,N/A,False,,,,False,,,,False,,,,,,False,,,,,,N/A,N/A,N/A,N/A,N/A,N/A,N/A,N/A,N/A,N/A,N/A,N/A,N/A,N/A,N/A,N/A,N/A,N/A,N/A,N/A,N/A,N/A,N/A
US.NVDA260819P245000,NVDA 260819 245.00P,2026-08-07 09:30:00,26.3226,0.0,0.0,0.0,26.3226,0.0,0.0,0.0,False,N/A,100,0.05,US.NVDA,22.05,20.85,10.0,10.0,,,,,,,,0.0,0.0,0.0,0.0,0.0,0.0,0.0,0.0,0.0,0,0.0,NORMAL,False,,,,,,,,,,,,,,,,,False,,N/A,,,,,,,,,,,,,,,,,,,N/A,,True,PUT,2026-08-19,245.0,100.0,35,39.202,2.358,-0.91331418,0.011879155,0.058193901,-0.094495557,-0.040087844,N/A,10,N/A,N/A,AMERICAN,100.0,N/A,False,,,,False,,,,False,,,,,,False,,,,,,N/A,N/A,N/A,N/A,N/A,N/A,N/A,N/A,N/A,N/A,N/A,N/A,N/A,N/A,N/A,N/A,N/A,N/A,N/A,N/A,N/A,N/A,N/A
US.NVDA260819C250000,NVDA 260819 250.00C,2026-08-07 15:51:39,0.22,0.32,0.32,0.22,0.275,37.0,1009.0,0.0,False,N/A,100,0.01,US.NVDA,0.28,0.24,19.0,38.0,,,,,,,,36.364,0.2727027027,33.333,0.0,0.0,0.0,0.0,0.0,0.0,0,0.0,NORMAL,False,,,,,,,,,,,,,,,,,False,,N/A,,,,,,,,,,,,,,,,,,,N/A,,True,CALL,2026-08-19,250.0,100.0,127,38.019,11.725,0.04558228,0.006755992,0.035709351,-0.064536027,0.002757548,N/A,10,N/A,N/A,AMERICAN,100.0,N/A,False,,,,False,,,,False,,,,,,False,,,,,,N/A,N/A,N/A,N/A,N/A,N/A,N/A,N/A,N/A,N/A,N/A,N/A,N/A,N/A,N/A,N/A,N/A,N/A,N/A,N/A,N/A,N/A,N/A
US.NVDA260819P250000,NVDA 260819 250.00P,2026-08-07 09:30:00,31.1822,0.0,0.0,0.0,31.1822,0.0,0.0,0.0,False,N/A,100,0.05,US.NVDA,27.65,24.8,10.0,10.0,,,,,,,,0.0,0.0,0.0,0.0,0.0,0.0,0.0,0.0,0.0,0,0.0,NORMAL,False,,,,,,,,,,,,,,,,,False,,N/A,,,,,,,,,,,,,,,,,,,N/A,,True,PUT,2026-08-19,250.0,100.0,17,40.754,2.295,-0.949585136,0.008370817,0.037818215,-0.059189753,-0.034263695,N/A,10,N/A,N/A,AMERICAN,100.0,N/A,False,,,,False,,,,False,,,,,,False,,,,,,N/A,N/A,N/A,N/A,N/A,N/A,N/A,N/A,N/A,N/A,N/A,N/A,N/A,N/A,N/A,N/A,N/A,N/A,N/A,N/A,N/A,N/A,N/A
US.NVDA260819C255000,NVDA 260819 255.00C,2026-08-07 15:42:58,0.12,0.23,0.23,0.12,0.19,13.0,235.0,0.0,False,N/A,100,0.01,US.NVDA,0.17,0.14,14.0,20.0,,,,,,,,57.895,0.18076923076,17.647,0.0,0.0,0.0,0.0,0.0,0.0,0,0.0,NORMAL,False,,,,,,,,,,,,,,,,,False,,N/A,,,,,,,,,,,,,,,,,,,N/A,,True,CALL,2026-08-19,255.0,100.0,66,39.743,13.913,0.027906844,0.004323755,0.02389762,-0.044095756,0.001689414,N/A,10,N/A,N/A,AMERICAN,100.0,N/A,False,,,,False,,,,False,,,,,,False,,,,,,N/A,N/A,N/A,N/A,N/A,N/A,N/A,N/A,N/A,N/A,N/A,N/A,N/A,N/A,N/A,N/A,N/A,N/A,N/A,N/A,N/A,N/A,N/A
US.NVDA260819P255000,NVDA 260819 255.00P,2026-08-07 09:30:00,36.1062,0.0,0.0,0.0,36.1062,0.0,0.0,0.0,False,N/A,100,0.05,US.NVDA,32.6,29.7,10.0,10.0,,,,,,,,0.0,0.0,0.0,0.0,0.0,0.0,0.0,0.0,0.0,0,0.0,NORMAL,False,,,,,,,,,,,,,,,,,False,,N/A,,,,,,,,,,,,,,,,,,,N/A,,True,PUT,2026-08-19,255.0,100.0,0,44.086,2.262,-0.965546374,0.00631553,0.027496035,-0.044115216,-0.029895207,N/A,10,N/A,N/A,AMERICAN,100.0,N/A,False,,,,False,,,,False,,,,,,False,,,,,,N/A,N/A,N/A,N/A,N/A,N/A,N/A,N/A,N/A,N/A,N/A,N/A,N/A,N/A,N/A,N/A,N/A,N/A,N/A,N/A,N/A,N/A,N/A
US.NVDA260819C260000,NVDA 260819 260.00C,2026-08-07 15:49:29,0.1,0.12,0.12,0.08,0.135,178.0,1740.0,0.0,False,N/A,100,0.01,US.NVDA,0.11,0.08,8.0,80.0,,,,,,,,29.63,0.09775280898,81.818,0.0,0.0,0.0,0.0,0.0,0.0,0,0.0,NORMAL,False,,,,,,,,,,,,,,,,,False,,N/A,,,,,,,,,,,,,,,,,,,N/A,,True,CALL,2026-08-19,260.0,100.0,71,41.483,16.136,0.017404916,0.002781039,0.016050549,-0.030215423,0.001054117,N/A,10,N/A,N/A,AMERICAN,100.0,N/A,False,,,,False,,,,False,,,,,,False,,,,,,N/A,N/A,N/A,N/A,N/A,N/A,N/A,N/A,N/A,N/A,N/A,N/A,N/A,N/A,N/A,N/A,N/A,N/A,N/A,N/A,N/A,N/A,N/A
US.NVDA260819P260000,NVDA 260819 260.00P,2026-08-07 09:30:00,41.0608,0.0,0.0,0.0,41.0608,0.0,0.0,0.0,False,N/A,100,0.05,US.NVDA,37.55,34.7,10.0,10.0,,,,,,,,0.0,0.0,0.0,0.0,0.0,0.0,0.0,0.0,0.0,0,0.0,NORMAL,False,,,,,,,,,,,,,,,,,False,,N/A,,,,,,,,,,,,,,,,,,,N/A,,True,PUT,2026-08-19,260.0,100.0,0,48.364,2.241,-0.972595831,0.005077227,0.022619049,-0.038664657,-0.02780041,N/A,10,N/A,N/A,AMERICAN,100.0,N/A,False,,,,False,,,,False,,,,,,False,,,,,,N/A,N/A,N/A,N/A,N/A,N/A,N/A,N/A,N/A,N/A,N/A,N/A,N/A,N/A,N/A,N/A,N/A,N/A,N/A,N/A,N/A,N/A,N/A
US.NVDA260819C265000,NVDA 260819 265.00C,2026-08-07 14:01:38,0.07,0.07,0.07,0.07,0.09,15.0,105.0,0.0,False,N/A,100,0.01,US.NVDA,0.08,0.05,10.0,58.0,,,,,,,,0.0,0.07,70.588,0.0,0.0,0.0,0.0,0.0,0.0,0,0.0,NORMAL,False,,,,,,,,,,,,,,,,,False,,N/A,,,,,,,,,,,,,,,,,,,N/A,,True,CALL,2026-08-19,265.0,100.0,39,43.683,18.355,0.01182976,0.001893978,0.011514568,-0.022397845,0.000716342,N/A,10,N/A,N/A,AMERICAN,100.0,N/A,False,,,,False,,,,False,,,,,,False,,,,,,N/A,N/A,N/A,N/A,N/A,N/A,N/A,N/A,N/A,N/A,N/A,N/A,N/A,N/A,N/A,N/A,N/A,N/A,N/A,N/A,N/A,N/A,N/A
US.NVDA260819P265000,NVDA 260819 265.00P,2026-08-07 09:30:00,46.0289,0.0,0.0,0.0,46.0289,0.0,0.0,0.0,False,N/A,100,0.05,US.NVDA,42.55,39.6,11.0,12.0,,,,,,,,0.0,0.0,4.348,0.0,0.0,0.0,0.0,0.0,0.0,0,0.0,NORMAL,False,,,,,,,,,,,,,,,,,False,,N/A,,,,,,,,,,,,,,,,,,,N/A,,True,PUT,2026-08-19,265.0,100.0,0,50.578,2.227,-0.984017687,0.003979464,0.013966998,-0.022260571,-0.020375359,N/A,10,N/A,N/A,AMERICAN,100.0,N/A,False,,,,False,,,,False,,,,,,False,,,,,,N/A,N/A,N/A,N/A,N/A,N/A,N/A,N/A,N/A,N/A,N/A,N/A,N/A,N/A,N/A,N/A,N/A,N/A,N/A,N/A,N/A,N/A,N/A
US.NVDA260819C270000,NVDA 260819 270.00C,2026-08-07 12:59:47,0.07,0.07,0.07,0.07,0.07,10.0,70.0,0.0,False,N/A,100,0.01,US.NVDA,0.06,0.03,8.0,59.0,,,,,,,,0.0,0.07,76.119,0.0,0.0,0.0,0.0,0.0,0.0,0,0.0,NORMAL,False,,,,,,,,,,,,,,,,,False,,N/A,,,,,,,,,,,,,,,,,,,N/A,,True,CALL,2026-08-19,270.0,100.0,23,45.748,20.588,0.008140931,0.00130488,0.008311015,-0.01662405,0.000492893,N/A,10,N/A,N/A,AMERICAN,100.0,N/A,False,,,,False,,,,False,,,,,,False,,,,,,N/A,N/A,N/A,N/A,N/A,N/A,N/A,N/A,N/A,N/A,N/A,N/A,N/A,N/A,N/A,N/A,N/A,N/A,N/A,N/A,N/A,N/A,N/A
US.NVDA260819P270000,NVDA 260819 270.00P,2026-08-07 09:30:00,51.0175,0.0,0.0,0.0,51.0175,0.0,0.0,0.0,False,N/A,100,0.05,US.NVDA,47.5,44.7,3.0,10.0,,,,,,,,0.0,0.0,53.846,0.0,0.0,0.0,0.0,0.0,0.0,0,0.0,NORMAL,False,,,,,,,,,,,,,,,,,False,,N/A,,,,,,,,,,,,,,,,,,,N/A,,True,PUT,2026-08-19,270.0,100.0,0,56.951,2.222,-0.980419453,0.003588636,0.016903798,-0.032529484,-0.025088598,N/A,10,N/A,N/A,AMERICAN,100.0,N/A,False,,,,False,,,,False,,,,,,False,,,,,,N/A,N/A,N/A,N/A,N/A,N/A,N/A,N/A,N/A,N/A,N/A,N/A,N/A,N/A,N/A,N/A,N/A,N/A,N/A,N/A,N/A,N/A,N/A
US.NVDA260819C275000,NVDA 260819 275.00C,2026-08-07 13:46:21,0.05,0.05,0.05,0.03,0.055,41.0,182.0,0.0,False,N/A,100,0.01,US.NVDA,0.05,0.02,11.0,62.0,,,,,,,,36.364,0.0443902439,69.863,0.0,0.0,0.0,0.0,0.0,0.0,0,0.0,NORMAL,False,,,,,,,,,,,,,,,,,False,,N/A,,,,,,,,,,,,,,,,,,,N/A,,True,CALL,2026-08-19,275.0,100.0,8,48.257,22.812,0.006175277,0.000969377,0.006513973,-0.013557291,0.000373642,N/A,10,N/A,N/A,AMERICAN,100.0,N/A,False,,,,False,,,,False,,,,,,False,,,,,,N/A,N/A,N/A,N/A,N/A,N/A,N/A,N/A,N/A,N/A,N/A,N/A,N/A,N/A,N/A,N/A,N/A,N/A,N/A,N/A,N/A,N/A,N/A
US.NVDA260819P275000,NVDA 260819 275.00P,2026-08-07 09:30:00,56.0117,0.0,0.0,0.0,56.0117,0.0,0.0,0.0,False,N/A,100,0.05,US.NVDA,52.55,49.65,12.0,10.0,,,,,,,,0.0,0.0,-9.091,0.0,0.0,0.0,0.0,0.0,0.0,0,0.0,NORMAL,False,,,,,,,,,,,,,,,,,False,,N/A,,,,,,,,,,,,,,,,,,,N/A,,True,PUT,2026-08-19,275.0,100.0,0,61.618,2.219,-0.981646306,0.003151928,0.016006386,-0.033246044,-0.025292644,N/A,10,N/A,N/A,AMERICAN,100.0,N/A,False,,,,False,,,,False,,,,,,False,,,,,,N/A,N/A,N/A,N/A,N/A,N/A,N/A,N/A,N/A,N/A,N/A,N/A,N/A,N/A,N/A,N/A,N/A,N/A,N/A,N/A,N/A,N/A,N/A
US.NVDA260819C280000,NVDA 260819 280.00C,2026-08-07 09:30:00,0.04,0.0,0.0,0.0,0.04,0.0,0.0,0.0,False,N/A,100,0.01,US.NVDA,0.04,0.01,8.0,116.0,,,,,,,,0.0,0.0,87.097,0.0,0.0,0.0,0.0,0.0,0.0,0,0.0,NORMAL,False,,,,,,,,,,,,,,,,,False,,N/A,,,,,,,,,,,,,,,,,,,N/A,,True,CALL,2026-08-19,280.0,100.0,2,50.139,25.04,0.004385898,0.000688114,0.004805845,-0.010220882,0.000265335,N/A,10,N/A,N/A,AMERICAN,100.0,N/A,False,,,,False,,,,False,,,,,,False,,,,,,N/A,N/A,N/A,N/A,N/A,N/A,N/A,N/A,N/A,N/A,N/A,N/A,N/A,N/A,N/A,N/A,N/A,N/A,N/A,N/A,N/A,N/A,N/A
US.NVDA260819P280000,NVDA 260819 280.00P,2026-08-07 09:30:00,61.01,0.0,0.0,0.0,61.01,0.0,0.0,0.0,False,N/A,100,0.05,US.NVDA,57.55,54.65,12.0,10.0,,,,,,,,0.0,0.0,-9.091,0.0,0.0,0.0,0.0,0.0,0.0,0,0.0,NORMAL,False,,,,,,,,,,,,,,,,,False,,N/A,,,,,,,,,,,,,,,,,,,N/A,,True,PUT,2026-08-19,280.0,100.0,0,66.153,2.219,-0.982678542,0.00280586,0.015240915,-0.033901245,-0.025496231,N/A,10,N/A,N/A,AMERICAN,100.0,N/A,False,,,,False,,,,False,,,,,,False,,,,,,N/A,N/A,N/A,N/A,N/A,N/A,N/A,N/A,N/A,N/A,N/A,N/A,N/A,N/A,N/A,N/A,N/A,N/A,N/A,N/A,N/A,N/A,N/A
US.NVDA260819C285000,NVDA 260819 285.00C,2026-08-07 10:00:12,0.04,0.04,0.04,0.04,0.0303,1.0,4.0,0.0,False,N/A,100,0.01,US.NVDA,0.03,0.01,6.0,24.0,,,,,,,,0.0,0.04,60.0,0.0,0.0,0.0,0.0,0.0,0.0,0,0.0,NORMAL,False,,,,,,,,,,,,,,,,,False,,N/A,,,,,,,,,,,,,,,,,,,N/A,,True,CALL,2026-08-19,285.0,100.0,0,52.464,27.272,0.003430201,0.000527636,0.003856516,-0.008479177,0.000207393,N/A,10,N/A,N/A,AMERICAN,100.0,N/A,False,,,,False,,,,False,,,,,,False,,,,,,N/A,N/A,N/A,N/A,N/A,N/A,N/A,N/A,N/A,N/A,N/A,N/A,N/A,N/A,N/A,N/A,N/A,N/A,N/A,N/A,N/A,N/A,N/A
US.NVDA260819P285000,NVDA 260819 285.00P,2026-08-07 09:30:00,66.01,0.0,0.0,0.0,66.01,0.0,0.0,0.0,False,N/A,100,0.05,US.NVDA,62.5,59.7,10.0,10.0,,,,,,,,0.0,0.0,0.0,0.0,0.0,0.0,0.0,0.0,0.0,0,0.0,NORMAL,False,,,,,,,,,,,,,,,,,False,,N/A,,,,,,,,,,,,,,,,,,,N/A,,True,PUT,2026-08-19,285.0,100.0,0,70.568,2.219,-0.983559786,0.00252587,0.014579501,-0.034505931,-0.025699522,N/A,10,N/A,N/A,AMERICAN,100.0,N/A,False,,,,False,,,,False,,,,,,False,,,,,,N/A,N/A,N/A,N/A,N/A,N/A,N/A,N/A,N/A,N/A,N/A,N/A,N/A,N/A,N/A,N/A,N/A,N/A,N/A,N/A,N/A,N/A,N/A
US.NVDA260819C290000,NVDA 260819 290.00C,2026-08-07 09:30:00,0.0206,0.0,0.0,0.0,0.0206,0.0,0.0,0.0,False,N/A,100,0.01,US.NVDA,0.03,0.0,10.0,0.0,,,,,,,,0.0,0.0,-100.0,0.0,0.0,0.0,0.0,0.0,0.0,0,0.0,NORMAL,False,,,,,,,,,,,,,,,,,False,,N/A,,,,,,,,,,,,,,,,,,,N/A,,True,CALL,2026-08-19,290.0,100.0,1,55.995,29.496,0.003324596,0.000480662,0.003748864,-0.008779531,0.000200671,N/A,10,N/A,N/A,AMERICAN,100.0,N/A,False,,,,False,,,,False,,,,,,False,,,,,,N/A,N/A,N/A,N/A,N/A,N/A,N/A,N/A,N/A,N/A,N/A,N/A,N/A,N/A,N/A,N/A,N/A,N/A,N/A,N/A,N/A,N/A,N/A
US.NVDA260819P290000,NVDA 260819 290.00P,2026-08-07 09:30:00,71.01,0.0,0.0,0.0,71.01,0.0,0.0,0.0,False,N/A,100,0.05,US.NVDA,67.5,64.7,10.0,10.0,,,,,,,,0.0,0.0,0.0,0.0,0.0,0.0,0.0,0.0,0.0,0,0.0,NORMAL,False,,,,,,,,,,,,,,,,,False,,N/A,,,,,,,,,,,,,,,,,,,N/A,,True,PUT,2026-08-19,290.0,100.0,0,74.87,2.219,-0.984321889,0.002295352,0.014001332,-0.035066967,-0.025902003,N/A,10,N/A,N/A,AMERICAN,100.0,N/A,False,,,,False,,,,False,,,,,,False,,,,,,N/A,N/A,N/A,N/A,N/A,N/A,N/A,N/A,N/A,N/A,N/A,N/A,N/A,N/A,N/A,N/A,N/A,N/A,N/A,N/A,N/A,N/A,N/A
US.NVDA260819C295000,NVDA 260819 295.00C,2026-08-07 09:30:00,0.0116,0.0,0.0,0.0,0.0116,0.0,0.0,0.0,False,N/A,100,0.01,US.NVDA,0.03,0.0,24.0,0.0,,,,,,,,0.0,0.0,-100.0,0.0,0.0,0.0,0.0,0.0,0.0,0,0.0,NORMAL,False,,,,,,,,,,,,,,,,,False,,N/A,,,,,,,,,,,,,,,,,,,N/A,,True,CALL,2026-08-19,295.0,100.0,0,56.201,31.724,0.001948757,0.00029551,0.002314816,-0.005304704,0.000117758,N/A,10,N/A,N/A,AMERICAN,100.0,N/A,False,,,,False,,,,False,,,,,,False,,,,,,N/A,N/A,N/A,N/A,N/A,N/A,N/A,N/A,N/A,N/A,N/A,N/A,N/A,N/A,N/A,N/A,N/A,N/A,N/A,N/A,N/A,N/A,N/A
US.NVDA260819P295000,NVDA 260819 295.00P,2026-08-07 09:30:00,76.01,0.0,0.0,0.0,76.01,0.0,0.0,0.0,False,N/A,100,0.05,US.NVDA,72.55,69.65,19.0,10.0,,,,,,,,0.0,0.0,-31.034,0.0,0.0,0.0,0.0,0.0,0.0,0,0.0,NORMAL,False,,,,,,,,,,,,,,,,,False,,N/A,,,,,,,,,,,,,,,,,,,N/A,,True,PUT,2026-08-19,295.0,100.0,0,79.068,2.219,-0.984987608,0.002102745,0.013491408,-0.035591639,-0.026104043,N/A,10,N/A,N/A,AMERICAN,100.0,N/A,False,,,,False,,,,False,,,,,,False,,,,,,N/A,N/A,N/A,N/A,N/A,N/A,N/A,N/A,N/A,N/A,N/A,N/A,N/A,N/A,N/A,N/A,N/A,N/A,N/A,N/A,N/A,N/A,N/A
US.NVDA260819C300000,NVDA 260819 300.00C,2026-08-07 09:30:00,0.0065,0.0,0.0,0.0,0.0065,0.0,0.0,0.0,False,N/A,100,0.01,US.NVDA,0.02,0.0,6.0,0.0,,,,,,,,0.0,0.0,-100.0,0.0,0.0,0.0,0.0,0.0,0.0,0,0.0,NORMAL,False,,,,,,,,,,,,,,,,,False,,N/A,,,,,,,,,,,,,,,,,,,N/A,,True,CALL,2026-08-19,300.0,100.0,5,56.433,33.955,0.001132938,0.000179422,0.001412369,-0.00316729,6.8528e-05,N/A,10,N/A,N/A,AMERICAN,100.0,N/A,False,,,,False,,,,False,,,,,,False,,,,,,N/A,N/A,N/A,N/A,N/A,N/A,N/A,N/A,N/A,N/A,N/A,N/A,N/A,N/A,N/A,N/A,N/A,N/A,N/A,N/A,N/A,N/A,N/A
US.NVDA260819P300000,NVDA 260819 300.00P,2026-08-07 09:30:00,81.01,0.0,0.0,0.0,81.01,0.0,0.0,0.0,False,N/A,100,0.05,US.NVDA,77.55,74.65,19.0,10.0,,,,,,,,0.0,0.0,-31.034,0.0,0.0,0.0,0.0,0.0,0.0,0,0.0,NORMAL,False,,,,,,,,,,,,,,,,,False,,N/A,,,,,,,,,,,,,,,,,,,N/A,,True,PUT,2026-08-19,300.0,100.0,0,83.168,2.219,-0.985574503,0.001939751,0.013037932,-0.036084645,-0.026305471,N/A,10,N/A,N/A,AMERICAN,100.0,N/A,False,,,,False,,,,False,,,,,,False,,,,,,N/A,N/A,N/A,N/A,N/A,N/A,N/A,N/A,N/A,N/A,N/A,N/A,N/A,N/A,N/A,N/A,N/A,N/A,N/A,N/A,N/A,N/A,N/A
US.NVDA260819C310000,NVDA 260819 310.00C,2026-08-07 09:30:00,0.0019,0.0,0.0,0.0,0.0019,0.0,0.0,0.0,False,N/A,100,0.01,US.NVDA,0.02,0.0,8.0,0.0,,,,,,,,0.0,0.0,-100.0,0.0,0.0,0.0,0.0,0.0,0.0,0,0.0,NORMAL,False,,,,,,,,,,,,,,,,,False,,N/A,,,,,,,,,,,,,,,,,,,N/A,,True,CALL,2026-08-19,310.0,100.0,0,56.711,38.418,0.000356164,6.1358e-05,0.000486368,-0.001037544,2.1583e-05,N/A,10,N/A,N/A,AMERICAN,100.0,N/A,False,,,,False,,,,False,,,,,,False,,,,,,N/A,N/A,N/A,N/A,N/A,N/A,N/A,N/A,N/A,N/A,N/A,N/A,N/A,N/A,N/A,N/A,N/A,N/A,N/A,N/A,N/A,N/A,N/A
US.NVDA260819P310000,NVDA 260819 310.00P,2026-08-07 09:30:00,91.01,0.0,0.0,0.0,91.01,0.0,0.0,0.0,False,N/A,100,0.05,US.NVDA,87.55,84.7,17.0,10.0,,,,,,,,0.0,0.0,-25.926,0.0,0.0,0.0,0.0,0.0,0.0,0,0.0,NORMAL,False,,,,,,,,,,,,,,,,,False,,N/A,,,,,,,,,,,,,,,,,,,N/A,,True,PUT,2026-08-19,310.0,100.0,0,92.962,2.219,-0.983829394,0.001754729,0.014511171,-0.046724811,-0.030252411,N/A,10,N/A,N/A,AMERICAN,100.0,N/A,False,,,,False,,,,False,,,,,,False,,,,,,N/A,N/A,N/A,N/A,N/A,N/A,N/A,N/A,N/A,N/A,N/A,N/A,N/A,N/A,N/A,N/A,N/A,N/A,N/A,N/A,N/A,N/A,N/A
US.NVDA260819C320000,NVDA 260819 320.00C,2026-08-07 09:30:00,0.0005,0.0,0.0,0.0,0.0005,0.0,0.0,0.0,False,N/A,100,0.01,US.NVDA,0.02,0.0,10.0,0.0,,,,,,,,0.0,0.0,-100.0,0.0,0.0,0.0,0.0,0.0,0.0,0,0.0,NORMAL,False,,,,,,,,,,,,,,,,,False,,N/A,,,,,,,,,,,,,,,,,,,N/A,,True,CALL,2026-08-19,320.0,100.0,0,56.769,42.882,0.000100734,1.8829e-05,0.000149831,-0.000301436,6.114e-06,N/A,10,N/A,N/A,AMERICAN,100.0,N/A,False,,,,False,,,,False,,,,,,False,,,,,,N/A,N/A,N/A,N/A,N/A,N/A,N/A,N/A,N/A,N/A,N/A,N/A,N/A,N/A,N/A,N/A,N/A,N/A,N/A,N/A,N/A,N/A,N/A
US.NVDA260819P320000,NVDA 260819 320.00P,2026-08-07 09:30:00,101.01,0.0,0.0,0.0,101.01,0.0,0.0,0.0,False,N/A,100,0.05,US.NVDA,97.55,94.6,12.0,12.0,,,,,,,,0.0,0.0,0.0,0.0,0.0,0.0,0.0,0.0,0.0,0,0.0,NORMAL,False,,,,,,,,,,,,,,,,,False,,N/A,,,,,,,,,,,,,,,,,,,N/A,,True,PUT,2026-08-19,320.0,100.0,0,96.264,2.219,-0.990475238,0.001404986,0.008955806,-0.026092911,-0.022039472,N/A,10,N/A,N/A,AMERICAN,100.0,N/A,False,,,,False,,,,False,,,,,,False,,,,,,N/A,N/A,N/A,N/A,N/A,N/A,N/A,N/A,N/A,N/A,N/A,N/A,N/A,N/A,N/A,N/A,N/A,N/A,N/A,N/A,N/A,N/A,N/A
US.NVDA260819C330000,NVDA 260819 330.00C,2026-08-07 09:30:00,0.0001,0.0,0.0,0.0,0.0001,0.0,0.0,0.0,False,N/A,100,0.01,US.NVDA,0.02,0.0,7.0,0.0,,,,,,,,0.0,0.0,-100.0,0.0,0.0,0.0,0.0,0.0,0.0,0,0.0,NORMAL,False,,,,,,,,,,,,,,,,,False,,N/A,,,,,,,,,,,,,,,,,,,N/A,,True,CALL,2026-08-19,330.0,100.0,0,56.184,47.347,2.1962e-05,4.515e-06,3.5722e-05,-6.622e-05,1.335e-06,N/A,10,N/A,N/A,AMERICAN,100.0,N/A,False,,,,False,,,,False,,,,,,False,,,,,,N/A,N/A,N/A,N/A,N/A,N/A,N/A,N/A,N/A,N/A,N/A,N/A,N/A,N/A,N/A,N/A,N/A,N/A,N/A,N/A,N/A,N/A,N/A
US.NVDA260819P330000,NVDA 260819 330.00P,2026-08-07 09:30:00,111.01,0.0,0.0,0.0,111.01,0.0,0.0,0.0,False,N/A,100,0.05,US.NVDA,107.55,104.65,12.0,10.0,,,,,,,,0.0,0.0,-9.091,0.0,0.0,0.0,0.0,0.0,0.0,0,0.0,NORMAL,False,,,,,,,,,,,,,,,,,False,,N/A,,,,,,,,,,,,,,,,,,,N/A,,True,PUT,2026-08-19,330.0,100.0,0,105.988,2.219,-0.988025755,0.001328325,0.0111006,-0.038555885,-0.027496893,N/A,10,N/A,N/A,AMERICAN,100.0,N/A,False,,,,False,,,,False,,,,,,False,,,,,,N/A,N/A,N/A,N/A,N/A,N/A,N/A,N/A,N/A,N/A,N/A,N/A,N/A,N/A,N/A,N/A,N/A,N/A,N/A,N/A,N/A,N/A,N/A
US.NVDA260819C340000,NVDA 260819 340.00C,2026-08-07 09:30:00,0.0001,0.0,0.0,0.0,0.0001,0.0,0.0,0.0,False,N/A,100,0.01,US.NVDA,0.02,0.0,6.0,0.0,,,,,,,,0.0,0.0,-100.0,0.0,0.0,0.0,0.0,0.0,0.0,0,0.0,NORMAL,False,,,,,,,,,,,,,,,,,False,,N/A,,,,,,,,,,,,,,,,,,,N/A,,True,CALL,2026-08-19,340.0,100.0,0,60.253,51.812,2.057e-05,3.957e-06,3.3523e-05,-6.6494e-05,1.249e-06,N/A,10,N/A,N/A,AMERICAN,100.0,N/A,False,,,,False,,,,False,,,,,,False,,,,,,N/A,N/A,N/A,N/A,N/A,N/A,N/A,N/A,N/A,N/A,N/A,N/A,N/A,N/A,N/A,N/A,N/A,N/A,N/A,N/A,N/A,N/A,N/A
US.NVDA260819P340000,NVDA 260819 340.00P,2026-08-07 09:30:00,121.01,0.0,0.0,0.0,121.01,0.0,0.0,0.0,False,N/A,100,0.05,US.NVDA,117.55,114.6,12.0,12.0,,,,,,,,0.0,0.0,0.0,0.0,0.0,0.0,0.0,0.0,0.0,0,0.0,NORMAL,False,,,,,,,,,,,,,,,,,False,,N/A,,,,,,,,,,,,,,,,,,,N/A,,True,PUT,2026-08-19,340.0,100.0,0,110.359,2.219,-0.991402625,0.001140993,0.008186956,-0.026970866,-0.022636858,N/A,10,N/A,N/A,AMERICAN,100.0,N/A,False,,,,False,,,,False,,,,,,False,,,,,,N/A,N/A,N/A,N/A,N/A,N/A,N/A,N/A,N/A,N/A,N/A,N/A,N/A,N/A,N/A,N/A,N/A,N/A,N/A,N/A,N/A,N/A,N/A
US.NVDA260819C350000,NVDA 260819 350.00C,2026-08-06 09:30:00,0.0001,0.0,0.0,0.0,0.0001,0.0,0.0,0.0,False,N/A,100,0.01,US.NVDA,0.02,0.0,6.0,0.0,,,,,,,,0.0,0.0,-100.0,0.0,0.0,0.0,0.0,0.0,0.0,0,0.0,NORMAL,False,,,,,,,,,,,,,,,,,False,,N/A,,,,,,,,,,,,,,,,,,,N/A,,True,CALL,2026-08-19,350.0,100.0,0,64.185,56.277,1.9389e-05,3.512e-06,3.1657e-05,-6.6744e-05,1.175e-06,N/A,10,N/A,N/A,AMERICAN,100.0,N/A,False,,,,False,,,,False,,,,,,False,,,,,,N/A,N/A,N/A,N/A,N/A,N/A,N/A,N/A,N/A,N/A,N/A,N/A,N/A,N/A,N/A,N/A,N/A,N/A,N/A,N/A,N/A,N/A,N/A
US.NVDA260819P350000,NVDA 260819 350.00P,2026-08-07 09:30:00,131.01,0.0,0.0,0.0,131.01,0.0,0.0,0.0,False,N/A,100,0.05,US.NVDA,127.55,124.7,17.0,10.0,,,,,,,,0.0,0.0,-25.926,0.0,0.0,0.0,0.0,0.0,0.0,0,0.0,NORMAL,False,,,,,,,,,,,,,,,,,False,,N/A,,,,,,,,,,,,,,,,,,,N/A,,True,PUT,2026-08-19,350.0,100.0,0,122.015,2.219,-0.98681368,0.00115527,0.012169373,-0.0505706,-0.032116593,N/A,10,N/A,N/A,AMERICAN,100.0,N/A,False,,,,False,,,,False,,,,,,False,,,,,,N/A,N/A,N/A,N/A,N/A,N/A,N/A,N/A,N/A,N/A,N/A,N/A,N/A,N/A,N/A,N/A,N/A,N/A,N/A,N/A,N/A,N/A,N/A
US.NVDA260819C360000,NVDA 260819 360.00C,2026-08-06 09:30:00,0.0001,0.0,0.0,0.0,0.0001,0.0,0.0,0.0,False,N/A,100,0.01,US.NVDA,0.02,0.0,6.0,0.0,,,,,,,,0.0,0.0,-100.0,0.0,0.0,0.0,0.0,0.0,0.0,0,0.0,NORMAL,False,,,,,,,,,,,,,,,,,False,,N/A,,,,,,,,,,,,,,,,,,,N/A,,True,CALL,2026-08-19,360.0,100.0,0,67.991,60.742,1.8373e-05,3.15e-06,3.0051e-05,-6.6974e-05,1.112e-06,N/A,10,N/A,N/A,AMERICAN,100.0,N/A,False,,,,False,,,,False,,,,,,False,,,,,,N/A,N/A,N/A,N/A,N/A,N/A,N/A,N/A,N/A,N/A,N/A,N/A,N/A,N/A,N/A,N/A,N/A,N/A,N/A,N/A,N/A,N/A,N/A
US.NVDA260819P360000,NVDA 260819 360.00P,2026-08-07 09:30:00,141.01,0.0,0.0,0.0,141.01,0.0,0.0,0.0,False,N/A,100,0.05,US.NVDA,137.55,134.6,12.0,12.0,,,,,,,,0.0,0.0,0.0,0.0,0.0,0.0,0.0,0.0,0.0,0,0.0,NORMAL,False,,,,,,,,,,,,,,,,,False,,N/A,,,,,,,,,,,,,,,,,,,N/A,,True,PUT,2026-08-19,360.0,100.0,0,123.48,2.219,-0.992075326,0.000966285,0.007619246,-0.027716193,-0.023223944,N/A,10,N/A,N/A,AMERICAN,100.0,N/A,False,,,,False,,,,False,,,,,,False,,,,,,N/A,N/A,N/A,N/A,N/A,N/A,N/A,N/A,N/A,N/A,N/A,N/A,N/A,N/A,N/A,N/A,N/A,N/A,N/A,N/A,N/A,N/A,N/A
US.NVDA260819C370000,NVDA 260819 370.00C,2026-08-06 09:30:00,0.0001,0.0,0.0,0.0,0.0001,0.0,0.0,0.0,False,N/A,100,0.01,US.NVDA,0.02,0.0,8.0,0.0,,,,,,,,0.0,0.0,-100.0,0.0,0.0,0.0,0.0,0.0,0.0,0,0.0,NORMAL,False,,,,,,,,,,,,,,,,,False,,N/A,,,,,,,,,,,,,,,,,,,N/A,,True,CALL,2026-08-19,370.0,100.0,0,71.678,65.208,1.7489e-05,2.851e-06,2.8655e-05,-6.7186e-05,1.057e-06,N/A,10,N/A,N/A,AMERICAN,100.0,N/A,False,,,,False,,,,False,,,,,,False,,,,,,N/A,N/A,N/A,N/A,N/A,N/A,N/A,N/A,N/A,N/A,N/A,N/A,N/A,N/A,N/A,N/A,N/A,N/A,N/A,N/A,N/A,N/A,N/A
US.NVDA260819P370000,NVDA 260819 370.00P,2026-08-07 09:30:00,151.01,0.0,0.0,0.0,151.01,0.0,0.0,0.0,False,N/A,100,0.05,US.NVDA,147.55,144.65,12.0,10.0,,,,,,,,0.0,0.0,-9.091,0.0,0.0,0.0,0.0,0.0,0.0,0,0.0,NORMAL,False,,,,,,,,,,,,,,,,,False,,N/A,,,,,,,,,,,,,,,,,,,N/A,,True,PUT,2026-08-19,370.0,100.0,0,132.66,2.219,-0.989828034,0.000950473,0.009625272,-0.041046352,-0.029032062,N/A,10,N/A,N/A,AMERICAN,100.0,N/A,False,,,,False,,,,False,,,,,,False,,,,,,N/A,N/A,N/A,N/A,N/A,N/A,N/A,N/A,N/A,N/A,N/A,N/A,N/A,N/A,N/A,N/A,N/A,N/A,N/A,N/A,N/A,N/A,N/A
US.NVDA260819C380000,NVDA 260819 380.00C,2026-08-06 09:30:00,0.0001,0.0,0.0,0.0,0.0001,0.0,0.0,0.0,False,N/A,100,0.01,US.NVDA,0.01,0.0,6.0,0.0,,,,,,,,0.0,0.0,-100.0,0.0,0.0,0.0,0.0,0.0,0.0,0,0.0,NORMAL,False,,,,,,,,,,,,,,,,,False,,N/A,,,,,,,,,,,,,,,,,,,N/A,,True,CALL,2026-08-19,380.0,100.0,0,75.254,69.673,1.6713e-05,2.601e-06,2.7426e-05,-6.7382e-05,1.009e-06,N/A,10,N/A,N/A,AMERICAN,100.0,N/A,False,,,,False,,,,False,,,,,,False,,,,,,N/A,N/A,N/A,N/A,N/A,N/A,N/A,N/A,N/A,N/A,N/A,N/A,N/A,N/A,N/A,N/A,N/A,N/A,N/A,N/A,N/A,N/A,N/A
US.NVDA260819P380000,NVDA 260819 380.00P,2026-08-07 09:30:00,161.01,0.0,0.0,0.0,161.01,0.0,0.0,0.0,False,N/A,100,0.05,US.NVDA,157.55,154.6,12.0,12.0,,,,,,,,0.0,0.0,0.0,0.0,0.0,0.0,0.0,0.0,0.0,0,0.0,NORMAL,False,,,,,,,,,,,,,,,,,False,,N/A,,,,,,,,,,,,,,,,,,,N/A,,True,PUT,2026-08-19,380.0,100.0,0,135.769,2.219,-0.992585827,0.000843119,0.007182184,-0.02836391,-0.023799854,N/A,10,N/A,N/A,AMERICAN,100.0,N/A,False,,,,False,,,,False,,,,,,False,,,,,,N/A,N/A,N/A,N/A,N/A,N/A,N/A,N/A,N/A,N/A,N/A,N/A,N/A,N/A,N/A,N/A,N/A,N/A,N/A,N/A,N/A,N/A,N/A
US.NVDA260819C390000,NVDA 260819 390.00C,2026-08-06 09:30:00,0.0001,0.0,0.0,0.0,0.0001,0.0,0.0,0.0,False,N/A,100,0.01,US.NVDA,0.01,0.0,6.0,0.0,,,,,,,,0.0,0.0,-100.0,0.0,0.0,0.0,0.0,0.0,0.0,0,0.0,NORMAL,False,,,,,,,,,,,,,,,,,False,,N/A,,,,,,,,,,,,,,,,,,,N/A,,True,CALL,2026-08-19,390.0,100.0,0,78.725,74.138,1.6025e-05,2.389e-06,2.6338e-05,-6.7566e-05,9.67e-07,N/A,10,N/A,N/A,AMERICAN,100.0,N/A,False,,,,False,,,,False,,,,,,False,,,,,,N/A,N/A,N/A,N/A,N/A,N/A,N/A,N/A,N/A,N/A,N/A,N/A,N/A,N/A,N/A,N/A,N/A,N/A,N/A,N/A,N/A,N/A,N/A
US.NVDA260819P390000,NVDA 260819 390.00P,2026-08-07 09:30:00,171.01,0.0,0.0,0.0,171.01,0.0,0.0,0.0,False,N/A,100,0.05,US.NVDA,167.55,164.6,12.0,12.0,,,,,,,,0.0,0.0,0.0,0.0,0.0,0.0,0.0,0.0,0.0,0,0.0,NORMAL,False,,,,,,,,,,,,,,,,,False,,N/A,,,,,,,,,,,,,,,,,,,N/A,,True,PUT,2026-08-19,390.0,100.0,0,141.636,2.219,-0.992797611,0.000794423,0.006999144,-0.028658035,-0.024083322,N/A,10,N/A,N/A,AMERICAN,100.0,N/A,False,,,,False,,,,False,,,,,,False,,,,,,N/A,N/A,N/A,N/A,N/A,N/A,N/A,N/A,N/A,N/A,N/A,N/A,N/A,N/A,N/A,N/A,N/A,N/A,N/A,N/A,N/A,N/A,N/A
US.NVDA260821C2500,NVDA 260821 2.50C,2026-08-07 09:30:00,216.49,0.0,0.0,0.0,216.49,0.0,0.0,0.0,False,N/A,100,0.05,US.NVDA,224.2,216.85,1.0,2.0,,,,,,,,0.0,0.0,33.333,0.0,0.0,0.0,0.0,0.0,0.0,0,0.0,NORMAL,False,,,,,,,,,,,,,,,,,False,,N/A,,,,,,,,,,,,,,,,,,,N/A,,True,CALL,2026-08-21,2.5,100.0,35,0.0,-2.219,0.0,0.0,0.0,0.0,0.0,N/A,12,N/A,N/A,AMERICAN,100.0,N/A,False,,,,False,,,,False,,,,,,False,,,,,,N/A,N/A,N/A,N/A,N/A,N/A,N/A,N/A,N/A,N/A,N/A,N/A,N/A,N/A,N/A,N/A,N/A,N/A,N/A,N/A,N/A,N/A,N/A
US.NVDA260821P2500,NVDA 260821 2.50P,2026-06-22 09:30:00,0.0001,0.0,0.0,0.0,0.0001,0.0,0.0,0.0,False,N/A,100,0.01,US.NVDA,0.01,0.0,1084.0,0.0,,,,,,,,0.0,0.0,-100.0,0.0,0.0,0.0,0.0,0.0,0.0,0,0.0,NORMAL,False,,,,,,,,,,,,,,,,,False,,N/A,,,,,,,,,,,,,,,,,,,N/A,,True,PUT,2026-08-21,2.5,100.0,0,599.827,98.883,-1.589e-06,3.1e-08,3.162e-06,-5.7163e-05,9.8e-07,N/A,12,N/A,N/A,AMERICAN,100.0,N/A,False,,,,False,,,,False,,,,,,False,,,,,,N/A,N/A,N/A,N/A,N/A,N/A,N/A,N/A,N/A,N/A,N/A,N/A,N/A,N/A,N/A,N/A,N/A,N/A,N/A,N/A,N/A,N/A,N/A
US.NVDA260821C5000,NVDA 260821 5.00C,2026-08-07 10:19:44,216.93,216.9,216.95,216.9,213.99,10.0,216925.0,0.0,False,N/A,100,0.05,US.NVDA,221.85,214.35,1.0,1.0,,,,,,,,0.023,216.925,0.0,0.0,0.0,0.0,0.0,0.0,0.0,0,0.0,NORMAL,False,,,,,,,,,,,,,,,,,False,,N/A,,,,,,,,,,,,,,,,,,,N/A,,True,CALL,2026-08-21,5.0,100.0,702,0.0,-0.906,0.0,0.0,0.0,0.0,0.0,N/A,12,N/A,N/A,AMERICAN,100.0,N/A,False,,,,False,,,,False,,,,,,False,,,,,,N/A,N/A,N/A,N/A,N/A,N/A,N/A,N/A,N/A,N/A,N/A,N/A,N/A,N/A,N/A,N/A,N/A,N/A,N/A,N/A,N/A,N/A,N/A
US.NVDA260821P5000,NVDA 260821 5.00P,2026-08-06 09:30:00,0.0001,0.0,0.0,0.0,0.0001,0.0,0.0,0.0,False,N/A,100,0.01,US.NVDA,0.01,0.0,1000.0,0.0,,,,,,,,0.0,0.0,-100.0,0.0,0.0,0.0,0.0,0.0,0.0,0,0.0,NORMAL,False,,,,,,,,,,,,,,,,,False,,N/A,,,,,,,,,,,,,,,,,,,N/A,,True,PUT,2026-08-21,5.0,100.0,3101,501.558,97.767,-1.951e-06,4.5e-08,3.851e-06,-5.7794e-05,1.243e-06,N/A,12,N/A,N/A,AMERICAN,100.0,N/A,False,,,,False,,,,False,,,,,,False,,,,,,N/A,N/A,N/A,N/A,N/A,N/A,N/A,N/A,N/A,N/A,N/A,N/A,N/A,N/A,N/A,N/A,N/A,N/A,N/A,N/A,N/A,N/A,N/A
US.NVDA260821C7500,NVDA 260821 7.50C,2026-08-07 09:30:00,211.49,0.0,0.0,0.0,211.49,0.0,0.0,0.0,False,N/A,100,0.05,US.NVDA,219.4,211.95,1.0,1.0,,,,,,,,0.0,0.0,0.0,0.0,0.0,0.0,0.0,0.0,0.0,0,0.0,NORMAL,False,,,,,,,,,,,,,,,,,False,,N/A,,,,,,,,,,,,,,,,,,,N/A,,True,CALL,2026-08-21,7.5,100.0,0,0.0,-2.219,0.0,0.0,0.0,0.0,0.0,N/A,12,N/A,N/A,AMERICAN,100.0,N/A,False,,,,False,,,,False,,,,,,False,,,,,,N/A,N/A,N/A,N/A,N/A,N/A,N/A,N/A,N/A,N/A,N/A,N/A,N/A,N/A,N/A,N/A,N/A,N/A,N/A,N/A,N/A,N/A,N/A
US.NVDA260821P7500,NVDA 260821 7.50P,2026-06-25 09:30:00,0.0001,0.0,0.0,0.0,0.0001,0.0,0.0,0.0,False,N/A,100,0.01,US.NVDA,0.01,0.0,1078.0,0.0,,,,,,,,0.0,0.0,-100.0,0.0,0.0,0.0,0.0,0.0,0.0,0,0.0,NORMAL,False,,,,,,,,,,,,,,,,,False,,N/A,,,,,,,,,,,,,,,,,,,N/A,,True,PUT,2026-08-21,7.5,100.0,0,445.52,96.651,-2.226e-06,5.8e-08,4.37e-06,-5.8061e-05,1.42e-06,N/A,12,N/A,N/A,AMERICAN,100.0,N/A,False,,,,False,,,,False,,,,,,False,,,,,,N/A,N/A,N/A,N/A,N/A,N/A,N/A,N/A,N/A,N/A,N/A,N/A,N/A,N/A,N/A,N/A,N/A,N/A,N/A,N/A,N/A,N/A,N/A
US.NVDA260821C10000,NVDA 260821 10.00C,2026-08-07 09:30:00,208.99,0.0,0.0,0.0,208.99,0.0,0.0,0.0,False,N/A,100,0.05,US.NVDA,216.75,209.45,1.0,1.0,,,,,,,,0.0,0.0,0.0,0.0,0.0,0.0,0.0,0.0,0.0,0,0.0,NORMAL,False,,,,,,,,,,,,,,,,,False,,N/A,,,,,,,,,,,,,,,,,,,N/A,,True,CALL,2026-08-21,10.0,100.0,30,0.0,-2.219,0.0,0.0,0.0,0.0,0.0,N/A,12,N/A,N/A,AMERICAN,100.0,N/A,False,,,,False,,,,False,,,,,,False,,,,,,N/A,N/A,N/A,N/A,N/A,N/A,N/A,N/A,N/A,N/A,N/A,N/A,N/A,N/A,N/A,N/A,N/A,N/A,N/A,N/A,N/A,N/A,N/A
US.NVDA260821P10000,NVDA 260821 10.00P,2026-07-08 09:30:00,0.0001,0.0,0.0,0.0,0.0001,0.0,0.0,0.0,False,N/A,100,0.01,US.NVDA,0.01,0.0,1072.0,0.0,,,,,,,,0.0,0.0,-100.0,0.0,0.0,0.0,0.0,0.0,0.0,0,0.0,NORMAL,False,,,,,,,,,,,,,,,,,False,,N/A,,,,,,,,,,,,,,,,,,,N/A,,True,PUT,2026-08-21,10.0,100.0,79,406.346,95.534,-2.461e-06,7e-08,4.812e-06,-5.8199e-05,1.56e-06,N/A,12,N/A,N/A,AMERICAN,100.0,N/A,False,,,,False,,,,False,,,,,,False,,,,,,N/A,N/A,N/A,N/A,N/A,N/A,N/A,N/A,N/A,N/A,N/A,N/A,N/A,N/A,N/A,N/A,N/A,N/A,N/A,N/A,N/A,N/A,N/A
US.NVDA260821C12500,NVDA 260821 12.50C,2026-08-07 09:30:00,206.49,0.0,0.0,0.0,206.49,0.0,0.0,0.0,False,N/A,100,0.05,US.NVDA,214.15,208.25,1.0,1.0,,,,,,,,0.0,0.0,0.0,0.0,0.0,0.0,0.0,0.0,0.0,0,0.0,NORMAL,False,,,,,,,,,,,,,,,,,False,,N/A,,,,,,,,,,,,,,,,,,,N/A,,True,CALL,2026-08-21,12.5,100.0,0,0.0,-2.219,0.0,0.0,0.0,0.0,0.0,N/A,12,N/A,N/A,AMERICAN,100.0,N/A,False,,,,False,,,,False,,,,,,False,,,,,,N/A,N/A,N/A,N/A,N/A,N/A,N/A,N/A,N/A,N/A,N/A,N/A,N/A,N/A,N/A,N/A,N/A,N/A,N/A,N/A,N/A,N/A,N/A
US.NVDA260821P12500,NVDA 260821 12.50P,2026-08-06 09:30:00,0.0001,0.0,0.0,0.0,0.0001,0.0,0.0,0.0,False,N/A,100,0.01,US.NVDA,0.01,0.0,1066.0,0.0,,,,,,,,0.0,0.0,-100.0,0.0,0.0,0.0,0.0,0.0,0.0,0,0.0,NORMAL,False,,,,,,,,,,,,,,,,,False,,N/A,,,,,,,,,,,,,,,,,,,N/A,,True,PUT,2026-08-21,12.5,100.0,200,376.272,94.418,-2.674e-06,8.2e-08,5.209e-06,-5.8272e-05,1.679e-06,N/A,12,N/A,N/A,AMERICAN,100.0,N/A,False,,,,False,,,,False,,,,,,False,,,,,,N/A,N/A,N/A,N/A,N/A,N/A,N/A,N/A,N/A,N/A,N/A,N/A,N/A,N/A,N/A,N/A,N/A,N/A,N/A,N/A,N/A,N/A,N/A
US.NVDA260821C15000,NVDA 260821 15.00C,2026-08-07 09:30:00,203.99,0.0,0.0,0.0,203.99,0.0,0.0,0.0,False,N/A,100,0.05,US.NVDA,211.75,204.35,1.0,1.0,,,,,,,,0.0,0.0,0.0,0.0,0.0,0.0,0.0,0.0,0.0,0,0.0,NORMAL,False,,,,,,,,,,,,,,,,,False,,N/A,,,,,,,,,,,,,,,,,,,N/A,,True,CALL,2026-08-21,15.0,100.0,25,0.0,-2.219,0.0,0.0,0.0,0.0,0.0,N/A,12,N/A,N/A,AMERICAN,100.0,N/A,False,,,,False,,,,False,,,,,,False,,,,,,N/A,N/A,N/A,N/A,N/A,N/A,N/A,N/A,N/A,N/A,N/A,N/A,N/A,N/A,N/A,N/A,N/A,N/A,N/A,N/A,N/A,N/A,N/A
US.NVDA260821P15000,NVDA 260821 15.00P,2026-08-06 09:30:00,0.0001,0.0,0.0,0.0,0.0001,0.0,0.0,0.0,False,N/A,100,0.01,US.NVDA,0.01,0.0,1060.0,0.0,,,,,,,,0.0,0.0,-100.0,0.0,0.0,0.0,0.0,0.0,0.0,0,0.0,NORMAL,False,,,,,,,,,,,,,,,,,False,,N/A,,,,,,,,,,,,,,,,,,,N/A,,True,PUT,2026-08-21,15.0,100.0,2205,351.889,93.302,-2.871e-06,9.3e-08,5.578e-06,-5.8307e-05,1.783e-06,N/A,12,N/A,N/A,AMERICAN,100.0,N/A,False,,,,False,,,,False,,,,,,False,,,,,,N/A,N/A,N/A,N/A,N/A,N/A,N/A,N/A,N/A,N/A,N/A,N/A,N/A,N/A,N/A,N/A,N/A,N/A,N/A,N/A,N/A,N/A,N/A
US.NVDA260821C17500,NVDA 260821 17.50C,2026-08-07 09:30:00,201.49,0.0,0.0,0.0,201.49,0.0,0.0,0.0,False,N/A,100,0.05,US.NVDA,209.4,203.25,1.0,1.0,,,,,,,,0.0,0.0,0.0,0.0,0.0,0.0,0.0,0.0,0.0,0,0.0,NORMAL,False,,,,,,,,,,,,,,,,,False,,N/A,,,,,,,,,,,,,,,,,,,N/A,,True,CALL,2026-08-21,17.5,100.0,60,0.0,-2.219,0.0,0.0,0.0,0.0,0.0,N/A,12,N/A,N/A,AMERICAN,100.0,N/A,False,,,,False,,,,False,,,,,,False,,,,,,N/A,N/A,N/A,N/A,N/A,N/A,N/A,N/A,N/A,N/A,N/A,N/A,N/A,N/A,N/A,N/A,N/A,N/A,N/A,N/A,N/A,N/A,N/A
US.NVDA260821P17500,NVDA 260821 17.50P,2026-07-08 09:30:00,0.0001,0.0,0.0,0.0,0.0001,0.0,0.0,0.0,False,N/A,100,0.01,US.NVDA,0.01,0.0,13.0,0.0,,,,,,,,0.0,0.0,-100.0,0.0,0.0,0.0,0.0,0.0,0.0,0,0.0,NORMAL,False,,,,,,,,,,,,,,,,,False,,N/A,,,,,,,,,,,,,,,,,,,N/A,,True,PUT,2026-08-21,17.5,100.0,0,331.401,92.186,-3.059e-06,1.05e-07,5.926e-06,-5.8317e-05,1.877e-06,N/A,12,N/A,N/A,AMERICAN,100.0,N/A,False,,,,False,,,,False,,,,,,False,,,,,,N/A,N/A,N/A,N/A,N/A,N/A,N/A,N/A,N/A,N/A,N/A,N/A,N/A,N/A,N/A,N/A,N/A,N/A,N/A,N/A,N/A,N/A,N/A
US.NVDA260821C20000,NVDA 260821 20.00C,2026-08-07 09:30:00,198.99,0.0,0.0,0.0,198.99,0.0,0.0,0.0,False,N/A,100,0.05,US.NVDA,206.8,199.4,1.0,1.0,,,,,,,,0.0,0.0,0.0,0.0,0.0,0.0,0.0,0.0,0.0,0,0.0,NORMAL,False,,,,,,,,,,,,,,,,,False,,N/A,,,,,,,,,,,,,,,,,,,N/A,,True,CALL,2026-08-21,20.0,100.0,15,0.0,-2.219,0.0,0.0,0.0,0.0,0.0,N/A,12,N/A,N/A,AMERICAN,100.0,N/A,False,,,,False,,,,False,,,,,,False,,,,,,N/A,N/A,N/A,N/A,N/A,N/A,N/A,N/A,N/A,N/A,N/A,N/A,N/A,N/A,N/A,N/A,N/A,N/A,N/A,N/A,N/A,N/A,N/A
US.NVDA260821P20000,NVDA 260821 20.00P,2026-07-09 09:30:00,0.0001,0.0,0.0,0.0,0.0001,0.0,0.0,0.0,False,N/A,100,0.01,US.NVDA,0.01,0.0,1054.0,0.0,,,,,,,,0.0,0.0,-100.0,0.0,0.0,0.0,0.0,0.0,0.0,0,0.0,NORMAL,False,,,,,,,,,,,,,,,,,False,,N/A,,,,,,,,,,,,,,,,,,,N/A,,True,PUT,2026-08-21,20.0,100.0,6,313.743,91.069,-3.24e-06,1.18e-07,6.26e-06,-5.831e-05,1.965e-06,N/A,12,N/A,N/A,AMERICAN,100.0,N/A,False,,,,False,,,,False,,,,,,False,,,,,,N/A,N/A,N/A,N/A,N/A,N/A,N/A,N/A,N/A,N/A,N/A,N/A,N/A,N/A,N/A,N/A,N/A,N/A,N/A,N/A,N/A,N/A,N/A
US.NVDA260821C22500,NVDA 260821 22.50C,2026-08-07 09:30:00,196.49,0.0,0.0,0.0,196.49,0.0,0.0,0.0,False,N/A,100,0.05,US.NVDA,204.45,198.25,1.0,1.0,,,,,,,,0.0,0.0,0.0,0.0,0.0,0.0,0.0,0.0,0.0,0,0.0,NORMAL,False,,,,,,,,,,,,,,,,,False,,N/A,,,,,,,,,,,,,,,,,,,N/A,,True,CALL,2026-08-21,22.5,100.0,0,0.0,-2.219,0.0,0.0,0.0,0.0,0.0,N/A,12,N/A,N/A,AMERICAN,100.0,N/A,False,,,,False,,,,False,,,,,,False,,,,,,N/A,N/A,N/A,N/A,N/A,N/A,N/A,N/A,N/A,N/A,N/A,N/A,N/A,N/A,N/A,N/A,N/A,N/A,N/A,N/A,N/A,N/A,N/A
US.NVDA260821P22500,NVDA 260821 22.50P,2026-07-09 09:30:00,0.0001,0.0,0.0,0.0,0.0001,0.0,0.0,0.0,False,N/A,100,0.01,US.NVDA,0.01,0.0,16.0,0.0,,,,,,,,0.0,0.0,-100.0,0.0,0.0,0.0,0.0,0.0,0.0,0,0.0,NORMAL,False,,,,,,,,,,,,,,,,,False,,N/A,,,,,,,,,,,,,,,,,,,N/A,,True,PUT,2026-08-21,22.5,100.0,0,298.233,89.953,-3.415e-06,1.3e-07,6.584e-06,-5.829e-05,2.046e-06,N/A,12,N/A,N/A,AMERICAN,100.0,N/A,False,,,,False,,,,False,,,,,,False,,,,,,N/A,N/A,N/A,N/A,N/A,N/A,N/A,N/A,N/A,N/A,N/A,N/A,N/A,N/A,N/A,N/A,N/A,N/A,N/A,N/A,N/A,N/A,N/A
US.NVDA260821C25000,NVDA 260821 25.00C,2026-08-07 09:30:00,193.99,0.0,0.0,0.0,193.99,0.0,0.0,0.0,False,N/A,100,0.05,US.NVDA,201.8,194.4,1.0,1.0,,,,,,,,0.0,0.0,0.0,0.0,0.0,0.0,0.0,0.0,0.0,0,0.0,NORMAL,False,,,,,,,,,,,,,,,,,False,,N/A,,,,,,,,,,,,,,,,,,,N/A,,True,CALL,2026-08-21,25.0,100.0,41,0.0,-2.219,0.0,0.0,0.0,0.0,0.0,N/A,12,N/A,N/A,AMERICAN,100.0,N/A,False,,,,False,,,,False,,,,,,False,,,,,,N/A,N/A,N/A,N/A,N/A,N/A,N/A,N/A,N/A,N/A,N/A,N/A,N/A,N/A,N/A,N/A,N/A,N/A,N/A,N/A,N/A,N/A,N/A
US.NVDA260821P25000,NVDA 260821 25.00P,2026-07-13 09:30:00,0.0001,0.0,0.0,0.0,0.0001,0.0,0.0,0.0,False,N/A,100,0.01,US.NVDA,0.01,0.0,1042.0,0.0,,,,,,,,0.0,0.0,-100.0,0.0,0.0,0.0,0.0,0.0,0.0,0,0.0,NORMAL,False,,,,,,,,,,,,,,,,,False,,N/A,,,,,,,,,,,,,,,,,,,N/A,,True,PUT,2026-08-21,25.0,100.0,2051,284.409,88.837,-3.587e-06,1.43e-07,6.9e-06,-5.826e-05,2.124e-06,N/A,12,N/A,N/A,AMERICAN,100.0,N/A,False,,,,False,,,,False,,,,,,False,,,,,,N/A,N/A,N/A,N/A,N/A,N/A,N/A,N/A,N/A,N/A,N/A,N/A,N/A,N/A,N/A,N/A,N/A,N/A,N/A,N/A,N/A,N/A,N/A
US.NVDA260821C30000,NVDA 260821 30.00C,2026-08-07 09:30:00,188.9943,0.0,0.0,0.0,188.9943,0.0,0.0,0.0,False,N/A,100,0.05,US.NVDA,196.9,190.85,1.0,1.0,,,,,,,,0.0,0.0,0.0,0.0,0.0,0.0,0.0,0.0,0.0,0,0.0,NORMAL,False,,,,,,,,,,,,,,,,,False,,N/A,,,,,,,,,,,,,,,,,,,N/A,,True,CALL,2026-08-21,30.0,100.0,22,0.0,-2.217,0.0,0.0,0.0,0.0,0.0,N/A,12,N/A,N/A,AMERICAN,100.0,N/A,False,,,,False,,,,False,,,,,,False,,,,,,N/A,N/A,N/A,N/A,N/A,N/A,N/A,N/A,N/A,N/A,N/A,N/A,N/A,N/A,N/A,N/A,N/A,N/A,N/A,N/A,N/A,N/A,N/A
US.NVDA260821P30000,NVDA 260821 30.00P,2026-07-21 09:30:00,0.0001,0.0,0.0,0.0,0.0001,0.0,0.0,0.0,False,N/A,100,0.01,US.NVDA,0.01,0.0,1039.0,0.0,,,,,,,,0.0,0.0,-100.0,0.0,0.0,0.0,0.0,0.0,0.0,0,0.0,NORMAL,False,,,,,,,,,,,,,,,,,False,,N/A,,,,,,,,,,,,,,,,,,,N/A,,True,PUT,2026-08-21,30.0,100.0,1166,260.594,86.604,-3.923e-06,1.7e-07,7.517e-06,-5.8179e-05,2.269e-06,N/A,12,N/A,N/A,AMERICAN,100.0,N/A,False,,,,False,,,,False,,,,,,False,,,,,,N/A,N/A,N/A,N/A,N/A,N/A,N/A,N/A,N/A,N/A,N/A,N/A,N/A,N/A,N/A,N/A,N/A,N/A,N/A,N/A,N/A,N/A,N/A
US.NVDA260821C35000,NVDA 260821 35.00C,2026-08-07 09:30:00,184.0019,0.0,0.0,0.0,184.0019,0.0,0.0,0.0,False,N/A,100,0.05,US.NVDA,191.8,184.4,1.0,1.0,,,,,,,,0.0,0.0,0.0,0.0,0.0,0.0,0.0,0.0,0.0,0,0.0,NORMAL,False,,,,,,,,,,,,,,,,,False,,N/A,,,,,,,,,,,,,,,,,,,N/A,,True,CALL,2026-08-21,35.0,100.0,76,0.0,-2.214,0.0,0.0,0.0,0.0,0.0,N/A,12,N/A,N/A,AMERICAN,100.0,N/A,False,,,,False,,,,False,,,,,,False,,,,,,N/A,N/A,N/A,N/A,N/A,N/A,N/A,N/A,N/A,N/A,N/A,N/A,N/A,N/A,N/A,N/A,N/A,N/A,N/A,N/A,N/A,N/A,N/A
US.NVDA260821P35000,NVDA 260821 35.00P,2026-07-29 09:30:00,0.0001,0.0,0.0,0.0,0.0001,0.0,0.0,0.0,False,N/A,100,0.01,US.NVDA,0.01,0.0,12.0,0.0,,,,,,,,0.0,0.0,-100.0,0.0,0.0,0.0,0.0,0.0,0.0,0,0.0,NORMAL,False,,,,,,,,,,,,,,,,,False,,N/A,,,,,,,,,,,,,,,,,,,N/A,,True,PUT,2026-08-21,35.0,100.0,9301,240.556,84.372,-4.255e-06,1.99e-07,8.124e-06,-5.8076e-05,2.406e-06,N/A,12,N/A,N/A,AMERICAN,100.0,N/A,False,,,,False,,,,False,,,,,,False,,,,,,N/A,N/A,N/A,N/A,N/A,N/A,N/A,N/A,N/A,N/A,N/A,N/A,N/A,N/A,N/A,N/A,N/A,N/A,N/A,N/A,N/A,N/A,N/A
US.NVDA260821C40000,NVDA 260821 40.00C,2026-08-07 09:30:00,179.0095,0.0,0.0,0.0,179.0095,0.0,0.0,0.0,False,N/A,100,0.05,US.NVDA,186.8,179.6,1.0,1.0,,,,,,,,0.0,0.0,0.0,0.0,0.0,0.0,0.0,0.0,0.0,0,0.0,NORMAL,False,,,,,,,,,,,,,,,,,False,,N/A,,,,,,,,,,,,,,,,,,,N/A,,True,CALL,2026-08-21,40.0,100.0,11,0.0,-2.21,0.0,0.0,0.0,0.0,0.0,N/A,12,N/A,N/A,AMERICAN,100.0,N/A,False,,,,False,,,,False,,,,,,False,,,,,,N/A,N/A,N/A,N/A,N/A,N/A,N/A,N/A,N/A,N/A,N/A,N/A,N/A,N/A,N/A,N/A,N/A,N/A,N/A,N/A,N/A,N/A,N/A
US.NVDA260821P40000,NVDA 260821 40.00P,2026-07-29 09:30:00,0.0001,0.0,0.0,0.0,0.0001,0.0,0.0,0.0,False,N/A,100,0.01,US.NVDA,0.01,0.0,5.0,0.0,,,,,,,,0.0,0.0,-100.0,0.0,0.0,0.0,0.0,0.0,0.0,0,0.0,NORMAL,False,,,,,,,,,,,,,,,,,False,,N/A,,,,,,,,,,,,,,,,,,,N/A,,True,PUT,2026-08-21,40.0,100.0,1285,223.264,82.139,-4.587e-06,2.3e-07,8.728e-06,-5.7957e-05,2.538e-06,N/A,12,N/A,N/A,AMERICAN,100.0,N/A,False,,,,False,,,,False,,,,,,False,,,,,,N/A,N/A,N/A,N/A,N/A,N/A,N/A,N/A,N/A,N/A,N/A,N/A,N/A,N/A,N/A,N/A,N/A,N/A,N/A,N/A,N/A,N/A,N/A
US.NVDA260821C45000,NVDA 260821 45.00C,2026-08-07 09:30:00,174.017,0.0,0.0,0.0,174.017,0.0,0.0,0.0,False,N/A,100,0.05,US.NVDA,180.7,177.25,5.0,5.0,,,,,,,,0.0,0.0,0.0,0.0,0.0,0.0,0.0,0.0,0.0,0,0.0,NORMAL,False,,,,,,,,,,,,,,,,,False,,N/A,,,,,,,,,,,,,,,,,,,N/A,,True,CALL,2026-08-21,45.0,100.0,30,0.0,-2.207,0.0,0.0,0.0,0.0,0.0,N/A,12,N/A,N/A,AMERICAN,100.0,N/A,False,,,,False,,,,False,,,,,,False,,,,,,N/A,N/A,N/A,N/A,N/A,N/A,N/A,N/A,N/A,N/A,N/A,N/A,N/A,N/A,N/A,N/A,N/A,N/A,N/A,N/A,N/A,N/A,N/A
US.NVDA260821P45000,NVDA 260821 45.00P,2026-07-29 09:30:00,0.0001,0.0,0.0,0.0,0.0001,0.0,0.0,0.0,False,N/A,100,0.01,US.NVDA,0.01,0.0,5.0,0.0,,,,,,,,0.0,0.0,-100.0,0.0,0.0,0.0,0.0,0.0,0.0,0,0.0,NORMAL,False,,,,,,,,,,,,,,,,,False,,N/A,,,,,,,,,,,,,,,,,,,N/A,,True,PUT,2026-08-21,45.0,100.0,948,208.059,79.907,-4.922e-06,2.64e-07,9.335e-06,-5.7825e-05,2.666e-06,N/A,12,N/A,N/A,AMERICAN,100.0,N/A,False,,,,False,,,,False,,,,,,False,,,,,,N/A,N/A,N/A,N/A,N/A,N/A,N/A,N/A,N/A,N/A,N/A,N/A,N/A,N/A,N/A,N/A,N/A,N/A,N/A,N/A,N/A,N/A,N/A
US.NVDA260821C50000,NVDA 260821 50.00C,2026-08-07 09:30:00,169.0246,0.0,0.0,0.0,169.0246,0.0,0.0,0.0,False,N/A,100,0.05,US.NVDA,175.75,172.25,2.0,1.0,,,,,,,,0.0,0.0,-33.333,0.0,0.0,0.0,0.0,0.0,0.0,0,0.0,NORMAL,False,,,,,,,,,,,,,,,,,False,,N/A,,,,,,,,,,,,,,,,,,,N/A,,True,CALL,2026-08-21,50.0,100.0,645,0.0,-2.203,0.0,0.0,0.0,0.0,0.0,N/A,12,N/A,N/A,AMERICAN,100.0,N/A,False,,,,False,,,,False,,,,,,False,,,,,,N/A,N/A,N/A,N/A,N/A,N/A,N/A,N/A,N/A,N/A,N/A,N/A,N/A,N/A,N/A,N/A,N/A,N/A,N/A,N/A,N/A,N/A,N/A
US.NVDA260821P50000,NVDA 260821 50.00P,2026-08-03 09:30:00,0.0001,0.0,0.0,0.0,0.0001,0.0,0.0,0.0,False,N/A,100,0.01,US.NVDA,0.01,0.0,10.0,0.0,,,,,,,,0.0,0.0,-100.0,0.0,0.0,0.0,0.0,0.0,0.0,0,0.0,NORMAL,False,,,,,,,,,,,,,,,,,False,,N/A,,,,,,,,,,,,,,,,,,,N/A,,True,PUT,2026-08-21,50.0,100.0,1274,194.492,77.674,-5.262e-06,3e-07,9.951e-06,-5.7682e-05,2.792e-06,N/A,12,N/A,N/A,AMERICAN,100.0,N/A,False,,,,False,,,,False,,,,,,False,,,,,,N/A,N/A,N/A,N/A,N/A,N/A,N/A,N/A,N/A,N/A,N/A,N/A,N/A,N/A,N/A,N/A,N/A,N/A,N/A,N/A,N/A,N/A,N/A
US.NVDA260821C55000,NVDA 260821 55.00C,2026-08-07 09:30:00,164.0322,0.0,0.0,0.0,164.0322,0.0,0.0,0.0,False,N/A,100,0.05,US.NVDA,170.7,167.25,5.0,5.0,,,,,,,,0.0,0.0,0.0,0.0,0.0,0.0,0.0,0.0,0.0,0,0.0,NORMAL,False,,,,,,,,,,,,,,,,,False,,N/A,,,,,,,,,,,,,,,,,,,N/A,,True,CALL,2026-08-21,55.0,100.0,69,0.0,-2.2,0.0,0.0,0.0,0.0,0.0,N/A,12,N/A,N/A,AMERICAN,100.0,N/A,False,,,,False,,,,False,,,,,,False,,,,,,N/A,N/A,N/A,N/A,N/A,N/A,N/A,N/A,N/A,N/A,N/A,N/A,N/A,N/A,N/A,N/A,N/A,N/A,N/A,N/A,N/A,N/A,N/A
US.NVDA260821P55000,NVDA 260821 55.00P,2026-08-05 09:30:00,0.0001,0.0,0.0,0.0,0.0001,0.0,0.0,0.0,False,N/A,100,0.01,US.NVDA,0.01,0.0,10.0,0.0,,,,,,,,0.0,0.0,-100.0,0.0,0.0,0.0,0.0,0.0,0.0,0,0.0,NORMAL,False,,,,,,,,,,,,,,,,,False,,N/A,,,,,,,,,,,,,,,,,,,N/A,,True,PUT,2026-08-21,55.0,100.0,369,182.243,75.442,-5.611e-06,3.41e-07,1.0579e-05,-5.7529e-05,2.917e-06,N/A,12,N/A,N/A,AMERICAN,100.0,N/A,False,,,,False,,,,False,,,,,,False,,,,,,N/A,N/A,N/A,N/A,N/A,N/A,N/A,N/A,N/A,N/A,N/A,N/A,N/A,N/A,N/A,N/A,N/A,N/A,N/A,N/A,N/A,N/A,N/A
US.NVDA260821C60000,NVDA 260821 60.00C,2026-08-07 09:30:00,159.0397,0.0,0.0,0.0,159.0397,0.0,0.0,0.0,False,N/A,100,0.05,US.NVDA,165.75,162.3,5.0,5.0,,,,,,,,0.0,0.0,0.0,0.0,0.0,0.0,0.0,0.0,0.0,0,0.0,NORMAL,False,,,,,,,,,,,,,,,,,False,,N/A,,,,,,,,,,,,,,,,,,,N/A,,True,CALL,2026-08-21,60.0,100.0,75,0.0,-2.197,0.0,0.0,0.0,0.0,0.0,N/A,12,N/A,N/A,AMERICAN,100.0,N/A,False,,,,False,,,,False,,,,,,False,,,,,,N/A,N/A,N/A,N/A,N/A,N/A,N/A,N/A,N/A,N/A,N/A,N/A,N/A,N/A,N/A,N/A,N/A,N/A,N/A,N/A,N/A,N/A,N/A
US.NVDA260821P60000,NVDA 260821 60.00P,2026-08-07 15:58:45,0.01,0.01,0.01,0.01,0.0001,1785.0,1785.0,0.0,False,N/A,100,0.01,US.NVDA,0.01,0.0,8.0,0.0,,,,,,,,0.0,0.01,-100.0,0.0,0.0,0.0,0.0,0.0,0.0,0,0.0,NORMAL,False,,,,,,,,,,,,,,,,,False,,N/A,,,,,,,,,,,,,,,,,,,N/A,,True,PUT,2026-08-21,60.0,100.0,3175,228.57,73.213,-0.000371079,1.4439e-05,0.000550262,-0.004290631,-1.4243e-05,N/A,12,N/A,N/A,AMERICAN,100.0,N/A,False,,,,False,,,,False,,,,,,False,,,,,,N/A,N/A,N/A,N/A,N/A,N/A,N/A,N/A,N/A,N/A,N/A,N/A,N/A,N/A,N/A,N/A,N/A,N/A,N/A,N/A,N/A,N/A,N/A
US.NVDA260821C65000,NVDA 260821 65.00C,2026-08-07 09:30:00,154.0473,0.0,0.0,0.0,154.0473,0.0,0.0,0.0,False,N/A,100,0.05,US.NVDA,160.75,157.3,5.0,5.0,,,,,,,,0.0,0.0,0.0,0.0,0.0,0.0,0.0,0.0,0.0,0,0.0,NORMAL,False,,,,,,,,,,,,,,,,,False,,N/A,,,,,,,,,,,,,,,,,,,N/A,,True,CALL,2026-08-21,65.0,100.0,37,0.0,-2.193,0.0,0.0,0.0,0.0,0.0,N/A,12,N/A,N/A,AMERICAN,100.0,N/A,False,,,,False,,,,False,,,,,,False,,,,,,N/A,N/A,N/A,N/A,N/A,N/A,N/A,N/A,N/A,N/A,N/A,N/A,N/A,N/A,N/A,N/A,N/A,N/A,N/A,N/A,N/A,N/A,N/A
US.NVDA260821P65000,NVDA 260821 65.00P,2026-08-05 09:30:00,0.0001,0.0,0.0,0.0,0.0001,0.0,0.0,0.0,False,N/A,100,0.01,US.NVDA,0.01,0.0,1.0,0.0,,,,,,,,0.0,0.0,-100.0,0.0,0.0,0.0,0.0,0.0,0.0,0,0.0,NORMAL,False,,,,,,,,,,,,,,,,,False,,N/A,,,,,,,,,,,,,,,,,,,N/A,,True,PUT,2026-08-21,65.0,100.0,2280,160.823,70.976,-6.339e-06,4.33e-07,1.1887e-05,-5.7196e-05,3.17e-06,N/A,12,N/A,N/A,AMERICAN,100.0,N/A,False,,,,False,,,,False,,,,,,False,,,,,,N/A,N/A,N/A,N/A,N/A,N/A,N/A,N/A,N/A,N/A,N/A,N/A,N/A,N/A,N/A,N/A,N/A,N/A,N/A,N/A,N/A,N/A,N/A
US.NVDA260821C70000,NVDA 260821 70.00C,2026-08-07 15:54:38,153.2,152.53,153.2,152.53,149.0549,11.0,168453.0,0.0,False,N/A,100,0.05,US.NVDA,155.7,152.3,52.0,72.0,,,,,,,,0.449,153.13909090909,16.129,0.0,0.0,0.0,0.0,0.0,0.0,0,0.0,NORMAL,False,,,,,,,,,,,,,,,,,False,,N/A,,,,,,,,,,,,,,,,,,,N/A,,True,CALL,2026-08-21,70.0,100.0,187,0.0,-0.339,0.0,0.0,0.0,0.0,0.0,N/A,12,N/A,N/A,AMERICAN,100.0,N/A,False,,,,False,,,,False,,,,,,False,,,,,,N/A,N/A,N/A,N/A,N/A,N/A,N/A,N/A,N/A,N/A,N/A,N/A,N/A,N/A,N/A,N/A,N/A,N/A,N/A,N/A,N/A,N/A,N/A
US.NVDA260821P70000,NVDA 260821 70.00P,2026-08-05 09:30:00,0.0001,0.0,0.0,0.0,0.0001,0.0,0.0,0.0,False,N/A,100,0.01,US.NVDA,0.02,0.0,29.0,0.0,,,,,,,,0.0,0.0,-100.0,0.0,0.0,0.0,0.0,0.0,0.0,0,0.0,NORMAL,False,,,,,,,,,,,,,,,,,False,,N/A,,,,,,,,,,,,,,,,,,,N/A,,True,PUT,2026-08-21,70.0,100.0,2681,151.337,68.744,-6.723e-06,4.86e-07,1.2574e-05,-5.7015e-05,3.298e-06,N/A,12,N/A,N/A,AMERICAN,100.0,N/A,False,,,,False,,,,False,,,,,,False,,,,,,N/A,N/A,N/A,N/A,N/A,N/A,N/A,N/A,N/A,N/A,N/A,N/A,N/A,N/A,N/A,N/A,N/A,N/A,N/A,N/A,N/A,N/A,N/A
US.NVDA260821C75000,NVDA 260821 75.00C,2026-08-07 11:49:33,149.55,147.52,149.55,147.52,144.0624,11.0,164302.0,0.0,False,N/A,100,0.05,US.NVDA,150.75,147.25,1.0,2.0,,,,,,,,1.409,149.36545454545,33.333,0.0,0.0,0.0,0.0,0.0,0.0,0,0.0,NORMAL,False,,,,,,,,,,,,,,,,,False,,N/A,,,,,,,,,,,,,,,,,,,N/A,,True,CALL,2026-08-21,75.0,100.0,60,0.0,0.263,0.0,0.0,0.0,0.0,0.0,N/A,12,N/A,N/A,AMERICAN,100.0,N/A,False,,,,False,,,,False,,,,,,False,,,,,,N/A,N/A,N/A,N/A,N/A,N/A,N/A,N/A,N/A,N/A,N/A,N/A,N/A,N/A,N/A,N/A,N/A,N/A,N/A,N/A,N/A,N/A,N/A
US.NVDA260821P75000,NVDA 260821 75.00P,2026-08-06 09:30:00,0.0001,0.0,0.0,0.0,0.0001,0.0,0.0,0.0,False,N/A,100,0.01,US.NVDA,0.02,0.0,16.0,0.0,,,,,,,,0.0,0.0,-100.0,0.0,0.0,0.0,0.0,0.0,0.0,0,0.0,NORMAL,False,,,,,,,,,,,,,,,,,False,,N/A,,,,,,,,,,,,,,,,,,,N/A,,True,PUT,2026-08-21,75.0,100.0,712,142.513,66.511,-7.124e-06,5.45e-07,1.3288e-05,-5.6826e-05,3.43e-06,N/A,12,N/A,N/A,AMERICAN,100.0,N/A,False,,,,False,,,,False,,,,,,False,,,,,,N/A,N/A,N/A,N/A,N/A,N/A,N/A,N/A,N/A,N/A,N/A,N/A,N/A,N/A,N/A,N/A,N/A,N/A,N/A,N/A,N/A,N/A,N/A
US.NVDA260821C80000,NVDA 260821 80.00C,2026-08-07 15:47:01,142.9,142.9,142.9,142.9,139.07,5.0,71450.0,0.0,False,N/A,100,0.05,US.NVDA,145.0,142.3,1.0,5.0,,,,,,,,0.0,142.9,66.667,0.0,0.0,0.0,0.0,0.0,0.0,0,0.0,NORMAL,False,,,,,,,,,,,,,,,,,False,,N/A,,,,,,,,,,,,,,,,,,,N/A,,True,CALL,2026-08-21,80.0,100.0,30,0.0,-0.473,0.0,0.0,0.0,0.0,0.0,N/A,12,N/A,N/A,AMERICAN,100.0,N/A,False,,,,False,,,,False,,,,,,False,,,,,,N/A,N/A,N/A,N/A,N/A,N/A,N/A,N/A,N/A,N/A,N/A,N/A,N/A,N/A,N/A,N/A,N/A,N/A,N/A,N/A,N/A,N/A,N/A
US.NVDA260821P80000,NVDA 260821 80.00P,2026-08-06 09:30:00,0.0001,0.0,0.0,0.0,0.0001,0.0,0.0,0.0,False,N/A,100,0.01,US.NVDA,0.02,0.0,16.0,0.0,,,,,,,,0.0,0.0,-100.0,0.0,0.0,0.0,0.0,0.0,0.0,0,0.0,NORMAL,False,,,,,,,,,,,,,,,,,False,,N/A,,,,,,,,,,,,,,,,,,,N/A,,True,PUT,2026-08-21,80.0,100.0,2198,134.263,64.279,-7.542e-06,6.1e-07,1.4032e-05,-5.6627e-05,3.565e-06,N/A,12,N/A,N/A,AMERICAN,100.0,N/A,False,,,,False,,,,False,,,,,,False,,,,,,N/A,N/A,N/A,N/A,N/A,N/A,N/A,N/A,N/A,N/A,N/A,N/A,N/A,N/A,N/A,N/A,N/A,N/A,N/A,N/A,N/A,N/A,N/A
US.NVDA260821C85000,NVDA 260821 85.00C,2026-08-07 09:30:00,134.0776,0.0,0.0,0.0,134.0776,0.0,0.0,0.0,False,N/A,100,0.05,US.NVDA,140.8,137.3,2.0,1.0,,,,,,,,0.0,0.0,-33.333,0.0,0.0,0.0,0.0,0.0,0.0,0,0.0,NORMAL,False,,,,,,,,,,,,,,,,,False,,N/A,,,,,,,,,,,,,,,,,,,N/A,,True,CALL,2026-08-21,85.0,100.0,63,0.0,-2.18,0.0,0.0,0.0,0.0,0.0,N/A,12,N/A,N/A,AMERICAN,100.0,N/A,False,,,,False,,,,False,,,,,,False,,,,,,N/A,N/A,N/A,N/A,N/A,N/A,N/A,N/A,N/A,N/A,N/A,N/A,N/A,N/A,N/A,N/A,N/A,N/A,N/A,N/A,N/A,N/A,N/A
US.NVDA260821P85000,NVDA 260821 85.00P,2026-08-07 15:25:47,0.01,0.01,0.01,0.01,0.0001,168.0,168.0,0.0,False,N/A,100,0.01,US.NVDA,0.02,0.0,16.0,0.0,,,,,,,,0.0,0.01,-100.0,0.0,0.0,0.0,0.0,0.0,0.0,0,0.0,NORMAL,False,,,,,,,,,,,,,,,,,False,,N/A,,,,,,,,,,,,,,,,,,,N/A,,True,PUT,2026-08-21,85.0,100.0,2035,169.844,62.051,-0.000502803,2.575e-05,0.000729366,-0.004239613,-2.0661e-05,N/A,12,N/A,N/A,AMERICAN,100.0,N/A,False,,,,False,,,,False,,,,,,False,,,,,,N/A,N/A,N/A,N/A,N/A,N/A,N/A,N/A,N/A,N/A,N/A,N/A,N/A,N/A,N/A,N/A,N/A,N/A,N/A,N/A,N/A,N/A,N/A
US.NVDA260821C90000,NVDA 260821 90.00C,2026-08-07 09:30:00,129.0851,0.0,0.0,0.0,129.0851,0.0,0.0,0.0,False,N/A,100,0.05,US.NVDA,135.7,132.35,41.0,68.0,,,,,,,,0.0,0.0,24.771,0.0,0.0,0.0,0.0,0.0,0.0,0,0.0,NORMAL,False,,,,,,,,,,,,,,,,,False,,N/A,,,,,,,,,,,,,,,,,,,N/A,,True,CALL,2026-08-21,90.0,100.0,242,0.0,-2.176,0.0,0.0,0.0,0.0,0.0,N/A,12,N/A,N/A,AMERICAN,100.0,N/A,False,,,,False,,,,False,,,,,,False,,,,,,N/A,N/A,N/A,N/A,N/A,N/A,N/A,N/A,N/A,N/A,N/A,N/A,N/A,N/A,N/A,N/A,N/A,N/A,N/A,N/A,N/A,N/A,N/A
US.NVDA260821P90000,NVDA 260821 90.00P,2026-08-07 15:19:36,0.01,0.01,0.02,0.01,0.0001,80.0,110.0,0.0,False,N/A,100,0.01,US.NVDA,0.02,0.0,14.0,0.0,,,,,,,,10000.0,0.01375,-100.0,0.0,0.0,0.0,0.0,0.0,0.0,0,0.0,NORMAL,False,,,,,,,,,,,,,,,,,False,,N/A,,,,,,,,,,,,,,,,,,,N/A,,True,PUT,2026-08-21,90.0,100.0,1843,160.233,59.818,-0.000533174,2.8815e-05,0.000770067,-0.004226479,-2.2156e-05,N/A,12,N/A,N/A,AMERICAN,100.0,N/A,False,,,,False,,,,False,,,,,,False,,,,,,N/A,N/A,N/A,N/A,N/A,N/A,N/A,N/A,N/A,N/A,N/A,N/A,N/A,N/A,N/A,N/A,N/A,N/A,N/A,N/A,N/A,N/A,N/A
US.NVDA260821C95000,NVDA 260821 95.00C,2026-08-07 11:56:24,129.45,126.97,129.45,126.97,124.0927,6.0,76440.0,0.0,False,N/A,100,0.05,US.NVDA,130.75,127.35,79.0,90.0,,,,,,,,1.999,127.4,6.509,0.0,0.0,0.0,0.0,0.0,0.0,0,0.0,NORMAL,False,,,,,,,,,,,,,,,,,False,,N/A,,,,,,,,,,,,,,,,,,,N/A,,True,CALL,2026-08-21,95.0,100.0,153,0.0,0.218,0.0,0.0,0.0,0.0,0.0,N/A,12,N/A,N/A,AMERICAN,100.0,N/A,False,,,,False,,,,False,,,,,,False,,,,,,N/A,N/A,N/A,N/A,N/A,N/A,N/A,N/A,N/A,N/A,N/A,N/A,N/A,N/A,N/A,N/A,N/A,N/A,N/A,N/A,N/A,N/A,N/A
US.NVDA260821P95000,NVDA 260821 95.00P,2026-08-07 15:55:01,0.01,0.01,0.01,0.01,0.0001,98.0,98.0,0.0,False,N/A,100,0.01,US.NVDA,0.02,0.0,19.0,0.0,,,,,,,,0.0,0.01,-100.0,0.0,0.0,0.0,0.0,0.0,0.0,0,0.0,NORMAL,False,,,,,,,,,,,,,,,,,False,,N/A,,,,,,,,,,,,,,,,,,,N/A,,True,PUT,2026-08-21,95.0,100.0,3785,151.144,57.586,-0.000565315,3.2246e-05,0.000812928,-0.004212417,-2.3743e-05,N/A,12,N/A,N/A,AMERICAN,100.0,N/A,False,,,,False,,,,False,,,,,,False,,,,,,N/A,N/A,N/A,N/A,N/A,N/A,N/A,N/A,N/A,N/A,N/A,N/A,N/A,N/A,N/A,N/A,N/A,N/A,N/A,N/A,N/A,N/A,N/A
US.NVDA260821C100000,NVDA 260821 100.00C,2026-08-07 11:08:25,123.83,122.5,123.83,122.49,119.1004,3.0,36882.0,0.0,False,N/A,100,0.05,US.NVDA,125.75,122.45,39.0,62.0,,,,,,,,1.125,122.94,22.772,0.0,0.0,0.0,0.0,0.0,0.0,0,0.0,NORMAL,False,,,,,,,,,,,,,,,,,False,,N/A,,,,,,,,,,,,,,,,,,,N/A,,True,CALL,2026-08-21,100.0,100.0,2197,145.362,-0.058,0.99926764,4.2625e-05,0.001032194,-0.015686616,0.033096151,N/A,12,N/A,N/A,AMERICAN,100.0,N/A,False,,,,False,,,,False,,,,,,False,,,,,,N/A,N/A,N/A,N/A,N/A,N/A,N/A,N/A,N/A,N/A,N/A,N/A,N/A,N/A,N/A,N/A,N/A,N/A,N/A,N/A,N/A,N/A,N/A
US.NVDA260821P100000,NVDA 260821 100.00P,2026-08-07 15:19:35,0.01,0.01,0.01,0.01,0.0001,47.0,47.0,0.0,False,N/A,100,0.01,US.NVDA,0.02,0.0,14.0,0.0,,,,,,,,0.0,0.01,-100.0,0.0,0.0,0.0,0.0,0.0,0.0,0,0.0,NORMAL,False,,,,,,,,,,,,,,,,,False,,N/A,,,,,,,,,,,,,,,,,,,N/A,,True,PUT,2026-08-21,100.0,100.0,16957,142.519,55.353,-0.000599448,3.61e-05,0.000858219,-0.004197376,-2.5431e-05,N/A,12,N/A,N/A,AMERICAN,100.0,N/A,False,,,,False,,,,False,,,,,,False,,,,,,N/A,N/A,N/A,N/A,N/A,N/A,N/A,N/A,N/A,N/A,N/A,N/A,N/A,N/A,N/A,N/A,N/A,N/A,N/A,N/A,N/A,N/A,N/A
US.NVDA260821C105000,NVDA 260821 105.00C,2026-08-07 11:27:47,119.53,119.53,119.53,119.53,114.1081,5.0,59765.0,0.0,False,N/A,100,0.05,US.NVDA,120.75,117.35,60.0,114.0,,,,,,,,0.0,119.53,31.034,0.0,0.0,0.0,0.0,0.0,0.0,0,0.0,NORMAL,False,,,,,,,,,,,,,,,,,False,,N/A,,,,,,,,,,,,,,,,,,,N/A,,True,CALL,2026-08-21,105.0,100.0,406,0.0,0.254,0.0,0.0,0.0,0.0,0.0,N/A,12,N/A,N/A,AMERICAN,100.0,N/A,False,,,,False,,,,False,,,,,,False,,,,,,N/A,N/A,N/A,N/A,N/A,N/A,N/A,N/A,N/A,N/A,N/A,N/A,N/A,N/A,N/A,N/A,N/A,N/A,N/A,N/A,N/A,N/A,N/A
US.NVDA260821P105000,NVDA 260821 105.00P,2026-08-07 12:56:57,0.01,0.01,0.01,0.01,0.0003,15.0,15.0,0.0,False,N/A,100,0.01,US.NVDA,0.02,0.01,10.0,14.0,,,,,,,,0.0,0.01,16.667,0.0,0.0,0.0,0.0,0.0,0.0,0,0.0,NORMAL,False,,,,,,,,,,,,,,,,,False,,N/A,,,,,,,,,,,,,,,,,,,N/A,,True,PUT,2026-08-21,105.0,100.0,26465,138.99,53.121,-0.000897162,5.3687e-05,0.00124432,-0.006017341,-4.4598e-05,N/A,12,N/A,N/A,AMERICAN,100.0,N/A,False,,,,False,,,,False,,,,,,False,,,,,,N/A,N/A,N/A,N/A,N/A,N/A,N/A,N/A,N/A,N/A,N/A,N/A,N/A,N/A,N/A,N/A,N/A,N/A,N/A,N/A,N/A,N/A,N/A
US.NVDA260821C110000,NVDA 260821 110.00C,2026-08-07 13:47:46,112.56,113.0,114.84,112.56,109.1163,8.0,90364.0,0.0,False,N/A,100,0.05,US.NVDA,115.8,112.35,15.0,60.0,,,,,,,,2.09,112.955,60.0,0.0,0.0,0.0,0.0,0.0,0.0,0,0.0,NORMAL,False,,,,,,,,,,,,,,,,,False,,N/A,,,,,,,,,,,,,,,,,,,N/A,,True,CALL,2026-08-21,110.0,100.0,377,0.0,-0.625,0.0,0.0,0.0,0.0,0.0,N/A,12,N/A,N/A,AMERICAN,100.0,N/A,False,,,,False,,,,False,,,,,,False,,,,,,N/A,N/A,N/A,N/A,N/A,N/A,N/A,N/A,N/A,N/A,N/A,N/A,N/A,N/A,N/A,N/A,N/A,N/A,N/A,N/A,N/A,N/A,N/A
US.NVDA260821P110000,NVDA 260821 110.00P,2026-08-07 15:47:13,0.02,0.01,0.02,0.01,0.0009,31.0,51.0,0.0,False,N/A,100,0.01,US.NVDA,0.02,0.01,10.0,20.0,,,,,,,,1111.111,0.016451612900000002,33.333,0.0,0.0,0.0,0.0,0.0,0.0,0,0.0,NORMAL,False,,,,,,,,,,,,,,,,,False,,N/A,,,,,,,,,,,,,,,,,,,N/A,,True,PUT,2026-08-21,110.0,100.0,11568,130.911,50.893,-0.000951986,6.0191e-05,0.00131406,-0.005991571,-4.7572e-05,N/A,12,N/A,N/A,AMERICAN,100.0,N/A,False,,,,False,,,,False,,,,,,False,,,,,,N/A,N/A,N/A,N/A,N/A,N/A,N/A,N/A,N/A,N/A,N/A,N/A,N/A,N/A,N/A,N/A,N/A,N/A,N/A,N/A,N/A,N/A,N/A
US.NVDA260821C115000,NVDA 260821 115.00C,2026-08-07 15:41:28,107.95,107.95,107.95,107.95,104.1253,1.0,10795.0,0.0,False,N/A,100,0.05,US.NVDA,110.8,107.4,53.0,71.0,,,,,,,,0.0,107.95,14.516,0.0,0.0,0.0,0.0,0.0,0.0,0,0.0,NORMAL,False,,,,,,,,,,,,,,,,,False,,N/A,,,,,,,,,,,,,,,,,,,N/A,,True,CALL,2026-08-21,115.0,100.0,286,0.0,-0.45,0.0,0.0,0.0,0.0,0.0,N/A,12,N/A,N/A,AMERICAN,100.0,N/A,False,,,,False,,,,False,,,,,,False,,,,,,N/A,N/A,N/A,N/A,N/A,N/A,N/A,N/A,N/A,N/A,N/A,N/A,N/A,N/A,N/A,N/A,N/A,N/A,N/A,N/A,N/A,N/A,N/A
US.NVDA260821P115000,NVDA 260821 115.00P,2026-08-07 10:57:00,0.02,0.02,0.02,0.02,0.0024,20.0,40.0,0.0,False,N/A,100,0.01,US.NVDA,0.03,0.01,14.0,26.0,,,,,,,,0.0,0.02,30.0,0.0,0.0,0.0,0.0,0.0,0.0,0,0.0,NORMAL,False,,,,,,,,,,,,,,,,,False,,N/A,,,,,,,,,,,,,,,,,,,N/A,,True,PUT,2026-08-21,115.0,100.0,10953,126.397,48.66,-0.001287533,8.2224e-05,0.001732849,-0.007706176,-6.97e-05,N/A,12,N/A,N/A,AMERICAN,100.0,N/A,False,,,,False,,,,False,,,,,,False,,,,,,N/A,N/A,N/A,N/A,N/A,N/A,N/A,N/A,N/A,N/A,N/A,N/A,N/A,N/A,N/A,N/A,N/A,N/A,N/A,N/A,N/A,N/A,N/A
US.NVDA260821C120000,NVDA 260821 120.00C,2026-08-07 14:09:46,102.85,102.7,102.85,102.7,99.1362,41.0,421670.0,0.0,False,N/A,100,0.05,US.NVDA,105.6,102.45,35.0,80.0,,,,,,,,0.151,102.84634146341001,39.13,0.0,0.0,0.0,0.0,0.0,0.0,0,0.0,NORMAL,False,,,,,,,,,,,,,,,,,False,,N/A,,,,,,,,,,,,,,,,,,,N/A,,True,CALL,2026-08-21,120.0,100.0,672,0.0,-0.495,0.0,0.0,0.0,0.0,0.0,N/A,12,N/A,N/A,AMERICAN,100.0,N/A,False,,,,False,,,,False,,,,,,False,,,,,,N/A,N/A,N/A,N/A,N/A,N/A,N/A,N/A,N/A,N/A,N/A,N/A,N/A,N/A,N/A,N/A,N/A,N/A,N/A,N/A,N/A,N/A,N/A
US.NVDA260821P120000,NVDA 260821 120.00P,2026-08-07 15:36:20,0.03,0.03,0.03,0.02,0.0057,314.0,888.0,0.0,False,N/A,100,0.01,US.NVDA,0.03,0.01,16.0,150.0,,,,,,,,175.439,0.028280254770000002,80.723,0.0,0.0,0.0,0.0,0.0,0.0,0,0.0,NORMAL,False,,,,,,,,,,,,,,,,,False,,N/A,,,,,,,,,,,,,,,,,,,N/A,,True,PUT,2026-08-21,120.0,100.0,12175,118.815,46.432,-0.001368224,9.2465e-05,0.00183192,-0.007667055,-7.4294e-05,N/A,12,N/A,N/A,AMERICAN,100.0,N/A,False,,,,False,,,,False,,,,,,False,,,,,,N/A,N/A,N/A,N/A,N/A,N/A,N/A,N/A,N/A,N/A,N/A,N/A,N/A,N/A,N/A,N/A,N/A,N/A,N/A,N/A,N/A,N/A,N/A
US.NVDA260821C125000,NVDA 260821 125.00C,2026-08-07 09:30:00,94.1508,0.0,0.0,0.0,94.1508,0.0,0.0,0.0,False,N/A,100,0.05,US.NVDA,101.55,97.4,1.0,65.0,,,,,,,,0.0,0.0,96.97,0.0,0.0,0.0,0.0,0.0,0.0,0,0.0,NORMAL,False,,,,,,,,,,,,,,,,,False,,N/A,,,,,,,,,,,,,,,,,,,N/A,,True,CALL,2026-08-21,125.0,100.0,375,156.804,-2.147,0.985681902,0.000568638,0.01484738,-0.102505069,0.040260855,N/A,12,N/A,N/A,AMERICAN,100.0,N/A,False,,,,False,,,,False,,,,,,False,,,,,,N/A,N/A,N/A,N/A,N/A,N/A,N/A,N/A,N/A,N/A,N/A,N/A,N/A,N/A,N/A,N/A,N/A,N/A,N/A,N/A,N/A,N/A,N/A
US.NVDA260821P125000,NVDA 260821 125.00P,2026-08-07 13:03:04,0.02,0.02,0.03,0.02,0.0127,38.0,79.0,0.0,False,N/A,100,0.01,US.NVDA,0.03,0.01,18.0,196.0,,,,,,,,78.74,0.02078947368,83.178,0.0,0.0,0.0,0.0,0.0,0.0,0,0.0,NORMAL,False,,,,,,,,,,,,,,,,,False,,N/A,,,,,,,,,,,,,,,,,,,N/A,,True,PUT,2026-08-21,125.0,100.0,15011,111.531,44.195,-0.001455606,0.000104228,0.00193855,-0.007625372,-7.927e-05,N/A,12,N/A,N/A,AMERICAN,100.0,N/A,False,,,,False,,,,False,,,,,,False,,,,,,N/A,N/A,N/A,N/A,N/A,N/A,N/A,N/A,N/A,N/A,N/A,N/A,N/A,N/A,N/A,N/A,N/A,N/A,N/A,N/A,N/A,N/A,N/A
US.NVDA260821C130000,NVDA 260821 130.00C,2026-08-07 10:51:04,93.9,93.9,93.9,93.9,89.1668,1.0,9390.0,0.0,False,N/A,100,0.05,US.NVDA,94.95,92.4,1.0,99.0,,,,,,,,0.0,93.9,98.0,0.0,0.0,0.0,0.0,0.0,0.0,0,0.0,NORMAL,False,,,,,,,,,,,,,,,,,False,,N/A,,,,,,,,,,,,,,,,,,,N/A,,True,CALL,2026-08-21,130.0,100.0,644,0.0,-0.026,0.0,0.0,0.0,0.0,0.0,N/A,12,N/A,N/A,AMERICAN,100.0,N/A,False,,,,False,,,,False,,,,,,False,,,,,,N/A,N/A,N/A,N/A,N/A,N/A,N/A,N/A,N/A,N/A,N/A,N/A,N/A,N/A,N/A,N/A,N/A,N/A,N/A,N/A,N/A,N/A,N/A
US.NVDA260821P130000,NVDA 260821 130.00P,2026-08-07 15:10:00,0.01,0.02,0.03,0.01,0.0211,148.0,321.0,0.0,False,N/A,100,0.01,US.NVDA,0.03,0.01,30.0,281.0,,,,,,,,94.787,0.021689189180000002,80.707,0.0,0.0,0.0,0.0,0.0,0.0,0,0.0,NORMAL,False,,,,,,,,,,,,,,,,,False,,N/A,,,,,,,,,,,,,,,,,,,N/A,,True,PUT,2026-08-21,130.0,100.0,17355,104.52,41.958,-0.001550699,0.000117824,0.002053863,-0.007580961,-8.4686e-05,N/A,12,N/A,N/A,AMERICAN,100.0,N/A,False,,,,False,,,,False,,,,,,False,,,,,,N/A,N/A,N/A,N/A,N/A,N/A,N/A,N/A,N/A,N/A,N/A,N/A,N/A,N/A,N/A,N/A,N/A,N/A,N/A,N/A,N/A,N/A,N/A
US.NVDA260821C135000,NVDA 260821 135.00C,2026-08-07 09:30:00,84.1828,0.0,0.0,0.0,84.1828,0.0,0.0,0.0,False,N/A,100,0.05,US.NVDA,90.85,87.45,2.0,25.0,,,,,,,,0.0,0.0,85.185,0.0,0.0,0.0,0.0,0.0,0.0,0,0.0,NORMAL,False,,,,,,,,,,,,,,,,,False,,N/A,,,,,,,,,,,,,,,,,,,N/A,,True,CALL,2026-08-21,135.0,100.0,710,96.87,-2.133,0.998478945,0.000125026,0.002018224,-0.021065004,0.044639891,N/A,12,N/A,N/A,AMERICAN,100.0,N/A,False,,,,False,,,,False,,,,,,False,,,,,,N/A,N/A,N/A,N/A,N/A,N/A,N/A,N/A,N/A,N/A,N/A,N/A,N/A,N/A,N/A,N/A,N/A,N/A,N/A,N/A,N/A,N/A,N/A
US.NVDA260821P135000,NVDA 260821 135.00P,2026-08-07 15:37:13,0.03,0.04,0.04,0.02,0.0296,6307.0,18874.0,0.0,False,N/A,100,0.01,US.NVDA,0.03,0.02,12.0,551.0,,,,,,,,67.568,0.02992547962,95.737,0.0,0.0,0.0,0.0,0.0,0.0,0,0.0,NORMAL,False,,,,,,,,,,,,,,,,,False,,N/A,,,,,,,,,,,,,,,,,,,N/A,,True,PUT,2026-08-21,135.0,100.0,19879,99.865,39.734,-0.001992525,0.000154928,0.002580001,-0.009174412,-0.000114008,N/A,12,N/A,N/A,AMERICAN,100.0,N/A,False,,,,False,,,,False,,,,,,False,,,,,,N/A,N/A,N/A,N/A,N/A,N/A,N/A,N/A,N/A,N/A,N/A,N/A,N/A,N/A,N/A,N/A,N/A,N/A,N/A,N/A,N/A,N/A,N/A
US.NVDA260821C140000,NVDA 260821 140.00C,2026-08-07 15:53:14,83.36,85.0,85.0,83.36,79.1988,6.0,50180.0,0.0,False,N/A,100,0.05,US.NVDA,85.15,82.7,1.0,83.0,,,,,,,,2.071,83.63333333332999,97.619,0.0,0.0,0.0,0.0,0.0,0.0,0,0.0,NORMAL,False,,,,,,,,,,,,,,,,,False,,N/A,,,,,,,,,,,,,,,,,,,N/A,,True,CALL,2026-08-21,140.0,100.0,520,0.0,-0.267,0.0,0.0,0.0,0.0,0.0,N/A,12,N/A,N/A,AMERICAN,100.0,N/A,False,,,,False,,,,False,,,,,,False,,,,,,N/A,N/A,N/A,N/A,N/A,N/A,N/A,N/A,N/A,N/A,N/A,N/A,N/A,N/A,N/A,N/A,N/A,N/A,N/A,N/A,N/A,N/A,N/A
US.NVDA260821P140000,NVDA 260821 140.00P,2026-08-07 15:59:39,0.04,0.02,0.04,0.02,0.0381,1054.0,4160.0,0.0,False,N/A,100,0.01,US.NVDA,0.04,0.03,53.0,39.0,,,,,,,,52.493,0.0394686907,-15.217,0.0,0.0,0.0,0.0,0.0,0.0,0,0.0,NORMAL,False,,,,,,,,,,,,,,,,,False,,N/A,,,,,,,,,,,,,,,,,,,N/A,,True,PUT,2026-08-21,140.0,100.0,18046,96.414,37.506,-0.002810979,0.000219148,0.00352253,-0.012236199,-0.000169996,N/A,12,N/A,N/A,AMERICAN,100.0,N/A,False,,,,False,,,,False,,,,,,False,,,,,,N/A,N/A,N/A,N/A,N/A,N/A,N/A,N/A,N/A,N/A,N/A,N/A,N/A,N/A,N/A,N/A,N/A,N/A,N/A,N/A,N/A,N/A,N/A
US.NVDA260821C145000,NVDA 260821 145.00C,2026-08-07 14:53:33,77.76,78.4,79.35,77.05,74.2149,9.0,70200.0,0.0,False,N/A,100,0.05,US.NVDA,80.6,77.45,158.0,243.0,,,,,,,,3.099,78.0,21.197,0.0,0.0,0.0,0.0,0.0,0.0,0,0.0,NORMAL,False,,,,,,,,,,,,,,,,,False,,N/A,,,,,,,,,,,,,,,,,,,N/A,,True,CALL,2026-08-21,145.0,100.0,1704,0.0,-0.535,0.0,0.0,0.0,0.0,0.0,N/A,12,N/A,N/A,AMERICAN,100.0,N/A,False,,,,False,,,,False,,,,,,False,,,,,,N/A,N/A,N/A,N/A,N/A,N/A,N/A,N/A,N/A,N/A,N/A,N/A,N/A,N/A,N/A,N/A,N/A,N/A,N/A,N/A,N/A,N/A,N/A
US.NVDA260821P145000,NVDA 260821 145.00P,2026-08-07 15:50:51,0.04,0.04,0.04,0.03,0.0465,14.0,49.0,0.0,False,N/A,100,0.01,US.NVDA,0.04,0.03,14.0,128.0,,,,,,,,21.505,0.035,80.282,0.0,0.0,0.0,0.0,0.0,0.0,0,0.0,NORMAL,False,,,,,,,,,,,,,,,,,False,,N/A,,,,,,,,,,,,,,,,,,,N/A,,True,PUT,2026-08-21,145.0,100.0,7157,89.78,35.274,-0.003010641,0.000250352,0.003747513,-0.012140111,-0.00018214,N/A,12,N/A,N/A,AMERICAN,100.0,N/A,False,,,,False,,,,False,,,,,,False,,,,,,N/A,N/A,N/A,N/A,N/A,N/A,N/A,N/A,N/A,N/A,N/A,N/A,N/A,N/A,N/A,N/A,N/A,N/A,N/A,N/A,N/A,N/A,N/A
US.NVDA260821C150000,NVDA 260821 150.00C,2026-08-07 15:42:44,73.1,72.47,75.0,72.13,69.2309,123.0,903943.0,0.0,False,N/A,100,0.05,US.NVDA,74.85,73.5,243.0,211.0,,,,,,,,4.146,73.491300813,-7.048,0.0,0.0,0.0,0.0,0.0,0.0,0,0.0,NORMAL,False,,,,,,,,,,,,,,,,,False,,N/A,,,,,,,,,,,,,,,,,,,N/A,,True,CALL,2026-08-21,150.0,100.0,4362,80.216,-0.383,0.997630797,0.000225846,0.003019302,-0.024398228,0.049548094,N/A,12,N/A,N/A,AMERICAN,100.0,N/A,False,,,,False,,,,False,,,,,,False,,,,,,N/A,N/A,N/A,N/A,N/A,N/A,N/A,N/A,N/A,N/A,N/A,N/A,N/A,N/A,N/A,N/A,N/A,N/A,N/A,N/A,N/A,N/A,N/A
US.NVDA260821P150000,NVDA 260821 150.00P,2026-08-07 15:48:41,0.04,0.03,0.08,0.03,0.055,379.0,1793.0,0.0,False,N/A,100,0.01,US.NVDA,0.05,0.04,26.0,36.0,,,,,,,,90.909,0.047308707119999995,16.129,0.0,0.0,0.0,0.0,0.0,0.0,0,0.0,NORMAL,False,,,,,,,,,,,,,,,,,False,,N/A,,,,,,,,,,,,,,,,,,,N/A,,True,PUT,2026-08-21,150.0,100.0,28267,85.626,33.041,-0.003967159,0.000336352,0.004801226,-0.014971011,-0.000247888,N/A,12,N/A,N/A,AMERICAN,100.0,N/A,False,,,,False,,,,False,,,,,,False,,,,,,N/A,N/A,N/A,N/A,N/A,N/A,N/A,N/A,N/A,N/A,N/A,N/A,N/A,N/A,N/A,N/A,N/A,N/A,N/A,N/A,N/A,N/A,N/A
US.NVDA260821C155000,NVDA 260821 155.00C,2026-08-07 12:53:00,67.5,68.56,69.1,67.5,64.2485,12.0,82220.0,0.0,False,N/A,100,0.05,US.NVDA,69.75,67.7,10.0,61.0,,,,,,,,2.49,68.51666666666,71.831,0.0,0.0,0.0,0.0,0.0,0.0,0,0.0,NORMAL,False,,,,,,,,,,,,,,,,,False,,N/A,,,,,,,,,,,,,,,,,,,N/A,,True,CALL,2026-08-21,155.0,100.0,1561,0.0,-0.651,0.0,0.0,0.0,0.0,0.0,N/A,12,N/A,N/A,AMERICAN,100.0,N/A,False,,,,False,,,,False,,,,,,False,,,,,,N/A,N/A,N/A,N/A,N/A,N/A,N/A,N/A,N/A,N/A,N/A,N/A,N/A,N/A,N/A,N/A,N/A,N/A,N/A,N/A,N/A,N/A,N/A
US.NVDA260821P155000,NVDA 260821 155.00P,2026-08-07 15:48:28,0.06,0.05,0.06,0.04,0.065,173.0,898.0,0.0,False,N/A,100,0.01,US.NVDA,0.06,0.05,25.0,61.0,,,,,,,,30.769,0.05190751445,41.86,0.0,0.0,0.0,0.0,0.0,0.0,0,0.0,NORMAL,False,,,,,,,,,,,,,,,,,False,,N/A,,,,,,,,,,,,,,,,,,,N/A,,True,PUT,2026-08-21,155.0,100.0,17157,81.045,30.818,-0.005022017,0.000438684,0.005926373,-0.017625337,-0.000320612,N/A,12,N/A,N/A,AMERICAN,100.0,N/A,False,,,,False,,,,False,,,,,,False,,,,,,N/A,N/A,N/A,N/A,N/A,N/A,N/A,N/A,N/A,N/A,N/A,N/A,N/A,N/A,N/A,N/A,N/A,N/A,N/A,N/A,N/A,N/A,N/A
US.NVDA260821C160000,NVDA 260821 160.00C,2026-08-07 15:44:21,63.5,62.28,65.0,62.05,59.2759,56.0,355403.0,0.0,False,N/A,100,0.05,US.NVDA,64.75,62.5,5.0,43.0,,,,,,,,4.977,63.464821428570005,79.167,0.0,0.0,0.0,0.0,0.0,0.0,0,0.0,NORMAL,False,,,,,,,,,,,,,,,,,False,,N/A,,,,,,,,,,,,,,,,,,,N/A,,True,CALL,2026-08-21,160.0,100.0,1497,0.0,-0.205,0.0,0.0,0.0,0.0,0.0,N/A,12,N/A,N/A,AMERICAN,100.0,N/A,False,,,,False,,,,False,,,,,,False,,,,,,N/A,N/A,N/A,N/A,N/A,N/A,N/A,N/A,N/A,N/A,N/A,N/A,N/A,N/A,N/A,N/A,N/A,N/A,N/A,N/A,N/A,N/A,N/A
US.NVDA260821P160000,NVDA 260821 160.00P,2026-08-07 15:59:35,0.06,0.08,0.08,0.06,0.085,222.0,1384.0,0.0,False,N/A,100,0.01,US.NVDA,0.07,0.06,48.0,258.0,,,,,,,,23.529,0.062342342339999995,68.627,0.0,0.0,0.0,0.0,0.0,0.0,0,0.0,NORMAL,False,,,,,,,,,,,,,,,,,False,,N/A,,,,,,,,,,,,,,,,,,,N/A,,True,PUT,2026-08-21,160.0,100.0,22061,76.19,28.585,-0.006199936,0.000562695,0.007145807,-0.020112749,-0.000401853,N/A,12,N/A,N/A,AMERICAN,100.0,N/A,False,,,,False,,,,False,,,,,,False,,,,,,N/A,N/A,N/A,N/A,N/A,N/A,N/A,N/A,N/A,N/A,N/A,N/A,N/A,N/A,N/A,N/A,N/A,N/A,N/A,N/A,N/A,N/A,N/A
US.NVDA260821C165000,NVDA 260821 165.00C,2026-08-07 09:30:00,54.3035,0.0,0.0,0.0,54.3035,0.0,0.0,0.0,False,N/A,100,0.05,US.NVDA,61.1,57.65,1.0,10.0,,,,,,,,0.0,0.0,81.818,0.0,0.0,0.0,0.0,0.0,0.0,0,0.0,NORMAL,False,,,,,,,,,,,,,,,,,False,,N/A,,,,,,,,,,,,,,,,,,,N/A,,True,CALL,2026-08-21,165.0,100.0,2079,81.662,-2.079,0.983673833,0.001222144,0.016620567,-0.069194102,0.053423582,N/A,12,N/A,N/A,AMERICAN,100.0,N/A,False,,,,False,,,,False,,,,,,False,,,,,,N/A,N/A,N/A,N/A,N/A,N/A,N/A,N/A,N/A,N/A,N/A,N/A,N/A,N/A,N/A,N/A,N/A,N/A,N/A,N/A,N/A,N/A,N/A
US.NVDA260821P165000,NVDA 260821 165.00P,2026-08-07 15:59:29,0.08,0.1,0.1,0.06,0.105,1156.0,9206.0,0.0,False,N/A,100,0.01,US.NVDA,0.09,0.08,51.0,19.0,,,,,,,,38.095,0.0796366782,-45.714,0.0,0.0,0.0,0.0,0.0,0.0,0,0.0,NORMAL,False,,,,,,,,,,,,,,,,,False,,N/A,,,,,,,,,,,,,,,,,,,N/A,,True,PUT,2026-08-21,165.0,100.0,22767,72.277,26.361,-0.008310123,0.000768091,0.009251758,-0.024942186,-0.000550167,N/A,12,N/A,N/A,AMERICAN,100.0,N/A,False,,,,False,,,,False,,,,,,False,,,,,,N/A,N/A,N/A,N/A,N/A,N/A,N/A,N/A,N/A,N/A,N/A,N/A,N/A,N/A,N/A,N/A,N/A,N/A,N/A,N/A,N/A,N/A,N/A
US.NVDA260821C170000,NVDA 260821 170.00C,2026-08-07 15:57:24,54.4,52.3,55.0,51.9,49.331,187.0,993519.0,0.0,False,N/A,100,0.05,US.NVDA,54.75,53.95,48.0,10.0,,,,,,,,6.284,53.12935828877,-65.517,0.0,0.0,0.0,0.0,0.0,0.0,0,0.0,NORMAL,False,,,,,,,,,,,,,,,,,False,,N/A,,,,,,,,,,,,,,,,,,,N/A,,True,CALL,2026-08-21,170.0,100.0,6492,72.847,0.196,0.984336396,0.001322231,0.016041515,-0.062380647,0.055140995,N/A,12,N/A,N/A,AMERICAN,100.0,N/A,False,,,,False,,,,False,,,,,,False,,,,,,N/A,N/A,N/A,N/A,N/A,N/A,N/A,N/A,N/A,N/A,N/A,N/A,N/A,N/A,N/A,N/A,N/A,N/A,N/A,N/A,N/A,N/A,N/A
US.NVDA260821P170000,NVDA 260821 170.00P,2026-08-07 15:57:58,0.12,0.1,0.12,0.07,0.125,2361.0,24112.0,0.0,False,N/A,100,0.01,US.NVDA,0.12,0.1,222.0,93.0,,,,,,,,40.0,0.10212621770000001,-40.952,0.0,0.0,0.0,0.0,0.0,0.0,0,0.0,NORMAL,False,,,,,,,,,,,,,,,,,False,,N/A,,,,,,,,,,,,,,,,,,,N/A,,True,PUT,2026-08-21,170.0,100.0,24799,68.265,24.147,-0.011061152,0.001044224,0.011877918,-0.030526415,-0.000744589,N/A,12,N/A,N/A,AMERICAN,100.0,N/A,False,,,,False,,,,False,,,,,,False,,,,,,N/A,N/A,N/A,N/A,N/A,N/A,N/A,N/A,N/A,N/A,N/A,N/A,N/A,N/A,N/A,N/A,N/A,N/A,N/A,N/A,N/A,N/A,N/A
US.NVDA260821C175000,NVDA 260821 175.00C,2026-08-07 15:54:36,48.4,48.15,49.7,47.2,44.3785,219.0,1048249.0,0.0,False,N/A,100,0.05,US.NVDA,49.55,48.8,86.0,19.0,,,,,,,,5.633,47.86525114155,-63.81,0.0,0.0,0.0,0.0,0.0,0.0,0,0.0,NORMAL,False,,,,,,,,,,,,,,,,,False,,N/A,,,,,,,,,,,,,,,,,,,N/A,,True,CALL,2026-08-21,175.0,100.0,3470,0.0,-0.25,0.0,0.0,0.0,0.0,0.0,N/A,12,N/A,N/A,AMERICAN,100.0,N/A,False,,,,False,,,,False,,,,,,False,,,,,,N/A,N/A,N/A,N/A,N/A,N/A,N/A,N/A,N/A,N/A,N/A,N/A,N/A,N/A,N/A,N/A,N/A,N/A,N/A,N/A,N/A,N/A,N/A
US.NVDA260821P175000,NVDA 260821 175.00P,2026-08-07 15:57:15,0.14,0.13,0.15,0.09,0.165,4215.0,49679.0,0.0,False,N/A,100,0.01,US.NVDA,0.15,0.14,168.0,10.0,,,,,,,,36.364,0.1178623962,-88.764,0.0,0.0,0.0,0.0,0.0,0.0,0,0.0,NORMAL,False,,,,,,,,,,,,,,,,,False,,N/A,,,,,,,,,,,,,,,,,,,N/A,,True,PUT,2026-08-21,175.0,100.0,28814,64.402,21.923,-0.01495611,0.001436898,0.015417354,-0.037744912,-0.001021701,N/A,12,N/A,N/A,AMERICAN,100.0,N/A,False,,,,False,,,,False,,,,,,False,,,,,,N/A,N/A,N/A,N/A,N/A,N/A,N/A,N/A,N/A,N/A,N/A,N/A,N/A,N/A,N/A,N/A,N/A,N/A,N/A,N/A,N/A,N/A,N/A
US.NVDA260821C180000,NVDA 260821 180.00C,2026-08-07 15:57:17,44.4,42.45,45.0,42.0,39.436,307.0,1348887.0,0.0,False,N/A,100,0.05,US.NVDA,44.55,43.85,30.0,62.0,,,,,,,,7.607,43.937687296410004,34.783,0.0,0.0,0.0,0.0,0.0,0.0,0,0.0,NORMAL,False,,,,,,,,,,,,,,,,,False,,N/A,,,,,,,,,,,,,,,,,,,N/A,,True,CALL,2026-08-21,180.0,100.0,12677,42.622,0.196,0.99794114,0.000374265,0.00266594,-0.022901763,0.059521988,N/A,12,N/A,N/A,AMERICAN,100.0,N/A,False,,,,False,,,,False,,,,,,False,,,,,,N/A,N/A,N/A,N/A,N/A,N/A,N/A,N/A,N/A,N/A,N/A,N/A,N/A,N/A,N/A,N/A,N/A,N/A,N/A,N/A,N/A,N/A,N/A
US.NVDA260821P180000,NVDA 260821 180.00P,2026-08-07 15:56:48,0.17,0.22,0.22,0.14,0.215,6844.0,109320.0,0.0,False,N/A,100,0.01,US.NVDA,0.18,0.17,44.0,16.0,,,,,,,,37.209,0.15973115137000002,-46.667,0.0,0.0,0.0,0.0,0.0,0.0,0,0.0,NORMAL,False,,,,,,,,,,,,,,,,,False,,N/A,,,,,,,,,,,,,,,,,,,N/A,,True,PUT,2026-08-21,180.0,100.0,42364,59.668,19.704,-0.018972737,0.001900851,0.018894276,-0.043164814,-0.001305487,N/A,12,N/A,N/A,AMERICAN,100.0,N/A,False,,,,False,,,,False,,,,,,False,,,,,,N/A,N/A,N/A,N/A,N/A,N/A,N/A,N/A,N/A,N/A,N/A,N/A,N/A,N/A,N/A,N/A,N/A,N/A,N/A,N/A,N/A,N/A,N/A
US.NVDA260821C182500,NVDA 260821 182.50C,2026-08-07 09:30:00,36.9747,0.0,0.0,0.0,36.9747,0.0,0.0,0.0,False,N/A,100,0.05,US.NVDA,43.4,40.35,41.0,126.0,,,,,,,,0.0,0.0,50.898,0.0,0.0,0.0,0.0,0.0,0.0,0,0.0,NORMAL,False,,,,,,,,,,,,,,,,,False,,N/A,,,,,,,,,,,,,,,,,,,N/A,,True,CALL,2026-08-21,182.5,100.0,424,56.828,-2.003,0.979385157,0.002142228,0.020274965,-0.063336352,0.058914208,N/A,12,N/A,N/A,AMERICAN,100.0,N/A,False,,,,False,,,,False,,,,,,False,,,,,,N/A,N/A,N/A,N/A,N/A,N/A,N/A,N/A,N/A,N/A,N/A,N/A,N/A,N/A,N/A,N/A,N/A,N/A,N/A,N/A,N/A,N/A,N/A
US.NVDA260821P182500,NVDA 260821 182.50P,2026-08-07 15:59:59,0.2,0.21,0.21,0.17,0.25,1093.0,19332.0,0.0,False,N/A,100,0.01,US.NVDA,0.2,0.19,416.0,16.0,,,,,,,,16.0,0.17687099725,-92.593,0.0,0.0,0.0,0.0,0.0,0.0,0,0.0,NORMAL,False,,,,,,,,,,,,,,,,,False,,N/A,,,,,,,,,,,,,,,,,,,N/A,,True,PUT,2026-08-21,182.5,100.0,6054,57.408,18.601,-0.021634997,0.002208379,0.021118256,-0.046601096,-0.001494283,N/A,12,N/A,N/A,AMERICAN,100.0,N/A,False,,,,False,,,,False,,,,,,False,,,,,,N/A,N/A,N/A,N/A,N/A,N/A,N/A,N/A,N/A,N/A,N/A,N/A,N/A,N/A,N/A,N/A,N/A,N/A,N/A,N/A,N/A,N/A,N/A
US.NVDA260821C185000,NVDA 260821 185.00C,2026-08-07 15:58:54,39.3,36.8,40.0,36.8,34.5234,201.0,772462.0,0.0,False,N/A,100,0.05,US.NVDA,39.5,39.0,3.0,13.0,,,,,,,,9.269,38.43094527363,62.5,0.0,0.0,0.0,0.0,0.0,0.0,0,0.0,NORMAL,False,,,,,,,,,,,,,,,,,False,,N/A,,,,,,,,,,,,,,,,,,,N/A,,True,CALL,2026-08-21,185.0,100.0,8502,45.118,0.151,0.991376839,0.001271652,0.009564029,-0.035427444,0.060677193,N/A,12,N/A,N/A,AMERICAN,100.0,N/A,False,,,,False,,,,False,,,,,,False,,,,,,N/A,N/A,N/A,N/A,N/A,N/A,N/A,N/A,N/A,N/A,N/A,N/A,N/A,N/A,N/A,N/A,N/A,N/A,N/A,N/A,N/A,N/A,N/A
US.NVDA260821P185000,NVDA 260821 185.00P,2026-08-07 15:58:52,0.22,0.21,0.25,0.1,0.295,3525.0,76255.0,0.0,False,N/A,100,0.01,US.NVDA,0.23,0.21,48.0,78.0,,,,,,,,50.847,0.21632624112999999,23.81,0.0,0.0,0.0,0.0,0.0,0.0,0,0.0,NORMAL,False,,,,,,,,,,,,,,,,,False,,N/A,,,,,,,,,,,,,,,,,,,N/A,,True,PUT,2026-08-21,185.0,100.0,28817,55.24,17.494,-0.024926683,0.002585714,0.023791035,-0.050730299,-0.00172838,N/A,12,N/A,N/A,AMERICAN,100.0,N/A,False,,,,False,,,,False,,,,,,False,,,,,,N/A,N/A,N/A,N/A,N/A,N/A,N/A,N/A,N/A,N/A,N/A,N/A,N/A,N/A,N/A,N/A,N/A,N/A,N/A,N/A,N/A,N/A,N/A
US.NVDA260821C187500,NVDA 260821 187.50C,2026-08-07 12:47:23,35.44,37.3,37.5,35.44,32.087,8.0,28838.0,0.0,False,N/A,100,0.05,US.NVDA,37.35,35.15,25.0,20.0,,,,,,,,6.42,36.0475,-11.111,0.0,0.0,0.0,0.0,0.0,0.0,0,0.0,NORMAL,False,,,,,,,,,,,,,,,,,False,,N/A,,,,,,,,,,,,,,,,,,,N/A,,True,CALL,2026-08-21,187.5,100.0,370,0.0,-0.455,0.0,0.0,0.0,0.0,0.0,N/A,12,N/A,N/A,AMERICAN,100.0,N/A,False,,,,False,,,,False,,,,,,False,,,,,,N/A,N/A,N/A,N/A,N/A,N/A,N/A,N/A,N/A,N/A,N/A,N/A,N/A,N/A,N/A,N/A,N/A,N/A,N/A,N/A,N/A,N/A,N/A
US.NVDA260821P187500,NVDA 260821 187.50P,2026-08-07 15:59:57,0.24,0.28,0.28,0.22,0.355,211.0,5280.0,0.0,False,N/A,100,0.01,US.NVDA,0.25,0.24,10.0,456.0,,,,,,,,16.901,0.25023696682,95.708,0.0,0.0,0.0,0.0,0.0,0.0,0,0.0,NORMAL,False,,,,,,,,,,,,,,,,,False,,N/A,,,,,,,,,,,,,,,,,,,N/A,,True,PUT,2026-08-21,187.5,100.0,2470,52.925,16.386,-0.028487341,0.003017304,0.026596714,-0.054545161,-0.001980871,N/A,12,N/A,N/A,AMERICAN,100.0,N/A,False,,,,False,,,,False,,,,,,False,,,,,,N/A,N/A,N/A,N/A,N/A,N/A,N/A,N/A,N/A,N/A,N/A,N/A,N/A,N/A,N/A,N/A,N/A,N/A,N/A,N/A,N/A,N/A,N/A
US.NVDA260821C190000,NVDA 260821 190.00C,2026-08-07 15:57:26,34.65,32.41,35.25,31.6,29.6656,276.0,915952.0,0.0,False,N/A,100,0.05,US.NVDA,34.8,33.95,30.0,25.0,,,,,,,,12.304,33.186666666659995,-9.091,0.0,0.0,0.0,0.0,0.0,0.0,0,0.0,NORMAL,False,,,,,,,,,,,,,,,,,False,,N/A,,,,,,,,,,,,,,,,,,,N/A,,True,CALL,2026-08-21,190.0,100.0,18157,46.784,0.308,0.976523382,0.002903986,0.022627333,-0.06060021,0.061191213,N/A,12,N/A,N/A,AMERICAN,100.0,N/A,False,,,,False,,,,False,,,,,,False,,,,,,N/A,N/A,N/A,N/A,N/A,N/A,N/A,N/A,N/A,N/A,N/A,N/A,N/A,N/A,N/A,N/A,N/A,N/A,N/A,N/A,N/A,N/A,N/A
US.NVDA260821P190000,NVDA 260821 190.00P,2026-08-07 15:59:48,0.28,0.35,0.35,0.26,0.43,2291.0,68137.0,0.0,False,N/A,100,0.01,US.NVDA,0.29,0.27,107.0,115.0,,,,,,,,20.93,0.29741161065,3.604,0.0,0.0,0.0,0.0,0.0,0.0,0,0.0,NORMAL,False,,,,,,,,,,,,,,,,,False,,N/A,,,,,,,,,,,,,,,,,,,N/A,,True,PUT,2026-08-21,190.0,100.0,45008,50.817,15.288,-0.033216354,0.003568642,0.030201137,-0.059735105,-0.002317831,N/A,12,N/A,N/A,AMERICAN,100.0,N/A,False,,,,False,,,,False,,,,,,False,,,,,,N/A,N/A,N/A,N/A,N/A,N/A,N/A,N/A,N/A,N/A,N/A,N/A,N/A,N/A,N/A,N/A,N/A,N/A,N/A,N/A,N/A,N/A,N/A
US.NVDA260821C192500,NVDA 260821 192.50C,2026-08-07 14:32:20,30.19,29.3,32.55,29.3,27.2792,177.0,524822.0,0.0,False,N/A,100,0.05,US.NVDA,32.35,31.45,4.0,10.0,,,,,,,,11.914,29.65096045197,42.857,0.0,0.0,0.0,0.0,0.0,0.0,0,0.0,NORMAL,False,,,,,,,,,,,,,,,,,False,,N/A,,,,,,,,,,,,,,,,,,,N/A,,True,CALL,2026-08-21,192.5,100.0,905,44.515,-0.567,0.972734209,0.00345963,0.025647645,-0.064237024,0.061731119,N/A,12,N/A,N/A,AMERICAN,100.0,N/A,False,,,,False,,,,False,,,,,,False,,,,,,N/A,N/A,N/A,N/A,N/A,N/A,N/A,N/A,N/A,N/A,N/A,N/A,N/A,N/A,N/A,N/A,N/A,N/A,N/A,N/A,N/A,N/A,N/A
US.NVDA260821P192500,NVDA 260821 192.50P,2026-08-07 15:55:01,0.34,0.42,0.42,0.31,0.54,520.0,18008.0,0.0,False,N/A,100,0.01,US.NVDA,0.33,0.31,25.0,84.0,,,,,,,,20.37,0.34630769229999997,54.128,0.0,0.0,0.0,0.0,0.0,0.0,0,0.0,NORMAL,False,,,,,,,,,,,,,,,,,False,,N/A,,,,,,,,,,,,,,,,,,,N/A,,True,PUT,2026-08-21,192.5,100.0,2125,48.673,14.198,-0.038784182,0.004230367,0.03428724,-0.065237969,-0.002714399,N/A,12,N/A,N/A,AMERICAN,100.0,N/A,False,,,,False,,,,False,,,,,,False,,,,,,N/A,N/A,N/A,N/A,N/A,N/A,N/A,N/A,N/A,N/A,N/A,N/A,N/A,N/A,N/A,N/A,N/A,N/A,N/A,N/A,N/A,N/A,N/A
US.NVDA260821C195000,NVDA 260821 195.00C,2026-08-07 15:58:45,29.5,27.7,30.4,27.0,24.9176,917.0,2633736.0,0.0,False,N/A,100,0.05,US.NVDA,29.85,29.4,44.0,25.0,,,,,,,,13.645,28.721221374040002,-27.536,0.0,0.0,0.0,0.0,0.0,0.0,0,0.0,NORMAL,False,,,,,,,,,,,,,,,,,False,,N/A,,,,,,,,,,,,,,,,,,,N/A,,True,CALL,2026-08-21,195.0,100.0,15098,47.767,0.241,0.95044047,0.005253969,0.041785794,-0.098992744,0.060828847,N/A,12,N/A,N/A,AMERICAN,100.0,N/A,False,,,,False,,,,False,,,,,,False,,,,,,N/A,N/A,N/A,N/A,N/A,N/A,N/A,N/A,N/A,N/A,N/A,N/A,N/A,N/A,N/A,N/A,N/A,N/A,N/A,N/A,N/A,N/A,N/A
US.NVDA260821P195000,NVDA 260821 195.00P,2026-08-07 15:59:48,0.38,0.53,0.56,0.37,0.675,2212.0,92326.0,0.0,False,N/A,100,0.01,US.NVDA,0.38,0.37,76.0,1.0,,,,,,,,28.148,0.4173869801,-97.403,0.0,0.0,0.0,0.0,0.0,0.0,0,0.0,NORMAL,False,,,,,,,,,,,,,,,,,False,,N/A,,,,,,,,,,,,,,,,,,,N/A,,True,PUT,2026-08-21,195.0,100.0,25709,46.722,13.1,-0.046142025,0.005072172,0.03945799,-0.072415573,-0.003240278,N/A,12,N/A,N/A,AMERICAN,100.0,N/A,False,,,,False,,,,False,,,,,,False,,,,,,N/A,N/A,N/A,N/A,N/A,N/A,N/A,N/A,N/A,N/A,N/A,N/A,N/A,N/A,N/A,N/A,N/A,N/A,N/A,N/A,N/A,N/A,N/A
US.NVDA260821C197500,NVDA 260821 197.50C,2026-08-07 15:20:49,26.06,25.98,27.84,24.9,22.601,302.0,797402.0,0.0,False,N/A,100,0.05,US.NVDA,27.3,26.85,10.0,47.0,,,,,,,,13.008,26.40403973509,64.912,0.0,0.0,0.0,0.0,0.0,0.0,0,0.0,NORMAL,False,,,,,,,,,,,,,,,,,False,,N/A,,,,,,,,,,,,,,,,,,,N/A,,True,CALL,2026-08-21,197.5,100.0,2590,42.987,-0.178,0.951611238,0.005727746,0.040994905,-0.089892921,0.061762411,N/A,12,N/A,N/A,AMERICAN,100.0,N/A,False,,,,False,,,,False,,,,,,False,,,,,,N/A,N/A,N/A,N/A,N/A,N/A,N/A,N/A,N/A,N/A,N/A,N/A,N/A,N/A,N/A,N/A,N/A,N/A,N/A,N/A,N/A,N/A,N/A
US.NVDA260821P197500,NVDA 260821 197.50P,2026-08-07 15:57:24,0.45,0.6,0.63,0.45,0.855,1022.0,53552.0,0.0,False,N/A,100,0.01,US.NVDA,0.45,0.43,72.0,108.0,,,,,,,,21.053,0.52399217221,20.0,0.0,0.0,0.0,0.0,0.0,0.0,0,0.0,NORMAL,False,,,,,,,,,,,,,,,,,False,,N/A,,,,,,,,,,,,,,,,,,,N/A,,True,PUT,2026-08-21,197.5,100.0,4235,44.738,12.015,-0.055005789,0.006093443,0.045384981,-0.080129935,-0.003873424,N/A,12,N/A,N/A,AMERICAN,100.0,N/A,False,,,,False,,,,False,,,,,,False,,,,,,N/A,N/A,N/A,N/A,N/A,N/A,N/A,N/A,N/A,N/A,N/A,N/A,N/A,N/A,N/A,N/A,N/A,N/A,N/A,N/A,N/A,N/A,N/A
US.NVDA260821C200000,NVDA 260821 200.00C,2026-08-07 15:59:38,24.85,22.87,25.51,22.35,20.3492,1043.0,2494066.0,0.0,False,N/A,100,0.05,US.NVDA,25.0,24.25,221.0,125.0,,,,,,,,15.529,23.912425695110002,-27.746,0.0,0.0,0.0,0.0,0.0,0.0,0,0.0,NORMAL,False,,,,,,,,,,,,,,,,,False,,N/A,,,,,,,,,,,,,,,,,,,N/A,,True,CALL,2026-08-21,200.0,100.0,34833,40.571,0.397,0.943502793,0.006863239,0.046358439,-0.095075413,0.061972884,N/A,12,N/A,N/A,AMERICAN,100.0,N/A,False,,,,False,,,,False,,,,,,False,,,,,,N/A,N/A,N/A,N/A,N/A,N/A,N/A,N/A,N/A,N/A,N/A,N/A,N/A,N/A,N/A,N/A,N/A,N/A,N/A,N/A,N/A,N/A,N/A
US.NVDA260821P200000,NVDA 260821 200.00P,2026-08-07 15:59:47,0.54,0.87,0.88,0.54,1.1,5750.0,348359.0,0.0,False,N/A,100,0.01,US.NVDA,0.55,0.53,60.0,20.0,,,,,,,,30.909,0.6058417391300001,-50.0,0.0,0.0,0.0,0.0,0.0,0.0,0,0.0,NORMAL,False,,,,,,,,,,,,,,,,,False,,N/A,,,,,,,,,,,,,,,,,,,N/A,,True,PUT,2026-08-21,200.0,100.0,41832,43.152,10.939,-0.067591592,0.007421976,0.053312516,-0.091282113,-0.004776916,N/A,12,N/A,N/A,AMERICAN,100.0,N/A,False,,,,False,,,,False,,,,,,False,,,,,,N/A,N/A,N/A,N/A,N/A,N/A,N/A,N/A,N/A,N/A,N/A,N/A,N/A,N/A,N/A,N/A,N/A,N/A,N/A,N/A,N/A,N/A,N/A
US.NVDA260821C202500,NVDA 260821 202.50C,2026-08-07 15:56:53,22.0,21.0,22.96,20.65,18.1722,185.0,396758.0,0.0,False,N/A,100,0.05,US.NVDA,22.55,22.25,10.0,30.0,,,,,,,,12.712,21.44637837837,50.0,0.0,0.0,0.0,0.0,0.0,0.0,0,0.0,NORMAL,False,,,,,,,,,,,,,,,,,False,,N/A,,,,,,,,,,,,,,,,,,,N/A,,True,CALL,2026-08-21,202.5,100.0,6079,41.863,0.241,0.915499474,0.009068967,0.06320412,-0.126708784,0.060629518,N/A,12,N/A,N/A,AMERICAN,100.0,N/A,False,,,,False,,,,False,,,,,,False,,,,,,N/A,N/A,N/A,N/A,N/A,N/A,N/A,N/A,N/A,N/A,N/A,N/A,N/A,N/A,N/A,N/A,N/A,N/A,N/A,N/A,N/A,N/A,N/A
US.NVDA260821P202500,NVDA 260821 202.50P,2026-08-07 15:59:45,0.68,1.06,1.11,0.68,1.42,2356.0,207691.0,0.0,False,N/A,100,0.01,US.NVDA,0.69,0.66,36.0,81.0,,,,,,,,30.282,0.8815407470200001,38.462,0.0,0.0,0.0,0.0,0.0,0.0,0,0.0,NORMAL,False,,,,,,,,,,,,,,,,,False,,N/A,,,,,,,,,,,,,,,,,,,N/A,,True,PUT,2026-08-21,202.5,100.0,6065,41.73,9.885,-0.08397094,0.009055752,0.062896039,-0.104709153,-0.005954392,N/A,12,N/A,N/A,AMERICAN,100.0,N/A,False,,,,False,,,,False,,,,,,False,,,,,,N/A,N/A,N/A,N/A,N/A,N/A,N/A,N/A,N/A,N/A,N/A,N/A,N/A,N/A,N/A,N/A,N/A,N/A,N/A,N/A,N/A,N/A,N/A
US.NVDA260821C205000,NVDA 260821 205.00C,2026-08-07 15:59:21,20.35,18.3,20.88,17.5,16.0849,2206.0,4215245.0,0.0,False,N/A,100,0.05,US.NVDA,20.25,19.65,179.0,162.0,,,,,,,,21.013,19.10809156844,-4.985,0.0,0.0,0.0,0.0,0.0,0.0,0,0.0,NORMAL,False,,,,,,,,,,,,,,,,,False,,N/A,,,,,,,,,,,,,,,,,,,N/A,,True,CALL,2026-08-21,205.0,100.0,19858,38.709,0.62,0.904482355,0.010743069,0.069228339,-0.128495007,0.060623732,N/A,12,N/A,N/A,AMERICAN,100.0,N/A,False,,,,False,,,,False,,,,,,False,,,,,,N/A,N/A,N/A,N/A,N/A,N/A,N/A,N/A,N/A,N/A,N/A,N/A,N/A,N/A,N/A,N/A,N/A,N/A,N/A,N/A,N/A,N/A,N/A
US.NVDA260821P205000,NVDA 260821 205.00P,2026-08-07 15:59:30,0.84,1.39,1.54,0.84,1.83,3781.0,384969.0,0.0,False,N/A,100,0.01,US.NVDA,0.88,0.84,34.0,39.0,,,,,,,,38.251,1.01816715154,6.849,0.0,0.0,0.0,0.0,0.0,0.0,0,0.0,NORMAL,False,,,,,,,,,,,,,,,,,False,,N/A,,,,,,,,,,,,,,,,,,,N/A,,True,PUT,2026-08-21,205.0,100.0,24764,40.513,8.84,-0.105328024,0.011025942,0.074336284,-0.120782412,-0.007491391,N/A,12,N/A,N/A,AMERICAN,100.0,N/A,False,,,,False,,,,False,,,,,,False,,,,,,N/A,N/A,N/A,N/A,N/A,N/A,N/A,N/A,N/A,N/A,N/A,N/A,N/A,N/A,N/A,N/A,N/A,N/A,N/A,N/A,N/A,N/A,N/A
US.NVDA260821C207500,NVDA 260821 207.50C,2026-08-07 15:58:47,18.03,15.6,18.3,15.6,14.1024,1833.0,3081036.0,0.0,False,N/A,100,0.05,US.NVDA,18.0,17.65,54.0,70.0,,,,,,,,19.146,16.808707037639998,12.903,0.0,0.0,0.0,0.0,0.0,0.0,0,0.0,NORMAL,False,,,,,,,,,,,,,,,,,False,,N/A,,,,,,,,,,,,,,,,,,,N/A,,True,CALL,2026-08-21,207.5,100.0,7191,39.396,0.701,0.868026747,0.013296755,0.087205503,-0.160008976,0.058618759,N/A,12,N/A,N/A,AMERICAN,100.0,N/A,False,,,,False,,,,False,,,,,,False,,,,,,N/A,N/A,N/A,N/A,N/A,N/A,N/A,N/A,N/A,N/A,N/A,N/A,N/A,N/A,N/A,N/A,N/A,N/A,N/A,N/A,N/A,N/A,N/A
US.NVDA260821P207500,NVDA 260821 207.50P,2026-08-07 15:59:45,1.1,1.77,1.88,1.1,2.345,1091.0,145586.0,0.0,False,N/A,100,0.01,US.NVDA,1.14,1.1,32.0,29.0,,,,,,,,33.262,1.33442713107,-4.918,0.0,0.0,0.0,0.0,0.0,0.0,0,0.0,NORMAL,False,,,,,,,,,,,,,,,,,False,,N/A,,,,,,,,,,,,,,,,,,,N/A,,True,PUT,2026-08-21,207.5,100.0,3395,39.593,7.84,-0.133268404,0.01332379,0.087776625,-0.140081678,-0.009504342,N/A,12,N/A,N/A,AMERICAN,100.0,N/A,False,,,,False,,,,False,,,,,,False,,,,,,N/A,N/A,N/A,N/A,N/A,N/A,N/A,N/A,N/A,N/A,N/A,N/A,N/A,N/A,N/A,N/A,N/A,N/A,N/A,N/A,N/A,N/A,N/A
US.NVDA260821C210000,NVDA 260821 210.00C,2026-08-07 15:59:50,15.7,13.77,16.5,13.6,12.2344,3314.0,4807226.0,0.0,False,N/A,100,0.05,US.NVDA,15.85,15.55,74.0,65.0,,,,,,,,23.704,14.5058117079,-6.475,0.0,0.0,0.0,0.0,0.0,0.0,0,0.0,NORMAL,False,,,,,,,,,,,,,,,,,False,,N/A,,,,,,,,,,,,,,,,,,,N/A,,True,CALL,2026-08-21,210.0,100.0,38831,38.925,0.776,0.831699548,0.015829102,0.102575334,-0.183399174,0.056623333,N/A,12,N/A,N/A,AMERICAN,100.0,N/A,False,,,,False,,,,False,,,,,,False,,,,,,N/A,N/A,N/A,N/A,N/A,N/A,N/A,N/A,N/A,N/A,N/A,N/A,N/A,N/A,N/A,N/A,N/A,N/A,N/A,N/A,N/A,N/A,N/A
US.NVDA260821P210000,NVDA 260821 210.00P,2026-08-07 15:59:57,1.46,2.57,2.57,1.42,2.975,11329.0,2038868.0,0.0,False,N/A,100,0.01,US.NVDA,1.49,1.44,41.0,17.0,,,,,,,,38.655,1.79968929296,-41.379,0.0,0.0,0.0,0.0,0.0,0.0,0,0.0,NORMAL,False,,,,,,,,,,,,,,,,,False,,N/A,,,,,,,,,,,,,,,,,,,N/A,,True,PUT,2026-08-21,210.0,100.0,21469,38.827,6.885,-0.167962594,0.015856022,0.102419196,-0.160955602,-0.012000759,N/A,12,N/A,N/A,AMERICAN,100.0,N/A,False,,,,False,,,,False,,,,,,False,,,,,,N/A,N/A,N/A,N/A,N/A,N/A,N/A,N/A,N/A,N/A,N/A,N/A,N/A,N/A,N/A,N/A,N/A,N/A,N/A,N/A,N/A,N/A,N/A
US.NVDA260821C212500,NVDA 260821 212.50C,2026-08-07 15:59:34,13.6,12.3,14.39,11.68,10.511,796.0,1066516.0,0.0,False,N/A,100,0.05,US.NVDA,13.75,13.5,10.0,12.0,,,,,,,,25.783,13.398442211050002,9.091,0.0,0.0,0.0,0.0,0.0,0.0,0,0.0,NORMAL,False,,,,,,,,,,,,,,,,,False,,N/A,,,,,,,,,,,,,,,,,,,N/A,,True,CALL,2026-08-21,212.5,100.0,6815,38.05,0.955,0.7912255,0.018497679,0.117178565,-0.202957207,0.054303,N/A,12,N/A,N/A,AMERICAN,100.0,N/A,False,,,,False,,,,False,,,,,,False,,,,,,N/A,N/A,N/A,N/A,N/A,N/A,N/A,N/A,N/A,N/A,N/A,N/A,N/A,N/A,N/A,N/A,N/A,N/A,N/A,N/A,N/A,N/A,N/A
US.NVDA260821P212500,NVDA 260821 212.50P,2026-08-07 15:59:50,1.9,2.91,3.0,1.87,3.75,1306.0,300317.0,0.0,False,N/A,100,0.01,US.NVDA,1.94,1.89,30.0,15.0,,,,,,,,30.133,2.29951761102,-33.333,0.0,0.0,0.0,0.0,0.0,0.0,0,0.0,NORMAL,False,,,,,,,,,,,,,,,,,False,,N/A,,,,,,,,,,,,,,,,,,,N/A,,True,PUT,2026-08-21,212.5,100.0,961,38.199,5.965,-0.209896833,0.018496456,0.117518196,-0.182260701,-0.01500931,N/A,12,N/A,N/A,AMERICAN,100.0,N/A,False,,,,False,,,,False,,,,,,False,,,,,,N/A,N/A,N/A,N/A,N/A,N/A,N/A,N/A,N/A,N/A,N/A,N/A,N/A,N/A,N/A,N/A,N/A,N/A,N/A,N/A,N/A,N/A,N/A
US.NVDA260821C215000,NVDA 260821 215.00C,2026-08-07 15:59:57,11.72,10.45,12.52,10.07,8.912,3629.0,4070781.0,0.0,False,N/A,100,0.05,US.NVDA,11.8,11.6,2.0,24.0,,,,,,,,27.491,11.217362909890001,84.615,0.0,0.0,0.0,0.0,0.0,0.0,0,0.0,NORMAL,False,,,,,,,,,,,,,,,,,False,,N/A,,,,,,,,,,,,,,,,,,,N/A,,True,CALL,2026-08-21,215.0,100.0,39471,37.542,1.232,0.742065892,0.021085973,0.131798806,-0.223340525,0.051287119,N/A,12,N/A,N/A,AMERICAN,100.0,N/A,False,,,,False,,,,False,,,,,,False,,,,,,N/A,N/A,N/A,N/A,N/A,N/A,N/A,N/A,N/A,N/A,N/A,N/A,N/A,N/A,N/A,N/A,N/A,N/A,N/A,N/A,N/A,N/A,N/A
US.NVDA260821P215000,NVDA 260821 215.00P,2026-08-07 15:59:57,2.47,3.7,3.8,2.44,4.65,3988.0,1199518.0,0.0,False,N/A,100,0.01,US.NVDA,2.51,2.46,24.0,18.0,,,,,,,,29.247,3.00781845536,-14.286,0.0,0.0,0.0,0.0,0.0,0.0,0,0.0,NORMAL,False,,,,,,,,,,,,,,,,,False,,N/A,,,,,,,,,,,,,,,,,,,N/A,,True,PUT,2026-08-21,215.0,100.0,18870,37.654,5.103,-0.25886934,0.021083194,0.132005351,-0.202159317,-0.018503015,N/A,12,N/A,N/A,AMERICAN,100.0,N/A,False,,,,False,,,,False,,,,,,False,,,,,,N/A,N/A,N/A,N/A,N/A,N/A,N/A,N/A,N/A,N/A,N/A,N/A,N/A,N/A,N/A,N/A,N/A,N/A,N/A,N/A,N/A,N/A,N/A
US.NVDA260821C217500,NVDA 260821 217.50C,2026-08-07 15:59:50,10.0,9.2,10.75,8.35,7.4624,631.0,596676.0,0.0,False,N/A,100,0.05,US.NVDA,10.05,9.8,41.0,52.0,,,,,,,,32.161,9.456038034859999,11.828,0.0,0.0,0.0,0.0,0.0,0.0,0,0.0,NORMAL,False,,,,,,,,,,,,,,,,,False,,N/A,,,,,,,,,,,,,,,,,,,N/A,,True,CALL,2026-08-21,217.5,100.0,5024,37.183,1.58,0.686056075,0.023378589,0.144738775,-0.241165637,0.04771215,N/A,12,N/A,N/A,AMERICAN,100.0,N/A,False,,,,False,,,,False,,,,,,False,,,,,,N/A,N/A,N/A,N/A,N/A,N/A,N/A,N/A,N/A,N/A,N/A,N/A,N/A,N/A,N/A,N/A,N/A,N/A,N/A,N/A,N/A,N/A,N/A
US.NVDA260821P217500,NVDA 260821 217.50P,2026-08-07 15:59:18,3.15,4.6,4.65,3.15,5.7,1339.0,501735.0,0.0,False,N/A,100,0.05,US.NVDA,3.25,3.15,34.0,94.0,,,,,,,,26.316,3.74708737864,46.875,0.0,0.0,0.0,0.0,0.0,0.0,0,0.0,NORMAL,False,,,,,,,,,,,,,,,,,False,,N/A,,,,,,,,,,,,,,,,,,,N/A,,True,PUT,2026-08-21,217.5,100.0,2579,37.23,4.29,-0.314618389,0.02340246,0.144817617,-0.219327305,-0.02244684,N/A,12,N/A,N/A,AMERICAN,100.0,N/A,False,,,,False,,,,False,,,,,,False,,,,,,N/A,N/A,N/A,N/A,N/A,N/A,N/A,N/A,N/A,N/A,N/A,N/A,N/A,N/A,N/A,N/A,N/A,N/A,N/A,N/A,N/A,N/A,N/A
US.NVDA260821C220000,NVDA 260821 220.00C,2026-08-07 15:59:56,8.35,7.45,9.05,6.8,6.15,7429.0,5840160.0,0.0,False,N/A,100,0.05,US.NVDA,8.4,8.25,33.0,20.0,,,,,,,,36.585,7.86130030959,-24.528,0.0,0.0,0.0,0.0,0.0,0.0,0,0.0,NORMAL,False,,,,,,,,,,,,,,,,,False,,N/A,,,,,,,,,,,,,,,,,,,N/A,,True,CALL,2026-08-21,220.0,100.0,49957,37.01,1.96,0.624444175,0.025119851,0.154800766,-0.255046555,0.043662586,N/A,12,N/A,N/A,AMERICAN,100.0,N/A,False,,,,False,,,,False,,,,,,False,,,,,,N/A,N/A,N/A,N/A,N/A,N/A,N/A,N/A,N/A,N/A,N/A,N/A,N/A,N/A,N/A,N/A,N/A,N/A,N/A,N/A,N/A,N/A,N/A
US.NVDA260821P220000,NVDA 260821 220.00P,2026-08-07 15:59:55,4.08,5.0,5.95,4.0,6.888,5197.0,2353476.0,0.0,False,N/A,100,0.05,US.NVDA,4.15,4.05,68.0,2.0,,,,,,,,28.31,4.52852799692,-94.286,0.0,0.0,0.0,0.0,0.0,0.0,0,0.0,NORMAL,False,,,,,,,,,,,,,,,,,False,,N/A,,,,,,,,,,,,,,,,,,,N/A,,True,PUT,2026-08-21,220.0,100.0,11217,37.065,3.589,-0.376324532,0.025146801,0.154828405,-0.233115867,-0.026764971,N/A,12,N/A,N/A,AMERICAN,100.0,N/A,False,,,,False,,,,False,,,,,,False,,,,,,N/A,N/A,N/A,N/A,N/A,N/A,N/A,N/A,N/A,N/A,N/A,N/A,N/A,N/A,N/A,N/A,N/A,N/A,N/A,N/A,N/A,N/A,N/A
US.NVDA260821C222500,NVDA 260821 222.50C,2026-08-07 15:59:59,6.89,6.3,7.52,5.6,5.05,9923.0,6039885.0,0.0,False,N/A,100,0.05,US.NVDA,6.9,6.8,3.0,42.0,,,,,,,,38.02,6.08675299808,86.667,0.0,0.0,0.0,0.0,0.0,0.0,0,0.0,NORMAL,False,,,,,,,,,,,,,,,,,False,,N/A,,,,,,,,,,,,,,,,,,,N/A,,True,CALL,2026-08-21,222.5,100.0,10224,36.623,2.424,0.559807887,0.026394691,0.16095738,-0.260936674,0.039346671,N/A,12,N/A,N/A,AMERICAN,100.0,N/A,False,,,,False,,,,False,,,,,,False,,,,,,N/A,N/A,N/A,N/A,N/A,N/A,N/A,N/A,N/A,N/A,N/A,N/A,N/A,N/A,N/A,N/A,N/A,N/A,N/A,N/A,N/A,N/A,N/A
US.NVDA260821P222500,NVDA 260821 222.50P,2026-08-07 15:59:35,5.08,6.9,7.15,4.95,8.2893,2058.0,1198183.0,0.0,False,N/A,100,0.05,US.NVDA,5.15,5.05,9.0,16.0,,,,,,,,26.54,5.82207482993,28.0,0.0,0.0,0.0,0.0,0.0,0.0,0,0.0,NORMAL,False,,,,,,,,,,,,,,,,,False,,N/A,,,,,,,,,,,,,,,,,,,N/A,,True,PUT,2026-08-21,222.5,100.0,1164,36.528,2.92,-0.440924931,0.026543001,0.16090657,-0.237860051,-0.031165209,N/A,12,N/A,N/A,AMERICAN,100.0,N/A,False,,,,False,,,,False,,,,,,False,,,,,,N/A,N/A,N/A,N/A,N/A,N/A,N/A,N/A,N/A,N/A,N/A,N/A,N/A,N/A,N/A,N/A,N/A,N/A,N/A,N/A,N/A,N/A,N/A
US.NVDA260821C225000,NVDA 260821 225.00C,2026-08-07 15:59:51,5.59,5.05,6.19,4.48,4.075,22551.0,11765451.0,0.0,False,N/A,100,0.05,US.NVDA,5.65,5.55,33.0,72.0,,,,,,,,41.963,5.217263535979999,37.143,0.0,0.0,0.0,0.0,0.0,0.0,0,0.0,NORMAL,False,,,,,,,,,,,,,,,,,False,,N/A,,,,,,,,,,,,,,,,,,,N/A,,True,CALL,2026-08-21,225.0,100.0,37498,36.612,2.96,0.493223008,0.026699048,0.162767354,-0.262212826,0.034811188,N/A,12,N/A,N/A,AMERICAN,100.0,N/A,False,,,,False,,,,False,,,,,,False,,,,,,N/A,N/A,N/A,N/A,N/A,N/A,N/A,N/A,N/A,N/A,N/A,N/A,N/A,N/A,N/A,N/A,N/A,N/A,N/A,N/A,N/A,N/A,N/A
US.NVDA260821P225000,NVDA 260821 225.00P,2026-08-07 15:59:33,6.3,8.2,8.6,6.14,9.8165,1355.0,941452.0,0.0,False,N/A,100,0.05,US.NVDA,6.4,6.3,42.0,8.0,,,,,,,,25.06,6.9479852398499995,-68.0,0.0,0.0,0.0,0.0,0.0,0.0,0,0.0,NORMAL,False,,,,,,,,,,,,,,,,,False,,N/A,,,,,,,,,,,,,,,,,,,N/A,,True,PUT,2026-08-21,225.0,100.0,6912,36.523,2.348,-0.507906134,0.026867336,0.162634011,-0.239069433,-0.03562573,N/A,12,N/A,N/A,AMERICAN,100.0,N/A,False,,,,False,,,,False,,,,,,False,,,,,,N/A,N/A,N/A,N/A,N/A,N/A,N/A,N/A,N/A,N/A,N/A,N/A,N/A,N/A,N/A,N/A,N/A,N/A,N/A,N/A,N/A,N/A,N/A
US.NVDA260821C227500,NVDA 260821 227.50C,2026-08-07 15:59:29,4.55,4.25,5.0,3.55,3.25,3649.0,1533266.0,0.0,False,N/A,100,0.05,US.NVDA,4.5,4.4,7.0,11.0,,,,,,,,44.615,4.20187996711,22.222,0.0,0.0,0.0,0.0,0.0,0.0,0,0.0,NORMAL,False,,,,,,,,,,,,,,,,,False,,N/A,,,,,,,,,,,,,,,,,,,N/A,,True,CALL,2026-08-21,227.5,100.0,5273,36.196,3.612,0.426419828,0.026549434,0.160011346,-0.253390599,0.030226281,N/A,12,N/A,N/A,AMERICAN,100.0,N/A,False,,,,False,,,,False,,,,,,False,,,,,,N/A,N/A,N/A,N/A,N/A,N/A,N/A,N/A,N/A,N/A,N/A,N/A,N/A,N/A,N/A,N/A,N/A,N/A,N/A,N/A,N/A,N/A,N/A
US.NVDA260821P227500,NVDA 260821 227.50P,2026-08-07 13:01:11,8.93,9.25,9.5,7.53,11.495,67.0,59173.0,0.0,False,N/A,100,0.05,US.NVDA,7.8,7.7,23.0,1.0,,,,,,,,17.138,8.83179104477,-91.667,0.0,0.0,0.0,0.0,0.0,0.0,0,0.0,NORMAL,False,,,,,,,,,,,,,,,,,False,,N/A,,,,,,,,,,,,,,,,,,,N/A,,True,PUT,2026-08-21,227.5,100.0,277,36.418,2.406,-0.574321314,0.026527561,0.159791499,-0.232354639,-0.039834133,N/A,12,N/A,N/A,AMERICAN,100.0,N/A,False,,,,False,,,,False,,,,,,False,,,,,,N/A,N/A,N/A,N/A,N/A,N/A,N/A,N/A,N/A,N/A,N/A,N/A,N/A,N/A,N/A,N/A,N/A,N/A,N/A,N/A,N/A,N/A,N/A
US.NVDA260821C230000,NVDA 260821 230.00C,2026-08-07 15:59:59,3.55,3.2,4.0,2.75,2.565,19656.0,6556511.0,0.0,False,N/A,100,0.05,US.NVDA,3.55,3.5,3.0,5.0,,,,,,,,48.733,3.33562830687,25.0,0.0,0.0,0.0,0.0,0.0,0.0,0,0.0,NORMAL,False,,,,,,,,,,,,,,,,,False,,N/A,,,,,,,,,,,,,,,,,,,N/A,,True,CALL,2026-08-21,230.0,100.0,81227,36.174,4.282,0.362621104,0.02540742,0.153032576,-0.240645205,0.025790055,N/A,12,N/A,N/A,AMERICAN,100.0,N/A,False,,,,False,,,,False,,,,,,False,,,,,,N/A,N/A,N/A,N/A,N/A,N/A,N/A,N/A,N/A,N/A,N/A,N/A,N/A,N/A,N/A,N/A,N/A,N/A,N/A,N/A,N/A,N/A,N/A
US.NVDA260821P230000,NVDA 260821 230.00P,2026-08-07 15:58:46,9.2,10.68,11.39,9.05,13.3148,1315.0,1394025.0,0.0,False,N/A,100,0.05,US.NVDA,9.35,9.25,6.0,1.0,,,,,,,,17.574,10.60095057034,-71.429,0.0,0.0,0.0,0.0,0.0,0.0,0,0.0,NORMAL,False,,,,,,,,,,,,,,,,,False,,N/A,,,,,,,,,,,,,,,,,,,N/A,,True,PUT,2026-08-21,230.0,100.0,6063,36.238,1.41,-0.638830378,0.025540588,0.152608623,-0.218430078,-0.043609691,N/A,12,N/A,N/A,AMERICAN,100.0,N/A,False,,,,False,,,,False,,,,,,False,,,,,,N/A,N/A,N/A,N/A,N/A,N/A,N/A,N/A,N/A,N/A,N/A,N/A,N/A,N/A,N/A,N/A,N/A,N/A,N/A,N/A,N/A,N/A,N/A
US.NVDA260821C232500,NVDA 260821 232.50C,2026-08-07 15:59:49,2.76,2.51,3.15,2.11,2.01,2366.0,632364.0,0.0,False,N/A,100,0.01,US.NVDA,2.77,2.72,10.0,18.0,,,,,,,,51.741,2.6727134404,28.571,0.0,0.0,0.0,0.0,0.0,0.0,0,0.0,NORMAL,False,,,,,,,,,,,,,,,,,False,,N/A,,,,,,,,,,,,,,,,,,,N/A,,True,CALL,2026-08-21,232.5,100.0,4349,36.113,5.045,0.302762326,0.02369179,0.142450013,-0.222095707,0.021598618,N/A,12,N/A,N/A,AMERICAN,100.0,N/A,False,,,,False,,,,False,,,,,,False,,,,,,N/A,N/A,N/A,N/A,N/A,N/A,N/A,N/A,N/A,N/A,N/A,N/A,N/A,N/A,N/A,N/A,N/A,N/A,N/A,N/A,N/A,N/A,N/A
US.NVDA260821P232500,NVDA 260821 232.50P,2026-08-07 15:56:52,11.2,11.63,11.85,11.2,15.2657,5.0,5828.0,0.0,False,N/A,100,0.05,US.NVDA,11.2,10.7,10.0,65.0,,,,,,,,4.258,11.655999999999999,73.333,0.0,0.0,0.0,0.0,0.0,0.0,0,0.0,NORMAL,False,,,,,,,,,,,,,,,,,False,,N/A,,,,,,,,,,,,,,,,,,,N/A,,True,PUT,2026-08-21,232.5,100.0,312,35.674,1.187,-0.702006026,0.024123239,0.141142057,-0.195838829,-0.046770584,N/A,12,N/A,N/A,AMERICAN,100.0,N/A,False,,,,False,,,,False,,,,,,False,,,,,,N/A,N/A,N/A,N/A,N/A,N/A,N/A,N/A,N/A,N/A,N/A,N/A,N/A,N/A,N/A,N/A,N/A,N/A,N/A,N/A,N/A,N/A,N/A
US.NVDA260821C235000,NVDA 260821 235.00C,2026-08-07 15:59:44,2.12,2.02,2.45,1.57,1.56,6998.0,1430829.0,0.0,False,N/A,100,0.01,US.NVDA,2.14,2.08,74.0,22.0,,,,,,,,56.41,2.04462560731,-54.167,0.0,0.0,0.0,0.0,0.0,0.0,0,0.0,NORMAL,False,,,,,,,,,,,,,,,,,False,,N/A,,,,,,,,,,,,,,,,,,,N/A,,True,CALL,2026-08-21,235.0,100.0,32211,36.101,5.876,0.24848219,0.021501839,0.129230645,-0.199921917,0.017773801,N/A,12,N/A,N/A,AMERICAN,100.0,N/A,False,,,,False,,,,False,,,,,,False,,,,,,N/A,N/A,N/A,N/A,N/A,N/A,N/A,N/A,N/A,N/A,N/A,N/A,N/A,N/A,N/A,N/A,N/A,N/A,N/A,N/A,N/A,N/A,N/A
US.NVDA260821P235000,NVDA 260821 235.00P,2026-08-07 15:27:31,13.8,15.05,15.05,13.27,17.3231,104.0,145969.0,0.0,False,N/A,100,0.05,US.NVDA,13.0,12.55,53.0,43.0,,,,,,,,10.275,14.03548076923,-10.417,0.0,0.0,0.0,0.0,0.0,0.0,0,0.0,NORMAL,False,,,,,,,,,,,,,,,,,False,,N/A,,,,,,,,,,,,,,,,,,,N/A,,True,PUT,2026-08-21,235.0,100.0,1168,35.274,1.232,-0.75998268,0.022046274,0.126450451,-0.170144456,-0.04899501,N/A,12,N/A,N/A,AMERICAN,100.0,N/A,False,,,,False,,,,False,,,,,,False,,,,,,N/A,N/A,N/A,N/A,N/A,N/A,N/A,N/A,N/A,N/A,N/A,N/A,N/A,N/A,N/A,N/A,N/A,N/A,N/A,N/A,N/A,N/A,N/A
US.NVDA260821C237500,NVDA 260821 237.50C,2026-08-07 09:30:00,0.0,0.0,0.0,0.0,0.0,0.0,0.0,0.0,False,N/A,100,0.01,US.NVDA,0.0,0.0,0.0,0.0,,,,,,,,0.0,0.0,0.0,0.0,0.0,0.0,0.0,0.0,0.0,0,0.0,NORMAL,False,,,,,,,,,,,,,,,,,False,,N/A,,,,,,,,,,,,,,,,,,,N/A,,True,CALL,2026-08-21,237.5,100.0,0,0.0,6.045,0.0,0.0,0.0,0.0,0.0,N/A,12,N/A,N/A,AMERICAN,100.0,N/A,False,,,,False,,,,False,,,,,,False,,,,,,N/A,N/A,N/A,N/A,N/A,N/A,N/A,N/A,N/A,N/A,N/A,N/A,N/A,N/A,N/A,N/A,N/A,N/A,N/A,N/A,N/A,N/A,N/A
US.NVDA260821P237500,NVDA 260821 237.50P,2026-08-07 09:30:00,0.0,0.0,0.0,0.0,0.0,0.0,0.0,0.0,False,N/A,100,0.01,US.NVDA,0.0,0.0,0.0,0.0,,,,,,,,0.0,0.0,0.0,0.0,0.0,0.0,0.0,0.0,0.0,0,0.0,NORMAL,False,,,,,,,,,,,,,,,,,False,,N/A,,,,,,,,,,,,,,,,,,,N/A,,True,PUT,2026-08-21,237.5,100.0,0,0.0,-6.045,0.0,0.0,0.0,0.0,0.0,N/A,12,N/A,N/A,AMERICAN,100.0,N/A,False,,,,False,,,,False,,,,,,False,,,,,,N/A,N/A,N/A,N/A,N/A,N/A,N/A,N/A,N/A,N/A,N/A,N/A,N/A,N/A,N/A,N/A,N/A,N/A,N/A,N/A,N/A,N/A,N/A
US.NVDA260821C240000,NVDA 260821 240.00C,2026-08-07 15:59:54,1.2,1.21,1.43,0.88,0.935,12246.0,1413127.0,0.0,False,N/A,100,0.01,US.NVDA,1.22,1.19,3.0,5.0,,,,,,,,58.824,1.15394986117,25.0,0.0,0.0,0.0,0.0,0.0,0.0,0,0.0,NORMAL,False,,,,,,,,,,,,,,,,,False,,N/A,,,,,,,,,,,,,,,,,,,N/A,,True,CALL,2026-08-21,240.0,100.0,39685,36.219,7.697,0.159658781,0.01643963,0.099120456,-0.151290617,0.011470384,N/A,12,N/A,N/A,AMERICAN,100.0,N/A,False,,,,False,,,,False,,,,,,False,,,,,,N/A,N/A,N/A,N/A,N/A,N/A,N/A,N/A,N/A,N/A,N/A,N/A,N/A,N/A,N/A,N/A,N/A,N/A,N/A,N/A,N/A,N/A,N/A
US.NVDA260821P240000,NVDA 260821 240.00P,2026-08-07 15:46:11,17.88,18.48,18.75,16.78,21.7165,210.0,360502.0,0.0,False,N/A,100,0.05,US.NVDA,17.35,16.65,26.0,58.0,,,,,,,,9.071,17.16676190476,38.095,0.0,0.0,0.0,0.0,0.0,0.0,0,0.0,NORMAL,False,,,,,,,,,,,,,,,,,False,,N/A,,,,,,,,,,,,,,,,,,,N/A,,True,PUT,2026-08-21,240.0,100.0,1215,36.361,0.821,-0.84373532,0.016878399,0.097150025,-0.129337545,-0.050380004,N/A,12,N/A,N/A,AMERICAN,100.0,N/A,False,,,,False,,,,False,,,,,,False,,,,,,N/A,N/A,N/A,N/A,N/A,N/A,N/A,N/A,N/A,N/A,N/A,N/A,N/A,N/A,N/A,N/A,N/A,N/A,N/A,N/A,N/A,N/A,N/A
US.NVDA260821C242500,NVDA 260821 242.50C,2026-08-07 15:59:59,0.91,0.96,1.07,0.67,0.73,499.0,43191.0,0.0,False,N/A,100,0.01,US.NVDA,0.93,0.89,17.0,10.0,,,,,,,,54.795,0.8655511022,-25.926,0.0,0.0,0.0,0.0,0.0,0.0,0,0.0,NORMAL,False,,,,,,,,,,,,,,,,,False,,N/A,,,,,,,,,,,,,,,,,,,N/A,,True,CALL,2026-08-21,242.5,100.0,135,36.49,8.684,0.126344383,0.013928355,0.084605422,-0.128928081,0.009091448,N/A,12,N/A,N/A,AMERICAN,100.0,N/A,False,,,,False,,,,False,,,,,,False,,,,,,N/A,N/A,N/A,N/A,N/A,N/A,N/A,N/A,N/A,N/A,N/A,N/A,N/A,N/A,N/A,N/A,N/A,N/A,N/A,N/A,N/A,N/A,N/A
US.NVDA260821P242500,NVDA 260821 242.50P,2026-08-07 09:30:00,24.0219,0.0,0.0,0.0,24.0219,0.0,0.0,0.0,False,N/A,100,0.05,US.NVDA,19.6,18.85,10.0,10.0,,,,,,,,0.0,0.0,0.0,0.0,0.0,0.0,0.0,0.0,0.0,0,0.0,NORMAL,False,,,,,,,,,,,,,,,,,False,,N/A,,,,,,,,,,,,,,,,,,,N/A,,True,PUT,2026-08-21,242.5,100.0,6,36.803,2.447,-0.876838642,0.014494009,0.08240207,-0.108150004,-0.04946751,N/A,12,N/A,N/A,AMERICAN,100.0,N/A,False,,,,False,,,,False,,,,,,False,,,,,,N/A,N/A,N/A,N/A,N/A,N/A,N/A,N/A,N/A,N/A,N/A,N/A,N/A,N/A,N/A,N/A,N/A,N/A,N/A,N/A,N/A,N/A,N/A
US.NVDA260821C245000,NVDA 260821 245.00C,2026-08-07 15:59:51,0.69,0.73,0.84,0.49,0.57,1731.0,114423.0,0.0,False,N/A,100,0.01,US.NVDA,0.69,0.67,1.0,10.0,,,,,,,,61.404,0.6610225303199999,81.818,0.0,0.0,0.0,0.0,0.0,0.0,0,0.0,NORMAL,False,,,,,,,,,,,,,,,,,False,,N/A,,,,,,,,,,,,,,,,,,,N/A,,True,CALL,2026-08-21,245.0,100.0,16554,36.739,9.702,0.09872692,0.011597002,0.070926397,-0.107783887,0.00711449,N/A,12,N/A,N/A,AMERICAN,100.0,N/A,False,,,,False,,,,False,,,,,,False,,,,,,N/A,N/A,N/A,N/A,N/A,N/A,N/A,N/A,N/A,N/A,N/A,N/A,N/A,N/A,N/A,N/A,N/A,N/A,N/A,N/A,N/A,N/A,N/A
US.NVDA260821P245000,NVDA 260821 245.00P,2026-08-07 11:13:34,21.45,23.34,23.34,21.45,26.3734,104.0,230584.0,0.0,False,N/A,100,0.05,US.NVDA,21.95,21.15,10.0,21.0,,,,,,,,7.166,22.171538461529998,35.484,0.0,0.0,0.0,0.0,0.0,0.0,0,0.0,NORMAL,False,,,,,,,,,,,,,,,,,False,,N/A,,,,,,,,,,,,,,,,,,,N/A,,True,PUT,2026-08-21,245.0,100.0,46,37.765,0.183,-0.900847305,0.012406909,0.070338317,-0.092461945,-0.048013761,N/A,12,N/A,N/A,AMERICAN,100.0,N/A,False,,,,False,,,,False,,,,,,False,,,,,,N/A,N/A,N/A,N/A,N/A,N/A,N/A,N/A,N/A,N/A,N/A,N/A,N/A,N/A,N/A,N/A,N/A,N/A,N/A,N/A,N/A,N/A,N/A
US.NVDA260821C247500,NVDA 260821 247.50C,2026-08-07 09:30:00,0.0,0.0,0.0,0.0,0.0,0.0,0.0,0.0,False,N/A,100,0.01,US.NVDA,0.0,0.0,0.0,0.0,,,,,,,,0.0,0.0,0.0,0.0,0.0,0.0,0.0,0.0,0.0,0,0.0,NORMAL,False,,,,,,,,,,,,,,,,,False,,N/A,,,,,,,,,,,,,,,,,,,N/A,,True,CALL,2026-08-21,247.5,100.0,0,0.0,10.51,0.0,0.0,0.0,0.0,0.0,N/A,12,N/A,N/A,AMERICAN,100.0,N/A,False,,,,False,,,,False,,,,,,False,,,,,,N/A,N/A,N/A,N/A,N/A,N/A,N/A,N/A,N/A,N/A,N/A,N/A,N/A,N/A,N/A,N/A,N/A,N/A,N/A,N/A,N/A,N/A,N/A
US.NVDA260821P247500,NVDA 260821 247.50P,2026-08-07 09:30:00,0.0,0.0,0.0,0.0,0.0,0.0,0.0,0.0,False,N/A,100,0.01,US.NVDA,0.0,0.0,0.0,0.0,,,,,,,,0.0,0.0,0.0,0.0,0.0,0.0,0.0,0.0,0.0,0,0.0,NORMAL,False,,,,,,,,,,,,,,,,,False,,N/A,,,,,,,,,,,,,,,,,,,N/A,,True,PUT,2026-08-21,247.5,100.0,0,0.0,-10.51,0.0,0.0,0.0,0.0,0.0,N/A,12,N/A,N/A,AMERICAN,100.0,N/A,False,,,,False,,,,False,,,,,,False,,,,,,N/A,N/A,N/A,N/A,N/A,N/A,N/A,N/A,N/A,N/A,N/A,N/A,N/A,N/A,N/A,N/A,N/A,N/A,N/A,N/A,N/A,N/A,N/A
US.NVDA260821C250000,NVDA 260821 250.00C,2026-08-07 15:59:48,0.39,0.53,0.53,0.29,0.36,6401.0,242120.0,0.0,False,N/A,100,0.01,US.NVDA,0.4,0.39,7.0,8.0,,,,,,,,66.667,0.3782533979,6.667,0.0,0.0,0.0,0.0,0.0,0.0,0,0.0,NORMAL,False,,,,,,,,,,,,,,,,,False,,N/A,,,,,,,,,,,,,,,,,,,N/A,,True,CALL,2026-08-21,250.0,100.0,90351,37.741,11.801,0.060974592,0.007833117,0.049218368,-0.075372764,0.004402272,N/A,12,N/A,N/A,AMERICAN,100.0,N/A,False,,,,False,,,,False,,,,,,False,,,,,,N/A,N/A,N/A,N/A,N/A,N/A,N/A,N/A,N/A,N/A,N/A,N/A,N/A,N/A,N/A,N/A,N/A,N/A,N/A,N/A,N/A,N/A,N/A
US.NVDA260821P250000,NVDA 260821 250.00P,2026-08-07 15:08:22,27.68,28.7,28.7,26.7,31.1874,44.0,121872.0,0.0,False,N/A,100,0.05,US.NVDA,26.7,25.9,70.0,119.0,,,,,,,,6.413,27.69818181818,25.926,0.0,0.0,0.0,0.0,0.0,0.0,0,0.0,NORMAL,False,,,,,,,,,,,,,,,,,False,,N/A,,,,,,,,,,,,,,,,,,,N/A,,True,PUT,2026-08-21,250.0,100.0,640,39.486,0.732,-0.937944581,0.009072316,0.048856817,-0.063316208,-0.042643275,N/A,12,N/A,N/A,AMERICAN,100.0,N/A,False,,,,False,,,,False,,,,,,False,,,,,,N/A,N/A,N/A,N/A,N/A,N/A,N/A,N/A,N/A,N/A,N/A,N/A,N/A,N/A,N/A,N/A,N/A,N/A,N/A,N/A,N/A,N/A,N/A
US.NVDA260821C255000,NVDA 260821 255.00C,2026-08-07 15:59:56,0.24,0.38,0.38,0.19,0.24,760.0,19599.0,0.0,False,N/A,100,0.01,US.NVDA,0.24,0.23,3.0,69.0,,,,,,,,79.167,0.25788157894,91.667,0.0,0.0,0.0,0.0,0.0,0.0,0,0.0,NORMAL,False,,,,,,,,,,,,,,,,,False,,N/A,,,,,,,,,,,,,,,,,,,N/A,,True,CALL,2026-08-21,255.0,100.0,8251,38.943,13.966,0.037880425,0.005187599,0.033642177,-0.052147809,0.002738365,N/A,12,N/A,N/A,AMERICAN,100.0,N/A,False,,,,False,,,,False,,,,,,False,,,,,,N/A,N/A,N/A,N/A,N/A,N/A,N/A,N/A,N/A,N/A,N/A,N/A,N/A,N/A,N/A,N/A,N/A,N/A,N/A,N/A,N/A,N/A,N/A
US.NVDA260821P255000,NVDA 260821 255.00P,2026-08-07 09:30:00,36.0913,0.0,0.0,0.0,36.0913,0.0,0.0,0.0,False,N/A,100,0.05,US.NVDA,31.9,30.5,10.0,10.0,,,,,,,,0.0,0.0,0.0,0.0,0.0,0.0,0.0,0.0,0.0,0,0.0,NORMAL,False,,,,,,,,,,,,,,,,,False,,N/A,,,,,,,,,,,,,,,,,,,N/A,,True,PUT,2026-08-21,255.0,100.0,60,42.488,2.255,-0.9565978,0.006947785,0.036436674,-0.048616612,-0.037969347,N/A,12,N/A,N/A,AMERICAN,100.0,N/A,False,,,,False,,,,False,,,,,,False,,,,,,N/A,N/A,N/A,N/A,N/A,N/A,N/A,N/A,N/A,N/A,N/A,N/A,N/A,N/A,N/A,N/A,N/A,N/A,N/A,N/A,N/A,N/A,N/A
US.NVDA260821C260000,NVDA 260821 260.00C,2026-08-07 15:58:17,0.15,0.32,0.32,0.12,0.17,2112.0,36852.0,0.0,False,N/A,100,0.01,US.NVDA,0.16,0.15,34.0,10.0,,,,,,,,117.647,0.17448863635999998,-54.545,0.0,0.0,0.0,0.0,0.0,0.0,0,0.0,NORMAL,False,,,,,,,,,,,,,,,,,False,,N/A,,,,,,,,,,,,,,,,,,,N/A,,True,CALL,2026-08-21,260.0,100.0,24278,40.749,16.159,0.025266083,0.00354615,0.024070728,-0.038393145,0.001827058,N/A,12,N/A,N/A,AMERICAN,100.0,N/A,False,,,,False,,,,False,,,,,,False,,,,,,N/A,N/A,N/A,N/A,N/A,N/A,N/A,N/A,N/A,N/A,N/A,N/A,N/A,N/A,N/A,N/A,N/A,N/A,N/A,N/A,N/A,N/A,N/A
US.NVDA260821P260000,NVDA 260821 260.00P,2026-08-07 15:11:37,37.34,37.34,37.34,37.34,41.0437,2.0,7468.0,0.0,False,N/A,100,0.05,US.NVDA,36.85,35.4,10.0,10.0,,,,,,,,0.0,37.34,0.0,0.0,0.0,0.0,0.0,0.0,0.0,0,0.0,NORMAL,False,,,,,,,,,,,,,,,,,False,,N/A,,,,,,,,,,,,,,,,,,,N/A,,True,PUT,2026-08-21,260.0,100.0,3,45.005,0.58,-0.971429027,0.005421371,0.025455634,-0.033828622,-0.03140213,N/A,12,N/A,N/A,AMERICAN,100.0,N/A,False,,,,False,,,,False,,,,,,False,,,,,,N/A,N/A,N/A,N/A,N/A,N/A,N/A,N/A,N/A,N/A,N/A,N/A,N/A,N/A,N/A,N/A,N/A,N/A,N/A,N/A,N/A,N/A,N/A
US.NVDA260821C265000,NVDA 260821 265.00C,2026-08-07 15:59:25,0.1,0.16,0.16,0.08,0.125,284.0,3150.0,0.0,False,N/A,100,0.01,US.NVDA,0.1,0.09,1.0,236.0,,,,,,,,64.0,0.11091549295,99.156,0.0,0.0,0.0,0.0,0.0,0.0,0,0.0,NORMAL,False,,,,,,,,,,,,,,,,,False,,N/A,,,,,,,,,,,,,,,,,,,N/A,,True,CALL,2026-08-21,265.0,100.0,6785,41.955,18.369,0.015927063,0.002328878,0.016282656,-0.026240971,0.00115263,N/A,12,N/A,N/A,AMERICAN,100.0,N/A,False,,,,False,,,,False,,,,,,False,,,,,,N/A,N/A,N/A,N/A,N/A,N/A,N/A,N/A,N/A,N/A,N/A,N/A,N/A,N/A,N/A,N/A,N/A,N/A,N/A,N/A,N/A,N/A,N/A
US.NVDA260821P265000,NVDA 260821 265.00P,2026-08-07 09:30:00,46.0202,0.0,0.0,0.0,46.0202,0.0,0.0,0.0,False,N/A,100,0.05,US.NVDA,41.8,40.35,10.0,10.0,,,,,,,,0.0,0.0,0.0,0.0,0.0,0.0,0.0,0.0,0.0,0,0.0,NORMAL,False,,,,,,,,,,,,,,,,,False,,N/A,,,,,,,,,,,,,,,,,,,N/A,,True,PUT,2026-08-21,265.0,100.0,0,47.171,2.223,-0.983238409,0.004324092,0.015776852,-0.019864319,-0.022828129,N/A,12,N/A,N/A,AMERICAN,100.0,N/A,False,,,,False,,,,False,,,,,,False,,,,,,N/A,N/A,N/A,N/A,N/A,N/A,N/A,N/A,N/A,N/A,N/A,N/A,N/A,N/A,N/A,N/A,N/A,N/A,N/A,N/A,N/A,N/A,N/A
US.NVDA260821C270000,NVDA 260821 270.00C,2026-08-07 15:42:34,0.06,0.1,0.1,0.06,0.0912,388.0,3451.0,0.0,False,N/A,100,0.01,US.NVDA,0.07,0.06,2.0,253.0,,,,,,,,43.86,0.08894329896,98.431,0.0,0.0,0.0,0.0,0.0,0.0,0,0.0,NORMAL,False,,,,,,,,,,,,,,,,,False,,N/A,,,,,,,,,,,,,,,,,,,N/A,,True,CALL,2026-08-21,270.0,100.0,15095,43.686,20.584,0.010925195,0.001614946,0.011761074,-0.019429651,0.000790703,N/A,12,N/A,N/A,AMERICAN,100.0,N/A,False,,,,False,,,,False,,,,,,False,,,,,,N/A,N/A,N/A,N/A,N/A,N/A,N/A,N/A,N/A,N/A,N/A,N/A,N/A,N/A,N/A,N/A,N/A,N/A,N/A,N/A,N/A,N/A,N/A
US.NVDA260821P270000,NVDA 260821 270.00P,2026-08-07 09:30:00,51.01,0.0,0.0,0.0,51.01,0.0,0.0,0.0,False,N/A,100,0.05,US.NVDA,46.8,45.35,10.0,10.0,,,,,,,,0.0,0.0,0.0,0.0,0.0,0.0,0.0,0.0,0.0,0,0.0,NORMAL,False,,,,,,,,,,,,,,,,,False,,N/A,,,,,,,,,,,,,,,,,,,N/A,,True,PUT,2026-08-21,270.0,100.0,12,51.544,2.219,-0.984429411,0.003731771,0.014828205,-0.020361556,-0.022994762,N/A,12,N/A,N/A,AMERICAN,100.0,N/A,False,,,,False,,,,False,,,,,,False,,,,,,N/A,N/A,N/A,N/A,N/A,N/A,N/A,N/A,N/A,N/A,N/A,N/A,N/A,N/A,N/A,N/A,N/A,N/A,N/A,N/A,N/A,N/A,N/A
US.NVDA260821C275000,NVDA 260821 275.00C,2026-08-07 15:55:02,0.05,0.09,0.09,0.04,0.0738,2045.0,9265.0,0.0,False,N/A,100,0.01,US.NVDA,0.06,0.04,9.0,389.0,,,,,,,,67.751,0.04530562347,95.477,0.0,0.0,0.0,0.0,0.0,0.0,0,0.0,NORMAL,False,,,,,,,,,,,,,,,,,False,,N/A,,,,,,,,,,,,,,,,,,,N/A,,True,CALL,2026-08-21,275.0,100.0,7917,45.899,22.812,0.008245865,0.001201854,0.009198289,-0.015777391,0.000596476,N/A,12,N/A,N/A,AMERICAN,100.0,N/A,False,,,,False,,,,False,,,,,,False,,,,,,N/A,N/A,N/A,N/A,N/A,N/A,N/A,N/A,N/A,N/A,N/A,N/A,N/A,N/A,N/A,N/A,N/A,N/A,N/A,N/A,N/A,N/A,N/A
US.NVDA260821P275000,NVDA 260821 275.00P,2026-08-07 09:30:00,56.01,0.0,0.0,0.0,56.01,0.0,0.0,0.0,False,N/A,100,0.05,US.NVDA,51.8,50.4,10.0,10.0,,,,,,,,0.0,0.0,0.0,0.0,0.0,0.0,0.0,0.0,0.0,0,0.0,NORMAL,False,,,,,,,,,,,,,,,,,False,,N/A,,,,,,,,,,,,,,,,,,,N/A,,True,PUT,2026-08-21,275.0,100.0,0,57.342,2.219,-0.980792318,0.003399982,0.018075517,-0.029433253,-0.028461776,N/A,12,N/A,N/A,AMERICAN,100.0,N/A,False,,,,False,,,,False,,,,,,False,,,,,,N/A,N/A,N/A,N/A,N/A,N/A,N/A,N/A,N/A,N/A,N/A,N/A,N/A,N/A,N/A,N/A,N/A,N/A,N/A,N/A,N/A,N/A,N/A
US.NVDA260821C280000,NVDA 260821 280.00C,2026-08-07 15:49:54,0.03,0.06,0.06,0.03,0.0563,2362.0,9688.0,0.0,False,N/A,100,0.01,US.NVDA,0.04,0.03,11.0,278.0,,,,,,,,53.286,0.04101608806,92.388,0.0,0.0,0.0,0.0,0.0,0.0,0,0.0,NORMAL,False,,,,,,,,,,,,,,,,,False,,N/A,,,,,,,,,,,,,,,,,,,N/A,,True,CALL,2026-08-21,280.0,100.0,11765,47.452,25.035,0.005784415,0.00085006,0.006728346,-0.011757934,0.000418449,N/A,12,N/A,N/A,AMERICAN,100.0,N/A,False,,,,False,,,,False,,,,,,False,,,,,,N/A,N/A,N/A,N/A,N/A,N/A,N/A,N/A,N/A,N/A,N/A,N/A,N/A,N/A,N/A,N/A,N/A,N/A,N/A,N/A,N/A,N/A,N/A
US.NVDA260821P280000,NVDA 260821 280.00P,2026-08-07 09:30:00,61.01,0.0,0.0,0.0,61.01,0.0,0.0,0.0,False,N/A,100,0.05,US.NVDA,56.8,55.35,10.0,15.0,,,,,,,,0.0,0.0,20.0,0.0,0.0,0.0,0.0,0.0,0.0,0,0.0,NORMAL,False,,,,,,,,,,,,,,,,,False,,N/A,,,,,,,,,,,,,,,,,,,N/A,,True,PUT,2026-08-21,280.0,100.0,2,59.914,2.219,-0.986239145,0.002913736,0.013353988,-0.02122041,-0.02332894,N/A,12,N/A,N/A,AMERICAN,100.0,N/A,False,,,,False,,,,False,,,,,,False,,,,,,N/A,N/A,N/A,N/A,N/A,N/A,N/A,N/A,N/A,N/A,N/A,N/A,N/A,N/A,N/A,N/A,N/A,N/A,N/A,N/A,N/A,N/A,N/A
US.NVDA260821C285000,NVDA 260821 285.00C,2026-08-07 15:18:27,0.03,0.04,0.04,0.03,0.045,1405.0,5562.0,0.0,False,N/A,100,0.01,US.NVDA,0.04,0.03,30.0,187.0,,,,,,,,22.222,0.03958718861,72.35,0.0,0.0,0.0,0.0,0.0,0.0,0,0.0,NORMAL,False,,,,,,,,,,,,,,,,,False,,N/A,,,,,,,,,,,,,,,,,,,N/A,,True,CALL,2026-08-21,285.0,100.0,8603,50.759,27.268,0.005447471,0.000753426,0.006378249,-0.011886608,0.000393396,N/A,12,N/A,N/A,AMERICAN,100.0,N/A,False,,,,False,,,,False,,,,,,False,,,,,,N/A,N/A,N/A,N/A,N/A,N/A,N/A,N/A,N/A,N/A,N/A,N/A,N/A,N/A,N/A,N/A,N/A,N/A,N/A,N/A,N/A,N/A,N/A
US.NVDA260821P285000,NVDA 260821 285.00P,2026-08-07 09:30:00,66.01,0.0,0.0,0.0,66.01,0.0,0.0,0.0,False,N/A,100,0.05,US.NVDA,61.8,60.4,10.0,10.0,,,,,,,,0.0,0.0,0.0,0.0,0.0,0.0,0.0,0.0,0.0,0,0.0,NORMAL,False,,,,,,,,,,,,,,,,,False,,N/A,,,,,,,,,,,,,,,,,,,N/A,,True,PUT,2026-08-21,285.0,100.0,0,65.64,2.219,-0.982783118,0.002729083,0.016480119,-0.030633872,-0.028912228,N/A,12,N/A,N/A,AMERICAN,100.0,N/A,False,,,,False,,,,False,,,,,,False,,,,,,N/A,N/A,N/A,N/A,N/A,N/A,N/A,N/A,N/A,N/A,N/A,N/A,N/A,N/A,N/A,N/A,N/A,N/A,N/A,N/A,N/A,N/A,N/A
US.NVDA260821C290000,NVDA 260821 290.00C,2026-08-07 15:13:31,0.02,0.03,0.04,0.02,0.035,678.0,2019.0,0.0,False,N/A,100,0.01,US.NVDA,0.03,0.02,10.0,114.0,,,,,,,,57.143,0.029778761060000002,83.871,0.0,0.0,0.0,0.0,0.0,0.0,0,0.0,NORMAL,False,,,,,,,,,,,,,,,,,False,,N/A,,,,,,,,,,,,,,,,,,,N/A,,True,CALL,2026-08-21,290.0,100.0,5984,52.126,29.496,0.003907311,0.0005454,0.004743016,-0.008954529,0.000282206,N/A,12,N/A,N/A,AMERICAN,100.0,N/A,False,,,,False,,,,False,,,,,,False,,,,,,N/A,N/A,N/A,N/A,N/A,N/A,N/A,N/A,N/A,N/A,N/A,N/A,N/A,N/A,N/A,N/A,N/A,N/A,N/A,N/A,N/A,N/A,N/A
US.NVDA260821P290000,NVDA 260821 290.00P,2026-08-07 09:30:00,71.01,0.0,0.0,0.0,71.01,0.0,0.0,0.0,False,N/A,100,0.05,US.NVDA,66.8,65.4,10.0,10.0,,,,,,,,0.0,0.0,0.0,0.0,0.0,0.0,0.0,0.0,0.0,0,0.0,NORMAL,False,,,,,,,,,,,,,,,,,False,,N/A,,,,,,,,,,,,,,,,,,,N/A,,True,PUT,2026-08-21,290.0,100.0,0,69.628,2.219,-0.983576149,0.002481819,0.015833219,-0.031170809,-0.029136302,N/A,12,N/A,N/A,AMERICAN,100.0,N/A,False,,,,False,,,,False,,,,,,False,,,,,,N/A,N/A,N/A,N/A,N/A,N/A,N/A,N/A,N/A,N/A,N/A,N/A,N/A,N/A,N/A,N/A,N/A,N/A,N/A,N/A,N/A,N/A,N/A
US.NVDA260821C295000,NVDA 260821 295.00C,2026-08-07 15:55:01,0.02,0.03,0.03,0.02,0.0259,24.0,51.0,0.0,False,N/A,100,0.01,US.NVDA,0.03,0.02,55.0,27.0,,,,,,,,38.61,0.02125,-34.146,0.0,0.0,0.0,0.0,0.0,0.0,0,0.0,NORMAL,False,,,,,,,,,,,,,,,,,False,,N/A,,,,,,,,,,,,,,,,,,,N/A,,True,CALL,2026-08-21,295.0,100.0,4113,55.185,31.728,0.003712978,0.000492137,0.004530364,-0.009031975,0.000267757,N/A,12,N/A,N/A,AMERICAN,100.0,N/A,False,,,,False,,,,False,,,,,,False,,,,,,N/A,N/A,N/A,N/A,N/A,N/A,N/A,N/A,N/A,N/A,N/A,N/A,N/A,N/A,N/A,N/A,N/A,N/A,N/A,N/A,N/A,N/A,N/A
US.NVDA260821P295000,NVDA 260821 295.00P,2026-08-07 09:30:00,76.01,0.0,0.0,0.0,76.01,0.0,0.0,0.0,False,N/A,100,0.05,US.NVDA,71.8,70.35,10.0,15.0,,,,,,,,0.0,0.0,20.0,0.0,0.0,0.0,0.0,0.0,0.0,0,0.0,NORMAL,False,,,,,,,,,,,,,,,,,False,,N/A,,,,,,,,,,,,,,,,,,,N/A,,True,PUT,2026-08-21,295.0,100.0,0,71.674,2.219,-0.988084663,0.002181647,0.011805992,-0.022275891,-0.023831819,N/A,12,N/A,N/A,AMERICAN,100.0,N/A,False,,,,False,,,,False,,,,,,False,,,,,,N/A,N/A,N/A,N/A,N/A,N/A,N/A,N/A,N/A,N/A,N/A,N/A,N/A,N/A,N/A,N/A,N/A,N/A,N/A,N/A,N/A,N/A,N/A
US.NVDA260821C300000,NVDA 260821 300.00C,2026-08-07 15:59:38,0.02,0.02,0.03,0.01,0.0167,1387.0,2601.0,0.0,False,N/A,100,0.01,US.NVDA,0.02,0.01,12.0,262.0,,,,,,,,119.76,0.01875270367,91.241,0.0,0.0,0.0,0.0,0.0,0.0,0,0.0,NORMAL,False,,,,,,,,,,,,,,,,,False,,N/A,,,,,,,,,,,,,,,,,,,N/A,,True,CALL,2026-08-21,300.0,100.0,28446,55.405,33.961,0.002308974,0.000319445,0.002954149,-0.00580125,0.000166691,N/A,12,N/A,N/A,AMERICAN,100.0,N/A,False,,,,False,,,,False,,,,,,False,,,,,,N/A,N/A,N/A,N/A,N/A,N/A,N/A,N/A,N/A,N/A,N/A,N/A,N/A,N/A,N/A,N/A,N/A,N/A,N/A,N/A,N/A,N/A,N/A
US.NVDA260821P300000,NVDA 260821 300.00P,2026-08-07 09:30:00,81.01,0.0,0.0,0.0,81.01,0.0,0.0,0.0,False,N/A,100,0.05,US.NVDA,76.8,75.4,15.0,10.0,,,,,,,,0.0,0.0,-20.0,0.0,0.0,0.0,0.0,0.0,0.0,0,0.0,NORMAL,False,,,,,,,,,,,,,,,,,False,,N/A,,,,,,,,,,,,,,,,,,,N/A,,True,PUT,2026-08-21,300.0,100.0,0,77.319,2.219,-0.984880374,0.002100079,0.014754171,-0.03214668,-0.029581783,N/A,12,N/A,N/A,AMERICAN,100.0,N/A,False,,,,False,,,,False,,,,,,False,,,,,,N/A,N/A,N/A,N/A,N/A,N/A,N/A,N/A,N/A,N/A,N/A,N/A,N/A,N/A,N/A,N/A,N/A,N/A,N/A,N/A,N/A,N/A,N/A
US.NVDA260821C305000,NVDA 260821 305.00C,2026-08-07 10:24:49,0.01,0.02,0.02,0.01,0.01,136.0,248.0,0.0,False,N/A,100,0.01,US.NVDA,0.02,0.01,39.0,23.0,,,,,,,,100.0,0.01823529411,-25.806,0.0,0.0,0.0,0.0,0.0,0.0,0,0.0,NORMAL,False,,,,,,,,,,,,,,,,,False,,N/A,,,,,,,,,,,,,,,,,,,N/A,,True,CALL,2026-08-21,305.0,100.0,468,58.214,36.189,0.002208462,0.00029202,0.002836952,-0.005840811,0.000159217,N/A,12,N/A,N/A,AMERICAN,100.0,N/A,False,,,,False,,,,False,,,,,,False,,,,,,N/A,N/A,N/A,N/A,N/A,N/A,N/A,N/A,N/A,N/A,N/A,N/A,N/A,N/A,N/A,N/A,N/A,N/A,N/A,N/A,N/A,N/A,N/A
US.NVDA260821P305000,NVDA 260821 305.00P,2026-08-07 09:30:00,86.01,0.0,0.0,0.0,86.01,0.0,0.0,0.0,False,N/A,100,0.05,US.NVDA,81.8,80.35,10.0,10.0,,,,,,,,0.0,0.0,0.0,0.0,0.0,0.0,0.0,0.0,0.0,0,0.0,NORMAL,False,,,,,,,,,,,,,,,,,False,,N/A,,,,,,,,,,,,,,,,,,,N/A,,True,PUT,2026-08-21,305.0,100.0,0,79.063,2.219,-0.988968886,0.001867614,0.011046637,-0.022872566,-0.024166544,N/A,12,N/A,N/A,AMERICAN,100.0,N/A,False,,,,False,,,,False,,,,,,False,,,,,,N/A,N/A,N/A,N/A,N/A,N/A,N/A,N/A,N/A,N/A,N/A,N/A,N/A,N/A,N/A,N/A,N/A,N/A,N/A,N/A,N/A,N/A,N/A
US.NVDA260821C310000,NVDA 260821 310.00C,2026-08-07 15:11:01,0.01,0.01,0.02,0.01,0.0059,13.0,14.0,0.0,False,N/A,100,0.01,US.NVDA,0.02,0.01,73.0,72.0,,,,,,,,169.492,0.01076923076,-0.69,0.0,0.0,0.0,0.0,0.0,0.0,0,0.0,NORMAL,False,,,,,,,,,,,,,,,,,False,,N/A,,,,,,,,,,,,,,,,,,,N/A,,True,CALL,2026-08-21,310.0,100.0,11659,60.962,38.422,0.002118723,0.000268564,0.002731853,-0.00587798,0.000152545,N/A,12,N/A,N/A,AMERICAN,100.0,N/A,False,,,,False,,,,False,,,,,,False,,,,,,N/A,N/A,N/A,N/A,N/A,N/A,N/A,N/A,N/A,N/A,N/A,N/A,N/A,N/A,N/A,N/A,N/A,N/A,N/A,N/A,N/A,N/A,N/A
US.NVDA260821P310000,NVDA 260821 310.00P,2026-08-07 09:30:00,91.01,0.0,0.0,0.0,91.01,0.0,0.0,0.0,False,N/A,100,0.05,US.NVDA,86.8,85.4,15.0,10.0,,,,,,,,0.0,0.0,-20.0,0.0,0.0,0.0,0.0,0.0,0.0,0,0.0,NORMAL,False,,,,,,,,,,,,,,,,,False,,N/A,,,,,,,,,,,,,,,,,,,N/A,,True,PUT,2026-08-21,310.0,100.0,0,84.667,2.219,-0.985909576,0.001820726,0.013888525,-0.033018902,-0.030023916,N/A,12,N/A,N/A,AMERICAN,100.0,N/A,False,,,,False,,,,False,,,,,,False,,,,,,N/A,N/A,N/A,N/A,N/A,N/A,N/A,N/A,N/A,N/A,N/A,N/A,N/A,N/A,N/A,N/A,N/A,N/A,N/A,N/A,N/A,N/A,N/A
US.NVDA260821C315000,NVDA 260821 315.00C,2026-08-07 15:26:21,0.01,0.01,0.02,0.01,0.0034,71.0,81.0,0.0,False,N/A,100,0.01,US.NVDA,0.02,0.0,10.0,0.0,,,,,,,,294.118,0.0114084507,-100.0,0.0,0.0,0.0,0.0,0.0,0.0,0,0.0,NORMAL,False,,,,,,,,,,,,,,,,,False,,N/A,,,,,,,,,,,,,,,,,,,N/A,,True,CALL,2026-08-21,315.0,100.0,315,61.445,40.654,0.001443639,0.000187934,0.001927656,-0.004116615,0.000104013,N/A,12,N/A,N/A,AMERICAN,100.0,N/A,False,,,,False,,,,False,,,,,,False,,,,,,N/A,N/A,N/A,N/A,N/A,N/A,N/A,N/A,N/A,N/A,N/A,N/A,N/A,N/A,N/A,N/A,N/A,N/A,N/A,N/A,N/A,N/A,N/A
US.NVDA260821P315000,NVDA 260821 315.00P,2026-08-07 09:30:00,96.01,0.0,0.0,0.0,96.01,0.0,0.0,0.0,False,N/A,100,0.05,US.NVDA,91.8,90.35,10.0,10.0,,,,,,,,0.0,0.0,0.0,0.0,0.0,0.0,0.0,0.0,0.0,0,0.0,NORMAL,False,,,,,,,,,,,,,,,,,False,,N/A,,,,,,,,,,,,,,,,,,,N/A,,True,PUT,2026-08-21,315.0,100.0,0,86.137,2.219,-0.989675376,0.00163385,0.010430908,-0.023407012,-0.024499974,N/A,12,N/A,N/A,AMERICAN,100.0,N/A,False,,,,False,,,,False,,,,,,False,,,,,,N/A,N/A,N/A,N/A,N/A,N/A,N/A,N/A,N/A,N/A,N/A,N/A,N/A,N/A,N/A,N/A,N/A,N/A,N/A,N/A,N/A,N/A,N/A
US.NVDA260821C320000,NVDA 260821 320.00C,2026-08-07 15:45:42,0.01,0.01,0.01,0.01,0.002,53.0,53.0,0.0,False,N/A,100,0.01,US.NVDA,0.02,0.0,12.0,0.0,,,,,,,,0.0,0.01,-100.0,0.0,0.0,0.0,0.0,0.0,0.0,0,0.0,NORMAL,False,,,,,,,,,,,,,,,,,False,,N/A,,,,,,,,,,,,,,,,,,,N/A,,True,CALL,2026-08-21,320.0,100.0,9192,64.005,42.887,0.001391376,0.000174443,0.001863564,-0.004138215,0.000100127,N/A,12,N/A,N/A,AMERICAN,100.0,N/A,False,,,,False,,,,False,,,,,,False,,,,,,N/A,N/A,N/A,N/A,N/A,N/A,N/A,N/A,N/A,N/A,N/A,N/A,N/A,N/A,N/A,N/A,N/A,N/A,N/A,N/A,N/A,N/A,N/A
US.NVDA260821P320000,NVDA 260821 320.00P,2026-08-07 09:30:00,101.01,0.0,0.0,0.0,101.01,0.0,0.0,0.0,False,N/A,100,0.05,US.NVDA,96.8,95.35,10.0,10.0,,,,,,,,0.0,0.0,0.0,0.0,0.0,0.0,0.0,0.0,0.0,0,0.0,NORMAL,False,,,,,,,,,,,,,,,,,False,,N/A,,,,,,,,,,,,,,,,,,,N/A,,True,PUT,2026-08-21,320.0,100.0,0,89.567,2.219,-0.989978247,0.001538349,0.010164338,-0.023654591,-0.024665723,N/A,12,N/A,N/A,AMERICAN,100.0,N/A,False,,,,False,,,,False,,,,,,False,,,,,,N/A,N/A,N/A,N/A,N/A,N/A,N/A,N/A,N/A,N/A,N/A,N/A,N/A,N/A,N/A,N/A,N/A,N/A,N/A,N/A,N/A,N/A,N/A
US.NVDA260821C325000,NVDA 260821 325.00C,2026-08-07 15:07:31,0.01,0.03,0.03,0.01,0.0011,22.0,42.0,0.0,False,N/A,100,0.01,US.NVDA,0.01,0.0,10.0,0.0,,,,,,,,1818.182,0.01909090909,-100.0,0.0,0.0,0.0,0.0,0.0,0.0,0,0.0,NORMAL,False,,,,,,,,,,,,,,,,,False,,N/A,,,,,,,,,,,,,,,,,,,N/A,,True,CALL,2026-08-21,325.0,100.0,3750,66.515,45.119,0.001343907,0.00016262,0.001805159,-0.004158707,9.6598e-05,N/A,12,N/A,N/A,AMERICAN,100.0,N/A,False,,,,False,,,,False,,,,,,False,,,,,,N/A,N/A,N/A,N/A,N/A,N/A,N/A,N/A,N/A,N/A,N/A,N/A,N/A,N/A,N/A,N/A,N/A,N/A,N/A,N/A,N/A,N/A,N/A
US.NVDA260821P325000,NVDA 260821 325.00P,2026-08-07 09:30:00,106.01,0.0,0.0,0.0,106.01,0.0,0.0,0.0,False,N/A,100,0.05,US.NVDA,101.8,100.35,10.0,16.0,,,,,,,,0.0,0.0,23.077,0.0,0.0,0.0,0.0,0.0,0.0,0,0.0,NORMAL,False,,,,,,,,,,,,,,,,,False,,N/A,,,,,,,,,,,,,,,,,,,N/A,,True,PUT,2026-08-21,325.0,100.0,5,92.929,2.219,-0.990253552,0.001453955,0.009920624,-0.023891345,-0.024831077,N/A,12,N/A,N/A,AMERICAN,100.0,N/A,False,,,,False,,,,False,,,,,,False,,,,,,N/A,N/A,N/A,N/A,N/A,N/A,N/A,N/A,N/A,N/A,N/A,N/A,N/A,N/A,N/A,N/A,N/A,N/A,N/A,N/A,N/A,N/A,N/A
US.NVDA260821C330000,NVDA 260821 330.00C,2026-08-07 15:07:28,0.01,0.01,0.01,0.01,0.0006,10.0,10.0,0.0,False,N/A,100,0.01,US.NVDA,0.01,0.0,1.0,0.0,,,,,,,,0.0,0.01,-100.0,0.0,0.0,0.0,0.0,0.0,0.0,0,0.0,NORMAL,False,,,,,,,,,,,,,,,,,False,,N/A,,,,,,,,,,,,,,,,,,,N/A,,True,CALL,2026-08-21,330.0,100.0,1564,68.977,47.352,0.001300579,0.000152189,0.001751684,-0.00417817,9.3377e-05,N/A,12,N/A,N/A,AMERICAN,100.0,N/A,False,,,,False,,,,False,,,,,,False,,,,,,N/A,N/A,N/A,N/A,N/A,N/A,N/A,N/A,N/A,N/A,N/A,N/A,N/A,N/A,N/A,N/A,N/A,N/A,N/A,N/A,N/A,N/A,N/A
US.NVDA260821P330000,NVDA 260821 330.00P,2026-08-07 09:30:00,111.01,0.0,0.0,0.0,111.01,0.0,0.0,0.0,False,N/A,100,0.05,US.NVDA,106.8,105.35,10.0,10.0,,,,,,,,0.0,0.0,0.0,0.0,0.0,0.0,0.0,0.0,0.0,0,0.0,NORMAL,False,,,,,,,,,,,,,,,,,False,,N/A,,,,,,,,,,,,,,,,,,,N/A,,True,PUT,2026-08-21,330.0,100.0,0,96.228,2.219,-0.990504955,0.001378909,0.009696862,-0.02411808,-0.024995903,N/A,12,N/A,N/A,AMERICAN,100.0,N/A,False,,,,False,,,,False,,,,,,False,,,,,,N/A,N/A,N/A,N/A,N/A,N/A,N/A,N/A,N/A,N/A,N/A,N/A,N/A,N/A,N/A,N/A,N/A,N/A,N/A,N/A,N/A,N/A,N/A
US.NVDA260821C335000,NVDA 260821 335.00C,2026-08-07 15:08:25,0.01,0.01,0.01,0.01,0.0004,583.0,583.0,0.0,False,N/A,100,0.01,US.NVDA,0.02,0.0,8.0,0.0,,,,,,,,0.0,0.01,-100.0,0.0,0.0,0.0,0.0,0.0,0.0,0,0.0,NORMAL,False,,,,,,,,,,,,,,,,,False,,N/A,,,,,,,,,,,,,,,,,,,N/A,,True,CALL,2026-08-21,335.0,100.0,178,71.392,49.584,0.001260853,0.000142928,0.001702511,-0.004196673,9.0423e-05,N/A,12,N/A,N/A,AMERICAN,100.0,N/A,False,,,,False,,,,False,,,,,,False,,,,,,N/A,N/A,N/A,N/A,N/A,N/A,N/A,N/A,N/A,N/A,N/A,N/A,N/A,N/A,N/A,N/A,N/A,N/A,N/A,N/A,N/A,N/A,N/A
US.NVDA260821P335000,NVDA 260821 335.00P,2026-08-07 09:30:00,116.01,0.0,0.0,0.0,116.01,0.0,0.0,0.0,False,N/A,100,0.05,US.NVDA,111.8,110.4,10.0,10.0,,,,,,,,0.0,0.0,0.0,0.0,0.0,0.0,0.0,0.0,0.0,0,0.0,NORMAL,False,,,,,,,,,,,,,,,,,False,,N/A,,,,,,,,,,,,,,,,,,,N/A,,True,PUT,2026-08-21,335.0,100.0,0,101.756,2.219,-0.987736178,0.00137281,0.012318407,-0.034874978,-0.03111117,N/A,12,N/A,N/A,AMERICAN,100.0,N/A,False,,,,False,,,,False,,,,,,False,,,,,,N/A,N/A,N/A,N/A,N/A,N/A,N/A,N/A,N/A,N/A,N/A,N/A,N/A,N/A,N/A,N/A,N/A,N/A,N/A,N/A,N/A,N/A,N/A
US.NVDA260821C340000,NVDA 260821 340.00C,2026-08-07 15:08:26,0.01,0.01,0.01,0.01,0.0002,794.0,794.0,0.0,False,N/A,100,0.01,US.NVDA,0.01,0.0,10.0,0.0,,,,,,,,0.0,0.01,-100.0,0.0,0.0,0.0,0.0,0.0,0.0,0,0.0,NORMAL,False,,,,,,,,,,,,,,,,,False,,N/A,,,,,,,,,,,,,,,,,,,N/A,,True,CALL,2026-08-21,340.0,100.0,5290,73.763,51.817,0.001224303,0.00013466,0.001657145,-0.004214361,8.7705e-05,N/A,12,N/A,N/A,AMERICAN,100.0,N/A,False,,,,False,,,,False,,,,,,False,,,,,,N/A,N/A,N/A,N/A,N/A,N/A,N/A,N/A,N/A,N/A,N/A,N/A,N/A,N/A,N/A,N/A,N/A,N/A,N/A,N/A,N/A,N/A,N/A
US.NVDA260821P340000,NVDA 260821 340.00P,2026-08-07 09:30:00,121.01,0.0,0.0,0.0,121.01,0.0,0.0,0.0,False,N/A,100,0.05,US.NVDA,116.8,115.35,5.0,5.0,,,,,,,,0.0,0.0,0.0,0.0,0.0,0.0,0.0,0.0,0.0,0,0.0,NORMAL,False,,,,,,,,,,,,,,,,,False,,N/A,,,,,,,,,,,,,,,,,,,N/A,,True,PUT,2026-08-21,340.0,100.0,0,102.643,2.219,-0.990947865,0.00125146,0.009299716,-0.024544095,-0.025323189,N/A,12,N/A,N/A,AMERICAN,100.0,N/A,False,,,,False,,,,False,,,,,,False,,,,,,N/A,N/A,N/A,N/A,N/A,N/A,N/A,N/A,N/A,N/A,N/A,N/A,N/A,N/A,N/A,N/A,N/A,N/A,N/A,N/A,N/A,N/A,N/A
US.NVDA260821C345000,NVDA 260821 345.00C,2026-08-07 15:06:53,0.01,0.01,0.01,0.01,0.0001,756.0,756.0,0.0,False,N/A,100,0.01,US.NVDA,0.01,0.0,10.0,0.0,,,,,,,,0.0,0.01,-100.0,0.0,0.0,0.0,0.0,0.0,0.0,0,0.0,NORMAL,False,,,,,,,,,,,,,,,,,False,,N/A,,,,,,,,,,,,,,,,,,,N/A,,True,CALL,2026-08-21,345.0,100.0,2732,76.091,54.049,0.001190543,0.000127242,0.001615131,-0.004231256,8.5195e-05,N/A,12,N/A,N/A,AMERICAN,100.0,N/A,False,,,,False,,,,False,,,,,,False,,,,,,N/A,N/A,N/A,N/A,N/A,N/A,N/A,N/A,N/A,N/A,N/A,N/A,N/A,N/A,N/A,N/A,N/A,N/A,N/A,N/A,N/A,N/A,N/A
US.NVDA260821P345000,NVDA 260821 345.00P,2026-08-07 09:30:00,126.01,0.0,0.0,0.0,126.01,0.0,0.0,0.0,False,N/A,100,0.05,US.NVDA,121.8,120.35,10.0,10.0,,,,,,,,0.0,0.0,0.0,0.0,0.0,0.0,0.0,0.0,0.0,0,0.0,NORMAL,False,,,,,,,,,,,,,,,,,False,,N/A,,,,,,,,,,,,,,,,,,,N/A,,True,PUT,2026-08-21,345.0,100.0,0,105.765,2.219,-0.991143945,0.00119697,0.009122659,-0.024745006,-0.0254857,N/A,12,N/A,N/A,AMERICAN,100.0,N/A,False,,,,False,,,,False,,,,,,False,,,,,,N/A,N/A,N/A,N/A,N/A,N/A,N/A,N/A,N/A,N/A,N/A,N/A,N/A,N/A,N/A,N/A,N/A,N/A,N/A,N/A,N/A,N/A,N/A
US.NVDA260821C350000,NVDA 260821 350.00C,2026-08-07 15:04:16,0.01,0.01,0.01,0.01,0.0001,1143.0,1143.0,0.0,False,N/A,100,0.01,US.NVDA,0.02,0.0,6.0,0.0,,,,,,,,0.0,0.01,-100.0,0.0,0.0,0.0,0.0,0.0,0.0,0,0.0,NORMAL,False,,,,,,,,,,,,,,,,,False,,N/A,,,,,,,,,,,,,,,,,,,N/A,,True,CALL,2026-08-21,350.0,100.0,5043,78.377,56.282,0.001159249,0.000120553,0.001576089,-0.004247397,8.2869e-05,N/A,12,N/A,N/A,AMERICAN,100.0,N/A,False,,,,False,,,,False,,,,,,False,,,,,,N/A,N/A,N/A,N/A,N/A,N/A,N/A,N/A,N/A,N/A,N/A,N/A,N/A,N/A,N/A,N/A,N/A,N/A,N/A,N/A,N/A,N/A,N/A
US.NVDA260821P350000,NVDA 260821 350.00P,2026-08-07 09:30:00,131.01,0.0,0.0,0.0,131.01,0.0,0.0,0.0,False,N/A,100,0.05,US.NVDA,126.8,125.35,10.0,10.0,,,,,,,,0.0,0.0,0.0,0.0,0.0,0.0,0.0,0.0,0.0,0,0.0,NORMAL,False,,,,,,,,,,,,,,,,,False,,N/A,,,,,,,,,,,,,,,,,,,N/A,,True,PUT,2026-08-21,350.0,100.0,0,108.833,2.219,-0.991325527,0.001147546,0.008957996,-0.024939018,-0.025647633,N/A,12,N/A,N/A,AMERICAN,100.0,N/A,False,,,,False,,,,False,,,,,,False,,,,,,N/A,N/A,N/A,N/A,N/A,N/A,N/A,N/A,N/A,N/A,N/A,N/A,N/A,N/A,N/A,N/A,N/A,N/A,N/A,N/A,N/A,N/A,N/A
US.NVDA260821C355000,NVDA 260821 355.00C,2026-08-04 09:30:00,0.0001,0.0,0.0,0.0,0.0001,0.0,0.0,0.0,False,N/A,100,0.01,US.NVDA,0.02,0.0,6.0,0.0,,,,,,,,0.0,0.0,-100.0,0.0,0.0,0.0,0.0,0.0,0.0,0,0.0,NORMAL,False,,,,,,,,,,,,,,,,,False,,N/A,,,,,,,,,,,,,,,,,,,N/A,,True,CALL,2026-08-21,355.0,100.0,709,60.376,58.51,1.887e-05,3.324e-06,3.3811e-05,-5.9648e-05,1.369e-06,N/A,12,N/A,N/A,AMERICAN,100.0,N/A,False,,,,False,,,,False,,,,,,False,,,,,,N/A,N/A,N/A,N/A,N/A,N/A,N/A,N/A,N/A,N/A,N/A,N/A,N/A,N/A,N/A,N/A,N/A,N/A,N/A,N/A,N/A,N/A,N/A
US.NVDA260821P355000,NVDA 260821 355.00P,2026-08-07 09:30:00,136.01,0.0,0.0,0.0,136.01,0.0,0.0,0.0,False,N/A,100,0.05,US.NVDA,131.8,130.35,10.0,10.0,,,,,,,,0.0,0.0,0.0,0.0,0.0,0.0,0.0,0.0,0.0,0,0.0,NORMAL,False,,,,,,,,,,,,,,,,,False,,N/A,,,,,,,,,,,,,,,,,,,N/A,,True,PUT,2026-08-21,355.0,100.0,0,111.85,2.219,-0.991494249,0.001102536,0.008804373,-0.025126299,-0.025808754,N/A,12,N/A,N/A,AMERICAN,100.0,N/A,False,,,,False,,,,False,,,,,,False,,,,,,N/A,N/A,N/A,N/A,N/A,N/A,N/A,N/A,N/A,N/A,N/A,N/A,N/A,N/A,N/A,N/A,N/A,N/A,N/A,N/A,N/A,N/A,N/A
US.NVDA260821C360000,NVDA 260821 360.00C,2026-08-07 15:48:29,0.01,0.01,0.01,0.01,0.0001,25.0,25.0,0.0,False,N/A,100,0.01,US.NVDA,0.01,0.0,1.0,0.0,,,,,,,,0.0,0.01,-100.0,0.0,0.0,0.0,0.0,0.0,0.0,0,0.0,NORMAL,False,,,,,,,,,,,,,,,,,False,,N/A,,,,,,,,,,,,,,,,,,,N/A,,True,CALL,2026-08-21,360.0,100.0,10751,82.833,60.747,0.001103072,0.000108993,0.001505763,-0.004277827,7.8692e-05,N/A,12,N/A,N/A,AMERICAN,100.0,N/A,False,,,,False,,,,False,,,,,,False,,,,,,N/A,N/A,N/A,N/A,N/A,N/A,N/A,N/A,N/A,N/A,N/A,N/A,N/A,N/A,N/A,N/A,N/A,N/A,N/A,N/A,N/A,N/A,N/A
US.NVDA260821P360000,NVDA 260821 360.00P,2026-08-07 09:30:00,141.01,0.0,0.0,0.0,141.01,0.0,0.0,0.0,False,N/A,100,0.05,US.NVDA,136.8,135.35,10.0,10.0,,,,,,,,0.0,0.0,0.0,0.0,0.0,0.0,0.0,0.0,0.0,0,0.0,NORMAL,False,,,,,,,,,,,,,,,,,False,,N/A,,,,,,,,,,,,,,,,,,,N/A,,True,PUT,2026-08-21,360.0,100.0,0,114.816,2.219,-0.991651457,0.001061395,0.008660679,-0.025307243,-0.025969005,N/A,12,N/A,N/A,AMERICAN,100.0,N/A,False,,,,False,,,,False,,,,,,False,,,,,,N/A,N/A,N/A,N/A,N/A,N/A,N/A,N/A,N/A,N/A,N/A,N/A,N/A,N/A,N/A,N/A,N/A,N/A,N/A,N/A,N/A,N/A,N/A
US.NVDA260821C365000,NVDA 260821 365.00C,2026-08-07 12:38:52,0.01,0.01,0.01,0.01,0.0001,5.0,5.0,0.0,False,N/A,100,0.01,US.NVDA,0.01,0.0,4.0,0.0,,,,,,,,0.0,0.01,-100.0,0.0,0.0,0.0,0.0,0.0,0.0,0,0.0,NORMAL,False,,,,,,,,,,,,,,,,,False,,N/A,,,,,,,,,,,,,,,,,,,N/A,,True,CALL,2026-08-21,365.0,100.0,1539,85.005,62.979,0.001077746,0.000103971,0.001473953,-0.004292168,7.6809e-05,N/A,12,N/A,N/A,AMERICAN,100.0,N/A,False,,,,False,,,,False,,,,,,False,,,,,,N/A,N/A,N/A,N/A,N/A,N/A,N/A,N/A,N/A,N/A,N/A,N/A,N/A,N/A,N/A,N/A,N/A,N/A,N/A,N/A,N/A,N/A,N/A
US.NVDA260821P365000,NVDA 260821 365.00P,2026-08-07 09:30:00,146.01,0.0,0.0,0.0,146.01,0.0,0.0,0.0,False,N/A,100,0.05,US.NVDA,141.8,140.4,10.0,10.0,,,,,,,,0.0,0.0,0.0,0.0,0.0,0.0,0.0,0.0,0.0,0,0.0,NORMAL,False,,,,,,,,,,,,,,,,,False,,N/A,,,,,,,,,,,,,,,,,,,N/A,,True,PUT,2026-08-21,365.0,100.0,0,120.282,2.219,-0.989131617,0.001071994,0.011086159,-0.036693235,-0.032379538,N/A,12,N/A,N/A,AMERICAN,100.0,N/A,False,,,,False,,,,False,,,,,,False,,,,,,N/A,N/A,N/A,N/A,N/A,N/A,N/A,N/A,N/A,N/A,N/A,N/A,N/A,N/A,N/A,N/A,N/A,N/A,N/A,N/A,N/A,N/A,N/A
US.NVDA260821C370000,NVDA 260821 370.00C,2026-08-07 11:37:18,0.01,0.01,0.01,0.01,0.0001,3.0,3.0,0.0,False,N/A,100,0.01,US.NVDA,0.01,0.0,50.0,0.0,,,,,,,,0.0,0.01,-100.0,0.0,0.0,0.0,0.0,0.0,0.0,0,0.0,NORMAL,False,,,,,,,,,,,,,,,,,False,,N/A,,,,,,,,,,,,,,,,,,,N/A,,True,CALL,2026-08-21,370.0,100.0,4196,87.141,65.212,0.001054023,9.9374e-05,0.001444095,-0.004305986,7.5045e-05,N/A,12,N/A,N/A,AMERICAN,100.0,N/A,False,,,,False,,,,False,,,,,,False,,,,,,N/A,N/A,N/A,N/A,N/A,N/A,N/A,N/A,N/A,N/A,N/A,N/A,N/A,N/A,N/A,N/A,N/A,N/A,N/A,N/A,N/A,N/A,N/A
US.NVDA260821P370000,NVDA 260821 370.00P,2026-08-07 09:30:00,151.01,0.0,0.0,0.0,151.01,0.0,0.0,0.0,False,N/A,100,0.05,US.NVDA,146.8,145.35,10.0,10.0,,,,,,,,0.0,0.0,0.0,0.0,0.0,0.0,0.0,0.0,0.0,0,0.0,NORMAL,False,,,,,,,,,,,,,,,,,False,,N/A,,,,,,,,,,,,,,,,,,,N/A,,True,PUT,2026-08-21,370.0,100.0,0,120.606,2.219,-0.991935599,0.000988956,0.008399568,-0.025652465,-0.02628729,N/A,12,N/A,N/A,AMERICAN,100.0,N/A,False,,,,False,,,,False,,,,,,False,,,,,,N/A,N/A,N/A,N/A,N/A,N/A,N/A,N/A,N/A,N/A,N/A,N/A,N/A,N/A,N/A,N/A,N/A,N/A,N/A,N/A,N/A,N/A,N/A
US.NVDA260821C375000,NVDA 260821 375.00C,2026-07-31 09:30:00,0.0001,0.0,0.0,0.0,0.0001,0.0,0.0,0.0,False,N/A,100,0.01,US.NVDA,0.01,0.0,4.0,0.0,,,,,,,,0.0,0.0,-100.0,0.0,0.0,0.0,0.0,0.0,0.0,0,0.0,NORMAL,False,,,,,,,,,,,,,,,,,False,,N/A,,,,,,,,,,,,,,,,,,,N/A,,True,CALL,2026-08-21,375.0,100.0,92,67.116,67.44,1.7095e-05,2.723e-06,3.0725e-05,-6.0069e-05,1.237e-06,N/A,12,N/A,N/A,AMERICAN,100.0,N/A,False,,,,False,,,,False,,,,,,False,,,,,,N/A,N/A,N/A,N/A,N/A,N/A,N/A,N/A,N/A,N/A,N/A,N/A,N/A,N/A,N/A,N/A,N/A,N/A,N/A,N/A,N/A,N/A,N/A
US.NVDA260821P375000,NVDA 260821 375.00P,2026-08-07 09:30:00,156.01,0.0,0.0,0.0,156.01,0.0,0.0,0.0,False,N/A,100,0.05,US.NVDA,151.8,150.4,10.0,10.0,,,,,,,,0.0,0.0,0.0,0.0,0.0,0.0,0.0,0.0,0.0,0,0.0,NORMAL,False,,,,,,,,,,,,,,,,,False,,N/A,,,,,,,,,,,,,,,,,,,N/A,,True,PUT,2026-08-21,375.0,100.0,0,126.056,2.219,-0.989481874,0.00100214,0.010771843,-0.037229185,-0.032793118,N/A,12,N/A,N/A,AMERICAN,100.0,N/A,False,,,,False,,,,False,,,,,,False,,,,,,N/A,N/A,N/A,N/A,N/A,N/A,N/A,N/A,N/A,N/A,N/A,N/A,N/A,N/A,N/A,N/A,N/A,N/A,N/A,N/A,N/A,N/A,N/A
US.NVDA260821C380000,NVDA 260821 380.00C,2026-08-07 09:30:00,0.0001,0.0,0.0,0.0,0.0001,0.0,0.0,0.0,False,N/A,100,0.01,US.NVDA,0.01,0.0,2.0,0.0,,,,,,,,0.0,0.0,-100.0,0.0,0.0,0.0,0.0,0.0,0.0,0,0.0,NORMAL,False,,,,,,,,,,,,,,,,,False,,N/A,,,,,,,,,,,,,,,,,,,N/A,,True,CALL,2026-08-21,380.0,100.0,1506,68.737,69.673,1.6718e-05,2.603e-06,3.0071e-05,-6.0165e-05,1.209e-06,N/A,12,N/A,N/A,AMERICAN,100.0,N/A,False,,,,False,,,,False,,,,,,False,,,,,,N/A,N/A,N/A,N/A,N/A,N/A,N/A,N/A,N/A,N/A,N/A,N/A,N/A,N/A,N/A,N/A,N/A,N/A,N/A,N/A,N/A,N/A,N/A
US.NVDA260821P380000,NVDA 260821 380.00P,2026-08-07 09:30:00,161.01,0.0,0.0,0.0,161.01,0.0,0.0,0.0,False,N/A,100,0.05,US.NVDA,156.8,155.35,10.0,10.0,,,,,,,,0.0,0.0,0.0,0.0,0.0,0.0,0.0,0.0,0.0,0,0.0,NORMAL,False,,,,,,,,,,,,,,,,,False,,N/A,,,,,,,,,,,,,,,,,,,N/A,,True,PUT,2026-08-21,380.0,100.0,0,126.216,2.219,-0.992185596,0.000927292,0.008168281,-0.025977124,-0.026602188,N/A,12,N/A,N/A,AMERICAN,100.0,N/A,False,,,,False,,,,False,,,,,,False,,,,,,N/A,N/A,N/A,N/A,N/A,N/A,N/A,N/A,N/A,N/A,N/A,N/A,N/A,N/A,N/A,N/A,N/A,N/A,N/A,N/A,N/A,N/A,N/A
US.NVDA260821C385000,NVDA 260821 385.00C,2026-07-31 09:30:00,0.0001,0.0,0.0,0.0,0.0001,0.0,0.0,0.0,False,N/A,100,0.01,US.NVDA,0.01,0.0,4.0,0.0,,,,,,,,0.0,0.0,-100.0,0.0,0.0,0.0,0.0,0.0,0.0,0,0.0,NORMAL,False,,,,,,,,,,,,,,,,,False,,N/A,,,,,,,,,,,,,,,,,,,N/A,,True,CALL,2026-08-21,385.0,100.0,512,70.335,71.905,1.6364e-05,2.492e-06,2.9455e-05,-6.0258e-05,1.183e-06,N/A,12,N/A,N/A,AMERICAN,100.0,N/A,False,,,,False,,,,False,,,,,,False,,,,,,N/A,N/A,N/A,N/A,N/A,N/A,N/A,N/A,N/A,N/A,N/A,N/A,N/A,N/A,N/A,N/A,N/A,N/A,N/A,N/A,N/A,N/A,N/A
US.NVDA260821P385000,NVDA 260821 385.00P,2026-08-07 09:30:00,166.01,0.0,0.0,0.0,166.01,0.0,0.0,0.0,False,N/A,100,0.05,US.NVDA,161.85,160.35,12.0,10.0,,,,,,,,0.0,0.0,-9.091,0.0,0.0,0.0,0.0,0.0,0.0,0,0.0,NORMAL,False,,,,,,,,,,,,,,,,,False,,N/A,,,,,,,,,,,,,,,,,,,N/A,,True,PUT,2026-08-21,385.0,100.0,0,131.652,2.219,-0.989791441,0.000942291,0.010492216,-0.037737109,-0.033202075,N/A,12,N/A,N/A,AMERICAN,100.0,N/A,False,,,,False,,,,False,,,,,,False,,,,,,N/A,N/A,N/A,N/A,N/A,N/A,N/A,N/A,N/A,N/A,N/A,N/A,N/A,N/A,N/A,N/A,N/A,N/A,N/A,N/A,N/A,N/A,N/A
US.NVDA260821C390000,NVDA 260821 390.00C,2026-08-07 10:06:01,0.01,0.01,0.01,0.01,0.0001,9.0,9.0,0.0,False,N/A,100,0.01,US.NVDA,0.01,0.0,21.0,0.0,,,,,,,,0.0,0.01,-100.0,0.0,0.0,0.0,0.0,0.0,0.0,0,0.0,NORMAL,False,,,,,,,,,,,,,,,,,False,,N/A,,,,,,,,,,,,,,,,,,,N/A,,True,CALL,2026-08-21,390.0,100.0,4048,95.351,74.142,0.000972375,8.4341e-05,0.001340858,-0.0043566,6.8975e-05,N/A,12,N/A,N/A,AMERICAN,100.0,N/A,False,,,,False,,,,False,,,,,,False,,,,,,N/A,N/A,N/A,N/A,N/A,N/A,N/A,N/A,N/A,N/A,N/A,N/A,N/A,N/A,N/A,N/A,N/A,N/A,N/A,N/A,N/A,N/A,N/A
US.NVDA260821P390000,NVDA 260821 390.00P,2026-08-07 09:30:00,171.01,0.0,0.0,0.0,171.01,0.0,0.0,0.0,False,N/A,100,0.05,US.NVDA,166.8,165.4,15.0,10.0,,,,,,,,0.0,0.0,-20.0,0.0,0.0,0.0,0.0,0.0,0.0,0,0.0,NORMAL,False,,,,,,,,,,,,,,,,,False,,N/A,,,,,,,,,,,,,,,,,,,N/A,,True,PUT,2026-08-21,390.0,100.0,0,134.387,2.219,-0.989933153,0.000915491,0.010363614,-0.037981392,-0.033404751,N/A,12,N/A,N/A,AMERICAN,100.0,N/A,False,,,,False,,,,False,,,,,,False,,,,,,N/A,N/A,N/A,N/A,N/A,N/A,N/A,N/A,N/A,N/A,N/A,N/A,N/A,N/A,N/A,N/A,N/A,N/A,N/A,N/A,N/A,N/A,N/A
US.NVDA260821C395000,NVDA 260821 395.00C,2026-07-28 09:30:00,0.0001,0.0,0.0,0.0,0.0001,0.0,0.0,0.0,False,N/A,100,0.01,US.NVDA,0.01,0.0,2.0,0.0,,,,,,,,0.0,0.0,-100.0,0.0,0.0,0.0,0.0,0.0,0.0,0,0.0,NORMAL,False,,,,,,,,,,,,,,,,,False,,N/A,,,,,,,,,,,,,,,,,,,N/A,,True,CALL,2026-08-21,395.0,100.0,82,73.461,76.37,1.5715e-05,2.296e-06,2.8325e-05,-6.0435e-05,1.135e-06,N/A,12,N/A,N/A,AMERICAN,100.0,N/A,False,,,,False,,,,False,,,,,,False,,,,,,N/A,N/A,N/A,N/A,N/A,N/A,N/A,N/A,N/A,N/A,N/A,N/A,N/A,N/A,N/A,N/A,N/A,N/A,N/A,N/A,N/A,N/A,N/A
US.NVDA260821P395000,NVDA 260821 395.00P,2026-08-07 09:30:00,176.01,0.0,0.0,0.0,176.01,0.0,0.0,0.0,False,N/A,100,0.05,US.NVDA,171.8,170.35,10.0,10.0,,,,,,,,0.0,0.0,0.0,0.0,0.0,0.0,0.0,0.0,0.0,0,0.0,NORMAL,False,,,,,,,,,,,,,,,,,False,,N/A,,,,,,,,,,,,,,,,,,,N/A,,True,PUT,2026-08-21,395.0,100.0,0,134.321,2.219,-0.992508785,0.00085042,0.007867007,-0.026431193,-0.027068546,N/A,12,N/A,N/A,AMERICAN,100.0,N/A,False,,,,False,,,,False,,,,,,False,,,,,,N/A,N/A,N/A,N/A,N/A,N/A,N/A,N/A,N/A,N/A,N/A,N/A,N/A,N/A,N/A,N/A,N/A,N/A,N/A,N/A,N/A,N/A,N/A
US.NVDA260821C400000,NVDA 260821 400.00C,2026-08-07 14:22:27,0.01,0.01,0.01,0.01,0.0001,2.0,2.0,0.0,False,N/A,100,0.01,US.NVDA,0.01,0.0,4.0,0.0,,,,,,,,0.0,0.01,-100.0,0.0,0.0,0.0,0.0,0.0,0.0,0,0.0,NORMAL,False,,,,,,,,,,,,,,,,,False,,N/A,,,,,,,,,,,,,,,,,,,N/A,,True,CALL,2026-08-21,400.0,100.0,12007,99.27,78.607,0.000937988,7.8376e-05,0.001297148,-0.00437949,6.6418e-05,N/A,12,N/A,N/A,AMERICAN,100.0,N/A,False,,,,False,,,,False,,,,,,False,,,,,,N/A,N/A,N/A,N/A,N/A,N/A,N/A,N/A,N/A,N/A,N/A,N/A,N/A,N/A,N/A,N/A,N/A,N/A,N/A,N/A,N/A,N/A,N/A
US.NVDA260821P400000,NVDA 260821 400.00P,2026-08-07 09:30:00,181.01,0.0,0.0,0.0,181.01,0.0,0.0,0.0,False,N/A,100,0.05,US.NVDA,176.8,175.35,10.0,10.0,,,,,,,,0.0,0.0,0.0,0.0,0.0,0.0,0.0,0.0,0.0,0,0.0,NORMAL,False,,,,,,,,,,,,,,,,,False,,N/A,,,,,,,,,,,,,,,,,,,N/A,,True,PUT,2026-08-21,400.0,100.0,0,136.946,2.219,-0.992604932,0.000828174,0.00777686,-0.026574641,-0.027222363,N/A,12,N/A,N/A,AMERICAN,100.0,N/A,False,,,,False,,,,False,,,,,,False,,,,,,N/A,N/A,N/A,N/A,N/A,N/A,N/A,N/A,N/A,N/A,N/A,N/A,N/A,N/A,N/A,N/A,N/A,N/A,N/A,N/A,N/A,N/A,N/A
US.NVDA260821C405000,NVDA 260821 405.00C,2026-07-27 09:30:00,0.0001,0.0,0.0,0.0,0.0001,0.0,0.0,0.0,False,N/A,100,0.01,US.NVDA,0.01,0.0,3.0,0.0,,,,,,,,0.0,0.0,-100.0,0.0,0.0,0.0,0.0,0.0,0.0,0,0.0,NORMAL,False,,,,,,,,,,,,,,,,,False,,N/A,,,,,,,,,,,,,,,,,,,N/A,,True,CALL,2026-08-21,405.0,100.0,22,76.499,80.835,1.5133e-05,2.127e-06,2.7313e-05,-6.0601e-05,1.091e-06,N/A,12,N/A,N/A,AMERICAN,100.0,N/A,False,,,,False,,,,False,,,,,,False,,,,,,N/A,N/A,N/A,N/A,N/A,N/A,N/A,N/A,N/A,N/A,N/A,N/A,N/A,N/A,N/A,N/A,N/A,N/A,N/A,N/A,N/A,N/A,N/A
US.NVDA260821P405000,NVDA 260821 405.00P,2026-08-07 09:30:00,186.01,0.0,0.0,0.0,186.01,0.0,0.0,0.0,False,N/A,100,0.05,US.NVDA,181.8,180.35,14.0,10.0,,,,,,,,0.0,0.0,-16.667,0.0,0.0,0.0,0.0,0.0,0.0,0,0.0,NORMAL,False,,,,,,,,,,,,,,,,,False,,N/A,,,,,,,,,,,,,,,,,,,N/A,,True,PUT,2026-08-21,405.0,100.0,0,139.533,2.219,-0.992696041,0.000807357,0.007691207,-0.026714476,-0.02737537,N/A,12,N/A,N/A,AMERICAN,100.0,N/A,False,,,,False,,,,False,,,,,,False,,,,,,N/A,N/A,N/A,N/A,N/A,N/A,N/A,N/A,N/A,N/A,N/A,N/A,N/A,N/A,N/A,N/A,N/A,N/A,N/A,N/A,N/A,N/A,N/A
US.NVDA260821C410000,NVDA 260821 410.00C,2026-08-06 09:30:00,0.0001,0.0,0.0,0.0,0.0001,0.0,0.0,0.0,False,N/A,100,0.01,US.NVDA,0.01,0.0,20.0,0.0,,,,,,,,0.0,0.0,-100.0,0.0,0.0,0.0,0.0,0.0,0.0,0,0.0,NORMAL,False,,,,,,,,,,,,,,,,,False,,N/A,,,,,,,,,,,,,,,,,,,N/A,,True,CALL,2026-08-21,410.0,100.0,2007,77.987,83.068,1.4864e-05,2.052e-06,2.6845e-05,-6.0681e-05,1.071e-06,N/A,12,N/A,N/A,AMERICAN,100.0,N/A,False,,,,False,,,,False,,,,,,False,,,,,,N/A,N/A,N/A,N/A,N/A,N/A,N/A,N/A,N/A,N/A,N/A,N/A,N/A,N/A,N/A,N/A,N/A,N/A,N/A,N/A,N/A,N/A,N/A
US.NVDA260821P410000,NVDA 260821 410.00P,2026-08-07 09:30:00,191.01,0.0,0.0,0.0,191.01,0.0,0.0,0.0,False,N/A,100,0.05,US.NVDA,186.8,185.35,10.0,15.0,,,,,,,,0.0,0.0,20.0,0.0,0.0,0.0,0.0,0.0,0.0,0,0.0,NORMAL,False,,,,,,,,,,,,,,,,,False,,N/A,,,,,,,,,,,,,,,,,,,N/A,,True,PUT,2026-08-21,410.0,100.0,0,142.085,2.219,-0.992782482,0.00078784,0.007609733,-0.026850933,-0.027527607,N/A,12,N/A,N/A,AMERICAN,100.0,N/A,False,,,,False,,,,False,,,,,,False,,,,,,N/A,N/A,N/A,N/A,N/A,N/A,N/A,N/A,N/A,N/A,N/A,N/A,N/A,N/A,N/A,N/A,N/A,N/A,N/A,N/A,N/A,N/A,N/A
US.NVDA260821C415000,NVDA 260821 415.00C,2026-07-27 09:30:00,0.0001,0.0,0.0,0.0,0.0001,0.0,0.0,0.0,False,N/A,100,0.01,US.NVDA,0.01,0.0,3.0,0.0,,,,,,,,0.0,0.0,-100.0,0.0,0.0,0.0,0.0,0.0,0.0,0,0.0,NORMAL,False,,,,,,,,,,,,,,,,,False,,N/A,,,,,,,,,,,,,,,,,,,N/A,,True,CALL,2026-08-21,415.0,100.0,24,79.455,85.3,1.4609e-05,1.981e-06,2.6401e-05,-6.0759e-05,1.053e-06,N/A,12,N/A,N/A,AMERICAN,100.0,N/A,False,,,,False,,,,False,,,,,,False,,,,,,N/A,N/A,N/A,N/A,N/A,N/A,N/A,N/A,N/A,N/A,N/A,N/A,N/A,N/A,N/A,N/A,N/A,N/A,N/A,N/A,N/A,N/A,N/A
US.NVDA260821P415000,NVDA 260821 415.00P,2026-08-07 09:30:00,196.01,0.0,0.0,0.0,196.01,0.0,0.0,0.0,False,N/A,100,0.05,US.NVDA,191.8,190.4,10.0,10.0,,,,,,,,0.0,0.0,0.0,0.0,0.0,0.0,0.0,0.0,0.0,0,0.0,NORMAL,False,,,,,,,,,,,,,,,,,False,,N/A,,,,,,,,,,,,,,,,,,,N/A,,True,PUT,2026-08-21,415.0,100.0,0,147.484,2.219,-0.990536245,0.000805564,0.009811897,-0.039121677,-0.034401923,N/A,12,N/A,N/A,AMERICAN,100.0,N/A,False,,,,False,,,,False,,,,,,False,,,,,,N/A,N/A,N/A,N/A,N/A,N/A,N/A,N/A,N/A,N/A,N/A,N/A,N/A,N/A,N/A,N/A,N/A,N/A,N/A,N/A,N/A,N/A,N/A
US.NVDA260821C420000,NVDA 260821 420.00C,2026-08-06 09:30:00,0.0001,0.0,0.0,0.0,0.0001,0.0,0.0,0.0,False,N/A,100,0.01,US.NVDA,0.01,0.0,6.0,0.0,,,,,,,,0.0,0.0,-100.0,0.0,0.0,0.0,0.0,0.0,0.0,0,0.0,NORMAL,False,,,,,,,,,,,,,,,,,False,,N/A,,,,,,,,,,,,,,,,,,,N/A,,True,CALL,2026-08-21,420.0,100.0,9145,80.904,87.533,1.4366e-05,1.915e-06,2.5977e-05,-6.0834e-05,1.034e-06,N/A,12,N/A,N/A,AMERICAN,100.0,N/A,False,,,,False,,,,False,,,,,,False,,,,,,N/A,N/A,N/A,N/A,N/A,N/A,N/A,N/A,N/A,N/A,N/A,N/A,N/A,N/A,N/A,N/A,N/A,N/A,N/A,N/A,N/A,N/A,N/A
US.NVDA260821P420000,NVDA 260821 420.00P,2026-08-07 09:30:00,201.01,0.0,0.0,0.0,201.01,0.0,0.0,0.0,False,N/A,100,0.05,US.NVDA,196.8,195.35,10.0,15.0,,,,,,,,0.0,0.0,20.0,0.0,0.0,0.0,0.0,0.0,0.0,0,0.0,NORMAL,False,,,,,,,,,,,,,,,,,False,,N/A,,,,,,,,,,,,,,,,,,,N/A,,True,PUT,2026-08-21,420.0,100.0,0,147.085,2.219,-0.992942809,0.000752264,0.007458053,-0.027113832,-0.027829474,N/A,12,N/A,N/A,AMERICAN,100.0,N/A,False,,,,False,,,,False,,,,,,False,,,,,,N/A,N/A,N/A,N/A,N/A,N/A,N/A,N/A,N/A,N/A,N/A,N/A,N/A,N/A,N/A,N/A,N/A,N/A,N/A,N/A,N/A,N/A,N/A
US.NVDA260821C430000,NVDA 260821 430.00C,2026-07-31 09:30:00,0.0001,0.0,0.0,0.0,0.0001,0.0,0.0,0.0,False,N/A,100,0.01,US.NVDA,0.01,0.0,2.0,0.0,,,,,,,,0.0,0.0,-100.0,0.0,0.0,0.0,0.0,0.0,0.0,0,0.0,NORMAL,False,,,,,,,,,,,,,,,,,False,,N/A,,,,,,,,,,,,,,,,,,,N/A,,True,CALL,2026-08-21,430.0,100.0,508,83.743,91.998,1.3913e-05,1.794e-06,2.5188e-05,-6.0977e-05,1.001e-06,N/A,12,N/A,N/A,AMERICAN,100.0,N/A,False,,,,False,,,,False,,,,,,False,,,,,,N/A,N/A,N/A,N/A,N/A,N/A,N/A,N/A,N/A,N/A,N/A,N/A,N/A,N/A,N/A,N/A,N/A,N/A,N/A,N/A,N/A,N/A,N/A
US.NVDA260821P430000,NVDA 260821 430.00P,2026-08-07 09:30:00,211.01,0.0,0.0,0.0,211.01,0.0,0.0,0.0,False,N/A,100,0.05,US.NVDA,206.8,205.35,11.0,10.0,,,,,,,,0.0,0.0,-4.762,0.0,0.0,0.0,0.0,0.0,0.0,0,0.0,NORMAL,False,,,,,,,,,,,,,,,,,False,,N/A,,,,,,,,,,,,,,,,,,,N/A,,True,PUT,2026-08-21,430.0,100.0,0,151.954,2.219,-0.993088181,0.00072068,0.007319871,-0.02736509,-0.028128363,N/A,12,N/A,N/A,AMERICAN,100.0,N/A,False,,,,False,,,,False,,,,,,False,,,,,,N/A,N/A,N/A,N/A,N/A,N/A,N/A,N/A,N/A,N/A,N/A,N/A,N/A,N/A,N/A,N/A,N/A,N/A,N/A,N/A,N/A,N/A,N/A
US.NVDA260821C440000,NVDA 260821 440.00C,2026-07-30 09:30:00,0.0001,0.0,0.0,0.0,0.0001,0.0,0.0,0.0,False,N/A,100,0.01,US.NVDA,0.01,0.0,2.0,0.0,,,,,,,,0.0,0.0,-100.0,0.0,0.0,0.0,0.0,0.0,0.0,0,0.0,NORMAL,False,,,,,,,,,,,,,,,,,False,,N/A,,,,,,,,,,,,,,,,,,,N/A,,True,CALL,2026-08-21,440.0,100.0,1276,86.511,96.463,1.3499e-05,1.688e-06,2.4467e-05,-6.1114e-05,9.7e-07,N/A,12,N/A,N/A,AMERICAN,100.0,N/A,False,,,,False,,,,False,,,,,,False,,,,,,N/A,N/A,N/A,N/A,N/A,N/A,N/A,N/A,N/A,N/A,N/A,N/A,N/A,N/A,N/A,N/A,N/A,N/A,N/A,N/A,N/A,N/A,N/A
US.NVDA260821P440000,NVDA 260821 440.00P,2026-08-07 09:30:00,221.01,0.0,0.0,0.0,221.01,0.0,0.0,0.0,False,N/A,100,0.05,US.NVDA,216.8,215.35,10.0,10.0,,,,,,,,0.0,0.0,0.0,0.0,0.0,0.0,0.0,0.0,0.0,0,0.0,NORMAL,False,,,,,,,,,,,,,,,,,False,,N/A,,,,,,,,,,,,,,,,,,,N/A,,True,PUT,2026-08-21,440.0,100.0,0,156.7,2.219,-0.99322066,0.000692471,0.007193345,-0.027605159,-0.028423991,N/A,12,N/A,N/A,AMERICAN,100.0,N/A,False,,,,False,,,,False,,,,,,False,,,,,,N/A,N/A,N/A,N/A,N/A,N/A,N/A,N/A,N/A,N/A,N/A,N/A,N/A,N/A,N/A,N/A,N/A,N/A,N/A,N/A,N/A,N/A,N/A
US.NVDA260821C450000,NVDA 260821 450.00C,2026-08-06 09:30:00,0.0001,0.0,0.0,0.0,0.0001,0.0,0.0,0.0,False,N/A,100,0.01,US.NVDA,0.01,0.0,2.0,0.0,,,,,,,,0.0,0.0,-100.0,0.0,0.0,0.0,0.0,0.0,0.0,0,0.0,NORMAL,False,,,,,,,,,,,,,,,,,False,,N/A,,,,,,,,,,,,,,,,,,,N/A,,True,CALL,2026-08-21,450.0,100.0,1570,89.209,100.928,1.312e-05,1.593e-06,2.3806e-05,-6.1244e-05,9.42e-07,N/A,12,N/A,N/A,AMERICAN,100.0,N/A,False,,,,False,,,,False,,,,,,False,,,,,,N/A,N/A,N/A,N/A,N/A,N/A,N/A,N/A,N/A,N/A,N/A,N/A,N/A,N/A,N/A,N/A,N/A,N/A,N/A,N/A,N/A,N/A,N/A
US.NVDA260821P450000,NVDA 260821 450.00P,2026-08-07 09:30:00,231.01,0.0,0.0,0.0,231.01,0.0,0.0,0.0,False,N/A,100,0.05,US.NVDA,226.8,225.35,10.0,10.0,,,,,,,,0.0,0.0,0.0,0.0,0.0,0.0,0.0,0.0,0.0,0,0.0,NORMAL,False,,,,,,,,,,,,,,,,,False,,N/A,,,,,,,,,,,,,,,,,,,N/A,,True,PUT,2026-08-21,450.0,100.0,0,161.329,2.219,-0.993341854,0.000667141,0.007077156,-0.027834956,-0.028716473,N/A,12,N/A,N/A,AMERICAN,100.0,N/A,False,,,,False,,,,False,,,,,,False,,,,,,N/A,N/A,N/A,N/A,N/A,N/A,N/A,N/A,N/A,N/A,N/A,N/A,N/A,N/A,N/A,N/A,N/A,N/A,N/A,N/A,N/A,N/A,N/A
US.NVDA260821C455000,NVDA 260821 455.00C,2026-08-06 09:30:00,0.0001,0.0,0.0,0.0,0.0001,0.0,0.0,0.0,False,N/A,100,0.01,US.NVDA,0.01,0.0,2.0,0.0,,,,,,,,0.0,0.0,-100.0,0.0,0.0,0.0,0.0,0.0,0.0,0,0.0,NORMAL,False,,,,,,,,,,,,,,,,,False,,N/A,,,,,,,,,,,,,,,,,,,N/A,,True,CALL,2026-08-21,455.0,100.0,1411,90.534,103.161,1.2942e-05,1.549e-06,2.3495e-05,-6.1307e-05,9.29e-07,N/A,12,N/A,N/A,AMERICAN,100.0,N/A,False,,,,False,,,,False,,,,,,False,,,,,,N/A,N/A,N/A,N/A,N/A,N/A,N/A,N/A,N/A,N/A,N/A,N/A,N/A,N/A,N/A,N/A,N/A,N/A,N/A,N/A,N/A,N/A,N/A
US.NVDA260821P455000,NVDA 260821 455.00P,2026-08-07 09:30:00,236.01,0.0,0.0,0.0,236.01,0.0,0.0,0.0,False,N/A,100,0.05,US.NVDA,231.8,230.4,11.0,10.0,,,,,,,,0.0,0.0,-4.762,0.0,0.0,0.0,0.0,0.0,0.0,0,0.0,NORMAL,False,,,,,,,,,,,,,,,,,False,,N/A,,,,,,,,,,,,,,,,,,,N/A,,True,PUT,2026-08-21,455.0,100.0,0,166.691,2.219,-0.991241501,0.000685562,0.009156713,-0.040716257,-0.035941188,N/A,12,N/A,N/A,AMERICAN,100.0,N/A,False,,,,False,,,,False,,,,,,False,,,,,,N/A,N/A,N/A,N/A,N/A,N/A,N/A,N/A,N/A,N/A,N/A,N/A,N/A,N/A,N/A,N/A,N/A,N/A,N/A,N/A,N/A,N/A,N/A
US.NVDA260821C460000,NVDA 260821 460.00C,2026-07-28 09:30:00,0.0001,0.0,0.0,0.0,0.0001,0.0,0.0,0.0,False,N/A,100,0.01,US.NVDA,0.01,0.0,2.0,0.0,,,,,,,,0.0,0.0,-100.0,0.0,0.0,0.0,0.0,0.0,0.0,0,0.0,NORMAL,False,,,,,,,,,,,,,,,,,False,,N/A,,,,,,,,,,,,,,,,,,,N/A,,True,CALL,2026-08-21,460.0,100.0,7039,91.842,105.393,1.2772e-05,1.508e-06,2.3197e-05,-6.1369e-05,9.16e-07,N/A,12,N/A,N/A,AMERICAN,100.0,N/A,False,,,,False,,,,False,,,,,,False,,,,,,N/A,N/A,N/A,N/A,N/A,N/A,N/A,N/A,N/A,N/A,N/A,N/A,N/A,N/A,N/A,N/A,N/A,N/A,N/A,N/A,N/A,N/A,N/A
US.NVDA260821P460000,NVDA 260821 460.00P,2026-08-07 09:30:00,241.01,0.0,0.0,0.0,241.01,0.0,0.0,0.0,False,N/A,100,0.05,US.NVDA,236.8,235.35,10.0,10.0,,,,,,,,0.0,0.0,0.0,0.0,0.0,0.0,0.0,0.0,0.0,0,0.0,NORMAL,False,,,,,,,,,,,,,,,,,False,,N/A,,,,,,,,,,,,,,,,,,,N/A,,True,PUT,2026-08-21,460.0,100.0,0,165.846,2.219,-0.993453052,0.000644289,0.006970086,-0.028055802,-0.029006134,N/A,12,N/A,N/A,AMERICAN,100.0,N/A,False,,,,False,,,,False,,,,,,False,,,,,,N/A,N/A,N/A,N/A,N/A,N/A,N/A,N/A,N/A,N/A,N/A,N/A,N/A,N/A,N/A,N/A,N/A,N/A,N/A,N/A,N/A,N/A,N/A
US.NVDA260824C150000,NVDA 260824 150.00C,2026-08-07 09:30:00,0.0,0.0,0.0,0.0,0.0,0.0,0.0,0.0,False,N/A,100,0.01,US.NVDA,0.0,0.0,0.0,0.0,,,,,,,,0.0,0.0,0.0,0.0,0.0,0.0,0.0,0.0,0.0,0,0.0,NORMAL,False,,,,,,,,,,,,,,,,,False,,N/A,,,,,,,,,,,,,,,,,,,N/A,,True,CALL,2026-08-24,150.0,100.0,0,0.0,-33.023,0.0,0.0,0.0,0.0,0.0,N/A,15,N/A,N/A,AMERICAN,100.0,N/A,False,,,,False,,,,False,,,,,,False,,,,,,N/A,N/A,N/A,N/A,N/A,N/A,N/A,N/A,N/A,N/A,N/A,N/A,N/A,N/A,N/A,N/A,N/A,N/A,N/A,N/A,N/A,N/A,N/A
US.NVDA260824P150000,NVDA 260824 150.00P,2026-08-07 09:30:00,0.0,0.0,0.0,0.0,0.0,0.0,0.0,0.0,False,N/A,100,0.01,US.NVDA,0.0,0.0,0.0,0.0,,,,,,,,0.0,0.0,0.0,0.0,0.0,0.0,0.0,0.0,0.0,0,0.0,NORMAL,False,,,,,,,,,,,,,,,,,False,,N/A,,,,,,,,,,,,,,,,,,,N/A,,True,PUT,2026-08-24,150.0,100.0,0,0.0,33.023,0.0,0.0,0.0,0.0,0.0,N/A,15,N/A,N/A,AMERICAN,100.0,N/A,False,,,,False,,,,False,,,,,,False,,,,,,N/A,N/A,N/A,N/A,N/A,N/A,N/A,N/A,N/A,N/A,N/A,N/A,N/A,N/A,N/A,N/A,N/A,N/A,N/A,N/A,N/A,N/A,N/A
US.NVDA260824C155000,NVDA 260824 155.00C,2026-08-07 09:30:00,0.0,0.0,0.0,0.0,0.0,0.0,0.0,0.0,False,N/A,100,0.01,US.NVDA,0.0,0.0,0.0,0.0,,,,,,,,0.0,0.0,0.0,0.0,0.0,0.0,0.0,0.0,0.0,0,0.0,NORMAL,False,,,,,,,,,,,,,,,,,False,,N/A,,,,,,,,,,,,,,,,,,,N/A,,True,CALL,2026-08-24,155.0,100.0,0,0.0,-30.791,0.0,0.0,0.0,0.0,0.0,N/A,15,N/A,N/A,AMERICAN,100.0,N/A,False,,,,False,,,,False,,,,,,False,,,,,,N/A,N/A,N/A,N/A,N/A,N/A,N/A,N/A,N/A,N/A,N/A,N/A,N/A,N/A,N/A,N/A,N/A,N/A,N/A,N/A,N/A,N/A,N/A
US.NVDA260824P155000,NVDA 260824 155.00P,2026-08-07 09:30:00,0.0,0.0,0.0,0.0,0.0,0.0,0.0,0.0,False,N/A,100,0.01,US.NVDA,0.0,0.0,0.0,0.0,,,,,,,,0.0,0.0,0.0,0.0,0.0,0.0,0.0,0.0,0.0,0,0.0,NORMAL,False,,,,,,,,,,,,,,,,,False,,N/A,,,,,,,,,,,,,,,,,,,N/A,,True,PUT,2026-08-24,155.0,100.0,0,0.0,30.791,0.0,0.0,0.0,0.0,0.0,N/A,15,N/A,N/A,AMERICAN,100.0,N/A,False,,,,False,,,,False,,,,,,False,,,,,,N/A,N/A,N/A,N/A,N/A,N/A,N/A,N/A,N/A,N/A,N/A,N/A,N/A,N/A,N/A,N/A,N/A,N/A,N/A,N/A,N/A,N/A,N/A
US.NVDA260824C160000,NVDA 260824 160.00C,2026-08-07 09:30:00,0.0,0.0,0.0,0.0,0.0,0.0,0.0,0.0,False,N/A,100,0.01,US.NVDA,0.0,0.0,0.0,0.0,,,,,,,,0.0,0.0,0.0,0.0,0.0,0.0,0.0,0.0,0.0,0,0.0,NORMAL,False,,,,,,,,,,,,,,,,,False,,N/A,,,,,,,,,,,,,,,,,,,N/A,,True,CALL,2026-08-24,160.0,100.0,0,0.0,-28.558,0.0,0.0,0.0,0.0,0.0,N/A,15,N/A,N/A,AMERICAN,100.0,N/A,False,,,,False,,,,False,,,,,,False,,,,,,N/A,N/A,N/A,N/A,N/A,N/A,N/A,N/A,N/A,N/A,N/A,N/A,N/A,N/A,N/A,N/A,N/A,N/A,N/A,N/A,N/A,N/A,N/A
US.NVDA260824P160000,NVDA 260824 160.00P,2026-08-07 09:30:00,0.0,0.0,0.0,0.0,0.0,0.0,0.0,0.0,False,N/A,100,0.01,US.NVDA,0.0,0.0,0.0,0.0,,,,,,,,0.0,0.0,0.0,0.0,0.0,0.0,0.0,0.0,0.0,0,0.0,NORMAL,False,,,,,,,,,,,,,,,,,False,,N/A,,,,,,,,,,,,,,,,,,,N/A,,True,PUT,2026-08-24,160.0,100.0,0,0.0,28.558,0.0,0.0,0.0,0.0,0.0,N/A,15,N/A,N/A,AMERICAN,100.0,N/A,False,,,,False,,,,False,,,,,,False,,,,,,N/A,N/A,N/A,N/A,N/A,N/A,N/A,N/A,N/A,N/A,N/A,N/A,N/A,N/A,N/A,N/A,N/A,N/A,N/A,N/A,N/A,N/A,N/A
US.NVDA260824C165000,NVDA 260824 165.00C,2026-08-07 09:30:00,0.0,0.0,0.0,0.0,0.0,0.0,0.0,0.0,False,N/A,100,0.01,US.NVDA,0.0,0.0,0.0,0.0,,,,,,,,0.0,0.0,0.0,0.0,0.0,0.0,0.0,0.0,0.0,0,0.0,NORMAL,False,,,,,,,,,,,,,,,,,False,,N/A,,,,,,,,,,,,,,,,,,,N/A,,True,CALL,2026-08-24,165.0,100.0,0,0.0,-26.326,0.0,0.0,0.0,0.0,0.0,N/A,15,N/A,N/A,AMERICAN,100.0,N/A,False,,,,False,,,,False,,,,,,False,,,,,,N/A,N/A,N/A,N/A,N/A,N/A,N/A,N/A,N/A,N/A,N/A,N/A,N/A,N/A,N/A,N/A,N/A,N/A,N/A,N/A,N/A,N/A,N/A
US.NVDA260824P165000,NVDA 260824 165.00P,2026-08-07 09:30:00,0.0,0.0,0.0,0.0,0.0,0.0,0.0,0.0,False,N/A,100,0.01,US.NVDA,0.0,0.0,0.0,0.0,,,,,,,,0.0,0.0,0.0,0.0,0.0,0.0,0.0,0.0,0.0,0,0.0,NORMAL,False,,,,,,,,,,,,,,,,,False,,N/A,,,,,,,,,,,,,,,,,,,N/A,,True,PUT,2026-08-24,165.0,100.0,0,0.0,26.326,0.0,0.0,0.0,0.0,0.0,N/A,15,N/A,N/A,AMERICAN,100.0,N/A,False,,,,False,,,,False,,,,,,False,,,,,,N/A,N/A,N/A,N/A,N/A,N/A,N/A,N/A,N/A,N/A,N/A,N/A,N/A,N/A,N/A,N/A,N/A,N/A,N/A,N/A,N/A,N/A,N/A
US.NVDA260824C170000,NVDA 260824 170.00C,2026-08-07 09:30:00,0.0,0.0,0.0,0.0,0.0,0.0,0.0,0.0,False,N/A,100,0.01,US.NVDA,0.0,0.0,0.0,0.0,,,,,,,,0.0,0.0,0.0,0.0,0.0,0.0,0.0,0.0,0.0,0,0.0,NORMAL,False,,,,,,,,,,,,,,,,,False,,N/A,,,,,,,,,,,,,,,,,,,N/A,,True,CALL,2026-08-24,170.0,100.0,0,0.0,-24.093,0.0,0.0,0.0,0.0,0.0,N/A,15,N/A,N/A,AMERICAN,100.0,N/A,False,,,,False,,,,False,,,,,,False,,,,,,N/A,N/A,N/A,N/A,N/A,N/A,N/A,N/A,N/A,N/A,N/A,N/A,N/A,N/A,N/A,N/A,N/A,N/A,N/A,N/A,N/A,N/A,N/A
US.NVDA260824P170000,NVDA 260824 170.00P,2026-08-07 09:30:00,0.0,0.0,0.0,0.0,0.0,0.0,0.0,0.0,False,N/A,100,0.01,US.NVDA,0.0,0.0,0.0,0.0,,,,,,,,0.0,0.0,0.0,0.0,0.0,0.0,0.0,0.0,0.0,0,0.0,NORMAL,False,,,,,,,,,,,,,,,,,False,,N/A,,,,,,,,,,,,,,,,,,,N/A,,True,PUT,2026-08-24,170.0,100.0,0,0.0,24.093,0.0,0.0,0.0,0.0,0.0,N/A,15,N/A,N/A,AMERICAN,100.0,N/A,False,,,,False,,,,False,,,,,,False,,,,,,N/A,N/A,N/A,N/A,N/A,N/A,N/A,N/A,N/A,N/A,N/A,N/A,N/A,N/A,N/A,N/A,N/A,N/A,N/A,N/A,N/A,N/A,N/A
US.NVDA260824C175000,NVDA 260824 175.00C,2026-08-07 09:30:00,0.0,0.0,0.0,0.0,0.0,0.0,0.0,0.0,False,N/A,100,0.01,US.NVDA,0.0,0.0,0.0,0.0,,,,,,,,0.0,0.0,0.0,0.0,0.0,0.0,0.0,0.0,0.0,0,0.0,NORMAL,False,,,,,,,,,,,,,,,,,False,,N/A,,,,,,,,,,,,,,,,,,,N/A,,True,CALL,2026-08-24,175.0,100.0,0,0.0,-21.861,0.0,0.0,0.0,0.0,0.0,N/A,15,N/A,N/A,AMERICAN,100.0,N/A,False,,,,False,,,,False,,,,,,False,,,,,,N/A,N/A,N/A,N/A,N/A,N/A,N/A,N/A,N/A,N/A,N/A,N/A,N/A,N/A,N/A,N/A,N/A,N/A,N/A,N/A,N/A,N/A,N/A
US.NVDA260824P175000,NVDA 260824 175.00P,2026-08-07 09:30:00,0.0,0.0,0.0,0.0,0.0,0.0,0.0,0.0,False,N/A,100,0.01,US.NVDA,0.0,0.0,0.0,0.0,,,,,,,,0.0,0.0,0.0,0.0,0.0,0.0,0.0,0.0,0.0,0,0.0,NORMAL,False,,,,,,,,,,,,,,,,,False,,N/A,,,,,,,,,,,,,,,,,,,N/A,,True,PUT,2026-08-24,175.0,100.0,0,0.0,21.861,0.0,0.0,0.0,0.0,0.0,N/A,15,N/A,N/A,AMERICAN,100.0,N/A,False,,,,False,,,,False,,,,,,False,,,,,,N/A,N/A,N/A,N/A,N/A,N/A,N/A,N/A,N/A,N/A,N/A,N/A,N/A,N/A,N/A,N/A,N/A,N/A,N/A,N/A,N/A,N/A,N/A
US.NVDA260824C180000,NVDA 260824 180.00C,2026-08-07 09:30:00,0.0,0.0,0.0,0.0,0.0,0.0,0.0,0.0,False,N/A,100,0.01,US.NVDA,0.0,0.0,0.0,0.0,,,,,,,,0.0,0.0,0.0,0.0,0.0,0.0,0.0,0.0,0.0,0,0.0,NORMAL,False,,,,,,,,,,,,,,,,,False,,N/A,,,,,,,,,,,,,,,,,,,N/A,,True,CALL,2026-08-24,180.0,100.0,0,0.0,-19.628,0.0,0.0,0.0,0.0,0.0,N/A,15,N/A,N/A,AMERICAN,100.0,N/A,False,,,,False,,,,False,,,,,,False,,,,,,N/A,N/A,N/A,N/A,N/A,N/A,N/A,N/A,N/A,N/A,N/A,N/A,N/A,N/A,N/A,N/A,N/A,N/A,N/A,N/A,N/A,N/A,N/A
US.NVDA260824P180000,NVDA 260824 180.00P,2026-08-07 09:30:00,0.0,0.0,0.0,0.0,0.0,0.0,0.0,0.0,False,N/A,100,0.01,US.NVDA,0.0,0.0,0.0,0.0,,,,,,,,0.0,0.0,0.0,0.0,0.0,0.0,0.0,0.0,0.0,0,0.0,NORMAL,False,,,,,,,,,,,,,,,,,False,,N/A,,,,,,,,,,,,,,,,,,,N/A,,True,PUT,2026-08-24,180.0,100.0,0,0.0,19.628,0.0,0.0,0.0,0.0,0.0,N/A,15,N/A,N/A,AMERICAN,100.0,N/A,False,,,,False,,,,False,,,,,,False,,,,,,N/A,N/A,N/A,N/A,N/A,N/A,N/A,N/A,N/A,N/A,N/A,N/A,N/A,N/A,N/A,N/A,N/A,N/A,N/A,N/A,N/A,N/A,N/A
US.NVDA260824C185000,NVDA 260824 185.00C,2026-08-07 09:30:00,0.0,0.0,0.0,0.0,0.0,0.0,0.0,0.0,False,N/A,100,0.01,US.NVDA,0.0,0.0,0.0,0.0,,,,,,,,0.0,0.0,0.0,0.0,0.0,0.0,0.0,0.0,0.0,0,0.0,NORMAL,False,,,,,,,,,,,,,,,,,False,,N/A,,,,,,,,,,,,,,,,,,,N/A,,True,CALL,2026-08-24,185.0,100.0,0,0.0,-17.395,0.0,0.0,0.0,0.0,0.0,N/A,15,N/A,N/A,AMERICAN,100.0,N/A,False,,,,False,,,,False,,,,,,False,,,,,,N/A,N/A,N/A,N/A,N/A,N/A,N/A,N/A,N/A,N/A,N/A,N/A,N/A,N/A,N/A,N/A,N/A,N/A,N/A,N/A,N/A,N/A,N/A
US.NVDA260824P185000,NVDA 260824 185.00P,2026-08-07 09:30:00,0.0,0.0,0.0,0.0,0.0,0.0,0.0,0.0,False,N/A,100,0.01,US.NVDA,0.0,0.0,0.0,0.0,,,,,,,,0.0,0.0,0.0,0.0,0.0,0.0,0.0,0.0,0.0,0,0.0,NORMAL,False,,,,,,,,,,,,,,,,,False,,N/A,,,,,,,,,,,,,,,,,,,N/A,,True,PUT,2026-08-24,185.0,100.0,0,0.0,17.395,0.0,0.0,0.0,0.0,0.0,N/A,15,N/A,N/A,AMERICAN,100.0,N/A,False,,,,False,,,,False,,,,,,False,,,,,,N/A,N/A,N/A,N/A,N/A,N/A,N/A,N/A,N/A,N/A,N/A,N/A,N/A,N/A,N/A,N/A,N/A,N/A,N/A,N/A,N/A,N/A,N/A
US.NVDA260824C190000,NVDA 260824 190.00C,2026-08-07 09:30:00,0.0,0.0,0.0,0.0,0.0,0.0,0.0,0.0,False,N/A,100,0.01,US.NVDA,0.0,0.0,0.0,0.0,,,,,,,,0.0,0.0,0.0,0.0,0.0,0.0,0.0,0.0,0.0,0,0.0,NORMAL,False,,,,,,,,,,,,,,,,,False,,N/A,,,,,,,,,,,,,,,,,,,N/A,,True,CALL,2026-08-24,190.0,100.0,0,0.0,-15.163,0.0,0.0,0.0,0.0,0.0,N/A,15,N/A,N/A,AMERICAN,100.0,N/A,False,,,,False,,,,False,,,,,,False,,,,,,N/A,N/A,N/A,N/A,N/A,N/A,N/A,N/A,N/A,N/A,N/A,N/A,N/A,N/A,N/A,N/A,N/A,N/A,N/A,N/A,N/A,N/A,N/A
US.NVDA260824P190000,NVDA 260824 190.00P,2026-08-07 09:30:00,0.0,0.0,0.0,0.0,0.0,0.0,0.0,0.0,False,N/A,100,0.01,US.NVDA,0.0,0.0,0.0,0.0,,,,,,,,0.0,0.0,0.0,0.0,0.0,0.0,0.0,0.0,0.0,0,0.0,NORMAL,False,,,,,,,,,,,,,,,,,False,,N/A,,,,,,,,,,,,,,,,,,,N/A,,True,PUT,2026-08-24,190.0,100.0,0,0.0,15.163,0.0,0.0,0.0,0.0,0.0,N/A,15,N/A,N/A,AMERICAN,100.0,N/A,False,,,,False,,,,False,,,,,,False,,,,,,N/A,N/A,N/A,N/A,N/A,N/A,N/A,N/A,N/A,N/A,N/A,N/A,N/A,N/A,N/A,N/A,N/A,N/A,N/A,N/A,N/A,N/A,N/A
US.NVDA260824C195000,NVDA 260824 195.00C,2026-08-07 09:30:00,0.0,0.0,0.0,0.0,0.0,0.0,0.0,0.0,False,N/A,100,0.01,US.NVDA,0.0,0.0,0.0,0.0,,,,,,,,0.0,0.0,0.0,0.0,0.0,0.0,0.0,0.0,0.0,0,0.0,NORMAL,False,,,,,,,,,,,,,,,,,False,,N/A,,,,,,,,,,,,,,,,,,,N/A,,True,CALL,2026-08-24,195.0,100.0,0,0.0,-12.93,0.0,0.0,0.0,0.0,0.0,N/A,15,N/A,N/A,AMERICAN,100.0,N/A,False,,,,False,,,,False,,,,,,False,,,,,,N/A,N/A,N/A,N/A,N/A,N/A,N/A,N/A,N/A,N/A,N/A,N/A,N/A,N/A,N/A,N/A,N/A,N/A,N/A,N/A,N/A,N/A,N/A
US.NVDA260824P195000,NVDA 260824 195.00P,2026-08-07 09:30:00,0.0,0.0,0.0,0.0,0.0,0.0,0.0,0.0,False,N/A,100,0.01,US.NVDA,0.0,0.0,0.0,0.0,,,,,,,,0.0,0.0,0.0,0.0,0.0,0.0,0.0,0.0,0.0,0,0.0,NORMAL,False,,,,,,,,,,,,,,,,,False,,N/A,,,,,,,,,,,,,,,,,,,N/A,,True,PUT,2026-08-24,195.0,100.0,0,0.0,12.93,0.0,0.0,0.0,0.0,0.0,N/A,15,N/A,N/A,AMERICAN,100.0,N/A,False,,,,False,,,,False,,,,,,False,,,,,,N/A,N/A,N/A,N/A,N/A,N/A,N/A,N/A,N/A,N/A,N/A,N/A,N/A,N/A,N/A,N/A,N/A,N/A,N/A,N/A,N/A,N/A,N/A
US.NVDA260824C200000,NVDA 260824 200.00C,2026-08-07 09:30:00,0.0,0.0,0.0,0.0,0.0,0.0,0.0,0.0,False,N/A,100,0.01,US.NVDA,0.0,0.0,0.0,0.0,,,,,,,,0.0,0.0,0.0,0.0,0.0,0.0,0.0,0.0,0.0,0,0.0,NORMAL,False,,,,,,,,,,,,,,,,,False,,N/A,,,,,,,,,,,,,,,,,,,N/A,,True,CALL,2026-08-24,200.0,100.0,0,0.0,-10.698,0.0,0.0,0.0,0.0,0.0,N/A,15,N/A,N/A,AMERICAN,100.0,N/A,False,,,,False,,,,False,,,,,,False,,,,,,N/A,N/A,N/A,N/A,N/A,N/A,N/A,N/A,N/A,N/A,N/A,N/A,N/A,N/A,N/A,N/A,N/A,N/A,N/A,N/A,N/A,N/A,N/A
US.NVDA260824P200000,NVDA 260824 200.00P,2026-08-07 09:30:00,0.0,0.0,0.0,0.0,0.0,0.0,0.0,0.0,False,N/A,100,0.01,US.NVDA,0.0,0.0,0.0,0.0,,,,,,,,0.0,0.0,0.0,0.0,0.0,0.0,0.0,0.0,0.0,0,0.0,NORMAL,False,,,,,,,,,,,,,,,,,False,,N/A,,,,,,,,,,,,,,,,,,,N/A,,True,PUT,2026-08-24,200.0,100.0,0,0.0,10.698,0.0,0.0,0.0,0.0,0.0,N/A,15,N/A,N/A,AMERICAN,100.0,N/A,False,,,,False,,,,False,,,,,,False,,,,,,N/A,N/A,N/A,N/A,N/A,N/A,N/A,N/A,N/A,N/A,N/A,N/A,N/A,N/A,N/A,N/A,N/A,N/A,N/A,N/A,N/A,N/A,N/A
US.NVDA260824C205000,NVDA 260824 205.00C,2026-08-07 09:30:00,0.0,0.0,0.0,0.0,0.0,0.0,0.0,0.0,False,N/A,100,0.01,US.NVDA,0.0,0.0,0.0,0.0,,,,,,,,0.0,0.0,0.0,0.0,0.0,0.0,0.0,0.0,0.0,0,0.0,NORMAL,False,,,,,,,,,,,,,,,,,False,,N/A,,,,,,,,,,,,,,,,,,,N/A,,True,CALL,2026-08-24,205.0,100.0,0,0.0,-8.465,0.0,0.0,0.0,0.0,0.0,N/A,15,N/A,N/A,AMERICAN,100.0,N/A,False,,,,False,,,,False,,,,,,False,,,,,,N/A,N/A,N/A,N/A,N/A,N/A,N/A,N/A,N/A,N/A,N/A,N/A,N/A,N/A,N/A,N/A,N/A,N/A,N/A,N/A,N/A,N/A,N/A
US.NVDA260824P205000,NVDA 260824 205.00P,2026-08-07 09:30:00,0.0,0.0,0.0,0.0,0.0,0.0,0.0,0.0,False,N/A,100,0.01,US.NVDA,0.0,0.0,0.0,0.0,,,,,,,,0.0,0.0,0.0,0.0,0.0,0.0,0.0,0.0,0.0,0,0.0,NORMAL,False,,,,,,,,,,,,,,,,,False,,N/A,,,,,,,,,,,,,,,,,,,N/A,,True,PUT,2026-08-24,205.0,100.0,0,0.0,8.465,0.0,0.0,0.0,0.0,0.0,N/A,15,N/A,N/A,AMERICAN,100.0,N/A,False,,,,False,,,,False,,,,,,False,,,,,,N/A,N/A,N/A,N/A,N/A,N/A,N/A,N/A,N/A,N/A,N/A,N/A,N/A,N/A,N/A,N/A,N/A,N/A,N/A,N/A,N/A,N/A,N/A
US.NVDA260824C210000,NVDA 260824 210.00C,2026-08-07 09:30:00,0.0,0.0,0.0,0.0,0.0,0.0,0.0,0.0,False,N/A,100,0.01,US.NVDA,0.0,0.0,0.0,0.0,,,,,,,,0.0,0.0,0.0,0.0,0.0,0.0,0.0,0.0,0.0,0,0.0,NORMAL,False,,,,,,,,,,,,,,,,,False,,N/A,,,,,,,,,,,,,,,,,,,N/A,,True,CALL,2026-08-24,210.0,100.0,0,0.0,-6.233,0.0,0.0,0.0,0.0,0.0,N/A,15,N/A,N/A,AMERICAN,100.0,N/A,False,,,,False,,,,False,,,,,,False,,,,,,N/A,N/A,N/A,N/A,N/A,N/A,N/A,N/A,N/A,N/A,N/A,N/A,N/A,N/A,N/A,N/A,N/A,N/A,N/A,N/A,N/A,N/A,N/A
US.NVDA260824P210000,NVDA 260824 210.00P,2026-08-07 09:30:00,0.0,0.0,0.0,0.0,0.0,0.0,0.0,0.0,False,N/A,100,0.01,US.NVDA,0.0,0.0,0.0,0.0,,,,,,,,0.0,0.0,0.0,0.0,0.0,0.0,0.0,0.0,0.0,0,0.0,NORMAL,False,,,,,,,,,,,,,,,,,False,,N/A,,,,,,,,,,,,,,,,,,,N/A,,True,PUT,2026-08-24,210.0,100.0,0,0.0,6.233,0.0,0.0,0.0,0.0,0.0,N/A,15,N/A,N/A,AMERICAN,100.0,N/A,False,,,,False,,,,False,,,,,,False,,,,,,N/A,N/A,N/A,N/A,N/A,N/A,N/A,N/A,N/A,N/A,N/A,N/A,N/A,N/A,N/A,N/A,N/A,N/A,N/A,N/A,N/A,N/A,N/A
US.NVDA260824C215000,NVDA 260824 215.00C,2026-08-07 09:30:00,0.0,0.0,0.0,0.0,0.0,0.0,0.0,0.0,False,N/A,100,0.01,US.NVDA,0.0,0.0,0.0,0.0,,,,,,,,0.0,0.0,0.0,0.0,0.0,0.0,0.0,0.0,0.0,0,0.0,NORMAL,False,,,,,,,,,,,,,,,,,False,,N/A,,,,,,,,,,,,,,,,,,,N/A,,True,CALL,2026-08-24,215.0,100.0,0,0.0,-4.0,0.0,0.0,0.0,0.0,0.0,N/A,15,N/A,N/A,AMERICAN,100.0,N/A,False,,,,False,,,,False,,,,,,False,,,,,,N/A,N/A,N/A,N/A,N/A,N/A,N/A,N/A,N/A,N/A,N/A,N/A,N/A,N/A,N/A,N/A,N/A,N/A,N/A,N/A,N/A,N/A,N/A
US.NVDA260824P215000,NVDA 260824 215.00P,2026-08-07 09:30:00,0.0,0.0,0.0,0.0,0.0,0.0,0.0,0.0,False,N/A,100,0.01,US.NVDA,0.0,0.0,0.0,0.0,,,,,,,,0.0,0.0,0.0,0.0,0.0,0.0,0.0,0.0,0.0,0,0.0,NORMAL,False,,,,,,,,,,,,,,,,,False,,N/A,,,,,,,,,,,,,,,,,,,N/A,,True,PUT,2026-08-24,215.0,100.0,0,0.0,4.0,0.0,0.0,0.0,0.0,0.0,N/A,15,N/A,N/A,AMERICAN,100.0,N/A,False,,,,False,,,,False,,,,,,False,,,,,,N/A,N/A,N/A,N/A,N/A,N/A,N/A,N/A,N/A,N/A,N/A,N/A,N/A,N/A,N/A,N/A,N/A,N/A,N/A,N/A,N/A,N/A,N/A
US.NVDA260824C220000,NVDA 260824 220.00C,2026-08-07 09:30:00,0.0,0.0,0.0,0.0,0.0,0.0,0.0,0.0,False,N/A,100,0.01,US.NVDA,0.0,0.0,0.0,0.0,,,,,,,,0.0,0.0,0.0,0.0,0.0,0.0,0.0,0.0,0.0,0,0.0,NORMAL,False,,,,,,,,,,,,,,,,,False,,N/A,,,,,,,,,,,,,,,,,,,N/A,,True,CALL,2026-08-24,220.0,100.0,0,0.0,-1.768,0.0,0.0,0.0,0.0,0.0,N/A,15,N/A,N/A,AMERICAN,100.0,N/A,False,,,,False,,,,False,,,,,,False,,,,,,N/A,N/A,N/A,N/A,N/A,N/A,N/A,N/A,N/A,N/A,N/A,N/A,N/A,N/A,N/A,N/A,N/A,N/A,N/A,N/A,N/A,N/A,N/A
US.NVDA260824P220000,NVDA 260824 220.00P,2026-08-07 09:30:00,0.0,0.0,0.0,0.0,0.0,0.0,0.0,0.0,False,N/A,100,0.01,US.NVDA,0.0,0.0,0.0,0.0,,,,,,,,0.0,0.0,0.0,0.0,0.0,0.0,0.0,0.0,0.0,0,0.0,NORMAL,False,,,,,,,,,,,,,,,,,False,,N/A,,,,,,,,,,,,,,,,,,,N/A,,True,PUT,2026-08-24,220.0,100.0,0,0.0,1.768,0.0,0.0,0.0,0.0,0.0,N/A,15,N/A,N/A,AMERICAN,100.0,N/A,False,,,,False,,,,False,,,,,,False,,,,,,N/A,N/A,N/A,N/A,N/A,N/A,N/A,N/A,N/A,N/A,N/A,N/A,N/A,N/A,N/A,N/A,N/A,N/A,N/A,N/A,N/A,N/A,N/A
US.NVDA260824C225000,NVDA 260824 225.00C,2026-08-07 09:30:00,0.0,0.0,0.0,0.0,0.0,0.0,0.0,0.0,False,N/A,100,0.01,US.NVDA,0.0,0.0,0.0,0.0,,,,,,,,0.0,0.0,0.0,0.0,0.0,0.0,0.0,0.0,0.0,0,0.0,NORMAL,False,,,,,,,,,,,,,,,,,False,,N/A,,,,,,,,,,,,,,,,,,,N/A,,True,CALL,2026-08-24,225.0,100.0,0,0.0,0.464,0.0,0.0,0.0,0.0,0.0,N/A,15,N/A,N/A,AMERICAN,100.0,N/A,False,,,,False,,,,False,,,,,,False,,,,,,N/A,N/A,N/A,N/A,N/A,N/A,N/A,N/A,N/A,N/A,N/A,N/A,N/A,N/A,N/A,N/A,N/A,N/A,N/A,N/A,N/A,N/A,N/A
US.NVDA260824P225000,NVDA 260824 225.00P,2026-08-07 09:30:00,0.0,0.0,0.0,0.0,0.0,0.0,0.0,0.0,False,N/A,100,0.01,US.NVDA,0.0,0.0,0.0,0.0,,,,,,,,0.0,0.0,0.0,0.0,0.0,0.0,0.0,0.0,0.0,0,0.0,NORMAL,False,,,,,,,,,,,,,,,,,False,,N/A,,,,,,,,,,,,,,,,,,,N/A,,True,PUT,2026-08-24,225.0,100.0,0,0.0,-0.464,0.0,0.0,0.0,0.0,0.0,N/A,15,N/A,N/A,AMERICAN,100.0,N/A,False,,,,False,,,,False,,,,,,False,,,,,,N/A,N/A,N/A,N/A,N/A,N/A,N/A,N/A,N/A,N/A,N/A,N/A,N/A,N/A,N/A,N/A,N/A,N/A,N/A,N/A,N/A,N/A,N/A
US.NVDA260824C230000,NVDA 260824 230.00C,2026-08-07 09:30:00,0.0,0.0,0.0,0.0,0.0,0.0,0.0,0.0,False,N/A,100,0.01,US.NVDA,0.0,0.0,0.0,0.0,,,,,,,,0.0,0.0,0.0,0.0,0.0,0.0,0.0,0.0,0.0,0,0.0,NORMAL,False,,,,,,,,,,,,,,,,,False,,N/A,,,,,,,,,,,,,,,,,,,N/A,,True,CALL,2026-08-24,230.0,100.0,0,0.0,2.696,0.0,0.0,0.0,0.0,0.0,N/A,15,N/A,N/A,AMERICAN,100.0,N/A,False,,,,False,,,,False,,,,,,False,,,,,,N/A,N/A,N/A,N/A,N/A,N/A,N/A,N/A,N/A,N/A,N/A,N/A,N/A,N/A,N/A,N/A,N/A,N/A,N/A,N/A,N/A,N/A,N/A
US.NVDA260824P230000,NVDA 260824 230.00P,2026-08-07 09:30:00,0.0,0.0,0.0,0.0,0.0,0.0,0.0,0.0,False,N/A,100,0.01,US.NVDA,0.0,0.0,0.0,0.0,,,,,,,,0.0,0.0,0.0,0.0,0.0,0.0,0.0,0.0,0.0,0,0.0,NORMAL,False,,,,,,,,,,,,,,,,,False,,N/A,,,,,,,,,,,,,,,,,,,N/A,,True,PUT,2026-08-24,230.0,100.0,0,0.0,-2.696,0.0,0.0,0.0,0.0,0.0,N/A,15,N/A,N/A,AMERICAN,100.0,N/A,False,,,,False,,,,False,,,,,,False,,,,,,N/A,N/A,N/A,N/A,N/A,N/A,N/A,N/A,N/A,N/A,N/A,N/A,N/A,N/A,N/A,N/A,N/A,N/A,N/A,N/A,N/A,N/A,N/A
US.NVDA260824C235000,NVDA 260824 235.00C,2026-08-07 09:30:00,0.0,0.0,0.0,0.0,0.0,0.0,0.0,0.0,False,N/A,100,0.01,US.NVDA,0.0,0.0,0.0,0.0,,,,,,,,0.0,0.0,0.0,0.0,0.0,0.0,0.0,0.0,0.0,0,0.0,NORMAL,False,,,,,,,,,,,,,,,,,False,,N/A,,,,,,,,,,,,,,,,,,,N/A,,True,CALL,2026-08-24,235.0,100.0,0,0.0,4.929,0.0,0.0,0.0,0.0,0.0,N/A,15,N/A,N/A,AMERICAN,100.0,N/A,False,,,,False,,,,False,,,,,,False,,,,,,N/A,N/A,N/A,N/A,N/A,N/A,N/A,N/A,N/A,N/A,N/A,N/A,N/A,N/A,N/A,N/A,N/A,N/A,N/A,N/A,N/A,N/A,N/A
US.NVDA260824P235000,NVDA 260824 235.00P,2026-08-07 09:30:00,0.0,0.0,0.0,0.0,0.0,0.0,0.0,0.0,False,N/A,100,0.01,US.NVDA,0.0,0.0,0.0,0.0,,,,,,,,0.0,0.0,0.0,0.0,0.0,0.0,0.0,0.0,0.0,0,0.0,NORMAL,False,,,,,,,,,,,,,,,,,False,,N/A,,,,,,,,,,,,,,,,,,,N/A,,True,PUT,2026-08-24,235.0,100.0,0,0.0,-4.929,0.0,0.0,0.0,0.0,0.0,N/A,15,N/A,N/A,AMERICAN,100.0,N/A,False,,,,False,,,,False,,,,,,False,,,,,,N/A,N/A,N/A,N/A,N/A,N/A,N/A,N/A,N/A,N/A,N/A,N/A,N/A,N/A,N/A,N/A,N/A,N/A,N/A,N/A,N/A,N/A,N/A
US.NVDA260824C240000,NVDA 260824 240.00C,2026-08-07 09:30:00,0.0,0.0,0.0,0.0,0.0,0.0,0.0,0.0,False,N/A,100,0.01,US.NVDA,0.0,0.0,0.0,0.0,,,,,,,,0.0,0.0,0.0,0.0,0.0,0.0,0.0,0.0,0.0,0,0.0,NORMAL,False,,,,,,,,,,,,,,,,,False,,N/A,,,,,,,,,,,,,,,,,,,N/A,,True,CALL,2026-08-24,240.0,100.0,0,0.0,7.161,0.0,0.0,0.0,0.0,0.0,N/A,15,N/A,N/A,AMERICAN,100.0,N/A,False,,,,False,,,,False,,,,,,False,,,,,,N/A,N/A,N/A,N/A,N/A,N/A,N/A,N/A,N/A,N/A,N/A,N/A,N/A,N/A,N/A,N/A,N/A,N/A,N/A,N/A,N/A,N/A,N/A
US.NVDA260824P240000,NVDA 260824 240.00P,2026-08-07 09:30:00,0.0,0.0,0.0,0.0,0.0,0.0,0.0,0.0,False,N/A,100,0.01,US.NVDA,0.0,0.0,0.0,0.0,,,,,,,,0.0,0.0,0.0,0.0,0.0,0.0,0.0,0.0,0.0,0,0.0,NORMAL,False,,,,,,,,,,,,,,,,,False,,N/A,,,,,,,,,,,,,,,,,,,N/A,,True,PUT,2026-08-24,240.0,100.0,0,0.0,-7.161,0.0,0.0,0.0,0.0,0.0,N/A,15,N/A,N/A,AMERICAN,100.0,N/A,False,,,,False,,,,False,,,,,,False,,,,,,N/A,N/A,N/A,N/A,N/A,N/A,N/A,N/A,N/A,N/A,N/A,N/A,N/A,N/A,N/A,N/A,N/A,N/A,N/A,N/A,N/A,N/A,N/A
US.NVDA260824C245000,NVDA 260824 245.00C,2026-08-07 09:30:00,0.0,0.0,0.0,0.0,0.0,0.0,0.0,0.0,False,N/A,100,0.01,US.NVDA,0.0,0.0,0.0,0.0,,,,,,,,0.0,0.0,0.0,0.0,0.0,0.0,0.0,0.0,0.0,0,0.0,NORMAL,False,,,,,,,,,,,,,,,,,False,,N/A,,,,,,,,,,,,,,,,,,,N/A,,True,CALL,2026-08-24,245.0,100.0,0,0.0,9.394,0.0,0.0,0.0,0.0,0.0,N/A,15,N/A,N/A,AMERICAN,100.0,N/A,False,,,,False,,,,False,,,,,,False,,,,,,N/A,N/A,N/A,N/A,N/A,N/A,N/A,N/A,N/A,N/A,N/A,N/A,N/A,N/A,N/A,N/A,N/A,N/A,N/A,N/A,N/A,N/A,N/A
US.NVDA260824P245000,NVDA 260824 245.00P,2026-08-07 09:30:00,0.0,0.0,0.0,0.0,0.0,0.0,0.0,0.0,False,N/A,100,0.01,US.NVDA,0.0,0.0,0.0,0.0,,,,,,,,0.0,0.0,0.0,0.0,0.0,0.0,0.0,0.0,0.0,0,0.0,NORMAL,False,,,,,,,,,,,,,,,,,False,,N/A,,,,,,,,,,,,,,,,,,,N/A,,True,PUT,2026-08-24,245.0,100.0,0,0.0,-9.394,0.0,0.0,0.0,0.0,0.0,N/A,15,N/A,N/A,AMERICAN,100.0,N/A,False,,,,False,,,,False,,,,,,False,,,,,,N/A,N/A,N/A,N/A,N/A,N/A,N/A,N/A,N/A,N/A,N/A,N/A,N/A,N/A,N/A,N/A,N/A,N/A,N/A,N/A,N/A,N/A,N/A
US.NVDA260824C250000,NVDA 260824 250.00C,2026-08-07 09:30:00,0.0,0.0,0.0,0.0,0.0,0.0,0.0,0.0,False,N/A,100,0.01,US.NVDA,0.0,0.0,0.0,0.0,,,,,,,,0.0,0.0,0.0,0.0,0.0,0.0,0.0,0.0,0.0,0,0.0,NORMAL,False,,,,,,,,,,,,,,,,,False,,N/A,,,,,,,,,,,,,,,,,,,N/A,,True,CALL,2026-08-24,250.0,100.0,0,0.0,11.627,0.0,0.0,0.0,0.0,0.0,N/A,15,N/A,N/A,AMERICAN,100.0,N/A,False,,,,False,,,,False,,,,,,False,,,,,,N/A,N/A,N/A,N/A,N/A,N/A,N/A,N/A,N/A,N/A,N/A,N/A,N/A,N/A,N/A,N/A,N/A,N/A,N/A,N/A,N/A,N/A,N/A
US.NVDA260824P250000,NVDA 260824 250.00P,2026-08-07 09:30:00,0.0,0.0,0.0,0.0,0.0,0.0,0.0,0.0,False,N/A,100,0.01,US.NVDA,0.0,0.0,0.0,0.0,,,,,,,,0.0,0.0,0.0,0.0,0.0,0.0,0.0,0.0,0.0,0,0.0,NORMAL,False,,,,,,,,,,,,,,,,,False,,N/A,,,,,,,,,,,,,,,,,,,N/A,,True,PUT,2026-08-24,250.0,100.0,0,0.0,-11.627,0.0,0.0,0.0,0.0,0.0,N/A,15,N/A,N/A,AMERICAN,100.0,N/A,False,,,,False,,,,False,,,,,,False,,,,,,N/A,N/A,N/A,N/A,N/A,N/A,N/A,N/A,N/A,N/A,N/A,N/A,N/A,N/A,N/A,N/A,N/A,N/A,N/A,N/A,N/A,N/A,N/A
US.NVDA260824C255000,NVDA 260824 255.00C,2026-08-07 09:30:00,0.0,0.0,0.0,0.0,0.0,0.0,0.0,0.0,False,N/A,100,0.01,US.NVDA,0.0,0.0,0.0,0.0,,,,,,,,0.0,0.0,0.0,0.0,0.0,0.0,0.0,0.0,0.0,0,0.0,NORMAL,False,,,,,,,,,,,,,,,,,False,,N/A,,,,,,,,,,,,,,,,,,,N/A,,True,CALL,2026-08-24,255.0,100.0,0,0.0,13.859,0.0,0.0,0.0,0.0,0.0,N/A,15,N/A,N/A,AMERICAN,100.0,N/A,False,,,,False,,,,False,,,,,,False,,,,,,N/A,N/A,N/A,N/A,N/A,N/A,N/A,N/A,N/A,N/A,N/A,N/A,N/A,N/A,N/A,N/A,N/A,N/A,N/A,N/A,N/A,N/A,N/A
US.NVDA260824P255000,NVDA 260824 255.00P,2026-08-07 09:30:00,0.0,0.0,0.0,0.0,0.0,0.0,0.0,0.0,False,N/A,100,0.01,US.NVDA,0.0,0.0,0.0,0.0,,,,,,,,0.0,0.0,0.0,0.0,0.0,0.0,0.0,0.0,0.0,0,0.0,NORMAL,False,,,,,,,,,,,,,,,,,False,,N/A,,,,,,,,,,,,,,,,,,,N/A,,True,PUT,2026-08-24,255.0,100.0,0,0.0,-13.859,0.0,0.0,0.0,0.0,0.0,N/A,15,N/A,N/A,AMERICAN,100.0,N/A,False,,,,False,,,,False,,,,,,False,,,,,,N/A,N/A,N/A,N/A,N/A,N/A,N/A,N/A,N/A,N/A,N/A,N/A,N/A,N/A,N/A,N/A,N/A,N/A,N/A,N/A,N/A,N/A,N/A
US.NVDA260824C260000,NVDA 260824 260.00C,2026-08-07 09:30:00,0.0,0.0,0.0,0.0,0.0,0.0,0.0,0.0,False,N/A,100,0.01,US.NVDA,0.0,0.0,0.0,0.0,,,,,,,,0.0,0.0,0.0,0.0,0.0,0.0,0.0,0.0,0.0,0,0.0,NORMAL,False,,,,,,,,,,,,,,,,,False,,N/A,,,,,,,,,,,,,,,,,,,N/A,,True,CALL,2026-08-24,260.0,100.0,0,0.0,16.092,0.0,0.0,0.0,0.0,0.0,N/A,15,N/A,N/A,AMERICAN,100.0,N/A,False,,,,False,,,,False,,,,,,False,,,,,,N/A,N/A,N/A,N/A,N/A,N/A,N/A,N/A,N/A,N/A,N/A,N/A,N/A,N/A,N/A,N/A,N/A,N/A,N/A,N/A,N/A,N/A,N/A
US.NVDA260824P260000,NVDA 260824 260.00P,2026-08-07 09:30:00,0.0,0.0,0.0,0.0,0.0,0.0,0.0,0.0,False,N/A,100,0.01,US.NVDA,0.0,0.0,0.0,0.0,,,,,,,,0.0,0.0,0.0,0.0,0.0,0.0,0.0,0.0,0.0,0,0.0,NORMAL,False,,,,,,,,,,,,,,,,,False,,N/A,,,,,,,,,,,,,,,,,,,N/A,,True,PUT,2026-08-24,260.0,100.0,0,0.0,-16.092,0.0,0.0,0.0,0.0,0.0,N/A,15,N/A,N/A,AMERICAN,100.0,N/A,False,,,,False,,,,False,,,,,,False,,,,,,N/A,N/A,N/A,N/A,N/A,N/A,N/A,N/A,N/A,N/A,N/A,N/A,N/A,N/A,N/A,N/A,N/A,N/A,N/A,N/A,N/A,N/A,N/A
US.NVDA260824C265000,NVDA 260824 265.00C,2026-08-07 09:30:00,0.0,0.0,0.0,0.0,0.0,0.0,0.0,0.0,False,N/A,100,0.01,US.NVDA,0.0,0.0,0.0,0.0,,,,,,,,0.0,0.0,0.0,0.0,0.0,0.0,0.0,0.0,0.0,0,0.0,NORMAL,False,,,,,,,,,,,,,,,,,False,,N/A,,,,,,,,,,,,,,,,,,,N/A,,True,CALL,2026-08-24,265.0,100.0,0,0.0,18.324,0.0,0.0,0.0,0.0,0.0,N/A,15,N/A,N/A,AMERICAN,100.0,N/A,False,,,,False,,,,False,,,,,,False,,,,,,N/A,N/A,N/A,N/A,N/A,N/A,N/A,N/A,N/A,N/A,N/A,N/A,N/A,N/A,N/A,N/A,N/A,N/A,N/A,N/A,N/A,N/A,N/A
US.NVDA260824P265000,NVDA 260824 265.00P,2026-08-07 09:30:00,0.0,0.0,0.0,0.0,0.0,0.0,0.0,0.0,False,N/A,100,0.01,US.NVDA,0.0,0.0,0.0,0.0,,,,,,,,0.0,0.0,0.0,0.0,0.0,0.0,0.0,0.0,0.0,0,0.0,NORMAL,False,,,,,,,,,,,,,,,,,False,,N/A,,,,,,,,,,,,,,,,,,,N/A,,True,PUT,2026-08-24,265.0,100.0,0,0.0,-18.324,0.0,0.0,0.0,0.0,0.0,N/A,15,N/A,N/A,AMERICAN,100.0,N/A,False,,,,False,,,,False,,,,,,False,,,,,,N/A,N/A,N/A,N/A,N/A,N/A,N/A,N/A,N/A,N/A,N/A,N/A,N/A,N/A,N/A,N/A,N/A,N/A,N/A,N/A,N/A,N/A,N/A
US.NVDA260824C270000,NVDA 260824 270.00C,2026-08-07 09:30:00,0.0,0.0,0.0,0.0,0.0,0.0,0.0,0.0,False,N/A,100,0.01,US.NVDA,0.0,0.0,0.0,0.0,,,,,,,,0.0,0.0,0.0,0.0,0.0,0.0,0.0,0.0,0.0,0,0.0,NORMAL,False,,,,,,,,,,,,,,,,,False,,N/A,,,,,,,,,,,,,,,,,,,N/A,,True,CALL,2026-08-24,270.0,100.0,0,0.0,20.557,0.0,0.0,0.0,0.0,0.0,N/A,15,N/A,N/A,AMERICAN,100.0,N/A,False,,,,False,,,,False,,,,,,False,,,,,,N/A,N/A,N/A,N/A,N/A,N/A,N/A,N/A,N/A,N/A,N/A,N/A,N/A,N/A,N/A,N/A,N/A,N/A,N/A,N/A,N/A,N/A,N/A
US.NVDA260824P270000,NVDA 260824 270.00P,2026-08-07 09:30:00,0.0,0.0,0.0,0.0,0.0,0.0,0.0,0.0,False,N/A,100,0.01,US.NVDA,0.0,0.0,0.0,0.0,,,,,,,,0.0,0.0,0.0,0.0,0.0,0.0,0.0,0.0,0.0,0,0.0,NORMAL,False,,,,,,,,,,,,,,,,,False,,N/A,,,,,,,,,,,,,,,,,,,N/A,,True,PUT,2026-08-24,270.0,100.0,0,0.0,-20.557,0.0,0.0,0.0,0.0,0.0,N/A,15,N/A,N/A,AMERICAN,100.0,N/A,False,,,,False,,,,False,,,,,,False,,,,,,N/A,N/A,N/A,N/A,N/A,N/A,N/A,N/A,N/A,N/A,N/A,N/A,N/A,N/A,N/A,N/A,N/A,N/A,N/A,N/A,N/A,N/A,N/A
US.NVDA260824C275000,NVDA 260824 275.00C,2026-08-07 09:30:00,0.0,0.0,0.0,0.0,0.0,0.0,0.0,0.0,False,N/A,100,0.01,US.NVDA,0.0,0.0,0.0,0.0,,,,,,,,0.0,0.0,0.0,0.0,0.0,0.0,0.0,0.0,0.0,0,0.0,NORMAL,False,,,,,,,,,,,,,,,,,False,,N/A,,,,,,,,,,,,,,,,,,,N/A,,True,CALL,2026-08-24,275.0,100.0,0,0.0,22.789,0.0,0.0,0.0,0.0,0.0,N/A,15,N/A,N/A,AMERICAN,100.0,N/A,False,,,,False,,,,False,,,,,,False,,,,,,N/A,N/A,N/A,N/A,N/A,N/A,N/A,N/A,N/A,N/A,N/A,N/A,N/A,N/A,N/A,N/A,N/A,N/A,N/A,N/A,N/A,N/A,N/A
US.NVDA260824P275000,NVDA 260824 275.00P,2026-08-07 09:30:00,0.0,0.0,0.0,0.0,0.0,0.0,0.0,0.0,False,N/A,100,0.01,US.NVDA,0.0,0.0,0.0,0.0,,,,,,,,0.0,0.0,0.0,0.0,0.0,0.0,0.0,0.0,0.0,0,0.0,NORMAL,False,,,,,,,,,,,,,,,,,False,,N/A,,,,,,,,,,,,,,,,,,,N/A,,True,PUT,2026-08-24,275.0,100.0,0,0.0,-22.789,0.0,0.0,0.0,0.0,0.0,N/A,15,N/A,N/A,AMERICAN,100.0,N/A,False,,,,False,,,,False,,,,,,False,,,,,,N/A,N/A,N/A,N/A,N/A,N/A,N/A,N/A,N/A,N/A,N/A,N/A,N/A,N/A,N/A,N/A,N/A,N/A,N/A,N/A,N/A,N/A,N/A
US.NVDA260824C280000,NVDA 260824 280.00C,2026-08-07 09:30:00,0.0,0.0,0.0,0.0,0.0,0.0,0.0,0.0,False,N/A,100,0.01,US.NVDA,0.0,0.0,0.0,0.0,,,,,,,,0.0,0.0,0.0,0.0,0.0,0.0,0.0,0.0,0.0,0,0.0,NORMAL,False,,,,,,,,,,,,,,,,,False,,N/A,,,,,,,,,,,,,,,,,,,N/A,,True,CALL,2026-08-24,280.0,100.0,0,0.0,25.022,0.0,0.0,0.0,0.0,0.0,N/A,15,N/A,N/A,AMERICAN,100.0,N/A,False,,,,False,,,,False,,,,,,False,,,,,,N/A,N/A,N/A,N/A,N/A,N/A,N/A,N/A,N/A,N/A,N/A,N/A,N/A,N/A,N/A,N/A,N/A,N/A,N/A,N/A,N/A,N/A,N/A
US.NVDA260824P280000,NVDA 260824 280.00P,2026-08-07 09:30:00,0.0,0.0,0.0,0.0,0.0,0.0,0.0,0.0,False,N/A,100,0.01,US.NVDA,0.0,0.0,0.0,0.0,,,,,,,,0.0,0.0,0.0,0.0,0.0,0.0,0.0,0.0,0.0,0,0.0,NORMAL,False,,,,,,,,,,,,,,,,,False,,N/A,,,,,,,,,,,,,,,,,,,N/A,,True,PUT,2026-08-24,280.0,100.0,0,0.0,-25.022,0.0,0.0,0.0,0.0,0.0,N/A,15,N/A,N/A,AMERICAN,100.0,N/A,False,,,,False,,,,False,,,,,,False,,,,,,N/A,N/A,N/A,N/A,N/A,N/A,N/A,N/A,N/A,N/A,N/A,N/A,N/A,N/A,N/A,N/A,N/A,N/A,N/A,N/A,N/A,N/A,N/A
US.NVDA260824C285000,NVDA 260824 285.00C,2026-08-07 09:30:00,0.0,0.0,0.0,0.0,0.0,0.0,0.0,0.0,False,N/A,100,0.01,US.NVDA,0.0,0.0,0.0,0.0,,,,,,,,0.0,0.0,0.0,0.0,0.0,0.0,0.0,0.0,0.0,0,0.0,NORMAL,False,,,,,,,,,,,,,,,,,False,,N/A,,,,,,,,,,,,,,,,,,,N/A,,True,CALL,2026-08-24,285.0,100.0,0,0.0,27.254,0.0,0.0,0.0,0.0,0.0,N/A,15,N/A,N/A,AMERICAN,100.0,N/A,False,,,,False,,,,False,,,,,,False,,,,,,N/A,N/A,N/A,N/A,N/A,N/A,N/A,N/A,N/A,N/A,N/A,N/A,N/A,N/A,N/A,N/A,N/A,N/A,N/A,N/A,N/A,N/A,N/A
US.NVDA260824P285000,NVDA 260824 285.00P,2026-08-07 09:30:00,0.0,0.0,0.0,0.0,0.0,0.0,0.0,0.0,False,N/A,100,0.01,US.NVDA,0.0,0.0,0.0,0.0,,,,,,,,0.0,0.0,0.0,0.0,0.0,0.0,0.0,0.0,0.0,0,0.0,NORMAL,False,,,,,,,,,,,,,,,,,False,,N/A,,,,,,,,,,,,,,,,,,,N/A,,True,PUT,2026-08-24,285.0,100.0,0,0.0,-27.254,0.0,0.0,0.0,0.0,0.0,N/A,15,N/A,N/A,AMERICAN,100.0,N/A,False,,,,False,,,,False,,,,,,False,,,,,,N/A,N/A,N/A,N/A,N/A,N/A,N/A,N/A,N/A,N/A,N/A,N/A,N/A,N/A,N/A,N/A,N/A,N/A,N/A,N/A,N/A,N/A,N/A
US.NVDA260824C290000,NVDA 260824 290.00C,2026-08-07 09:30:00,0.0,0.0,0.0,0.0,0.0,0.0,0.0,0.0,False,N/A,100,0.01,US.NVDA,0.0,0.0,0.0,0.0,,,,,,,,0.0,0.0,0.0,0.0,0.0,0.0,0.0,0.0,0.0,0,0.0,NORMAL,False,,,,,,,,,,,,,,,,,False,,N/A,,,,,,,,,,,,,,,,,,,N/A,,True,CALL,2026-08-24,290.0,100.0,0,0.0,29.487,0.0,0.0,0.0,0.0,0.0,N/A,15,N/A,N/A,AMERICAN,100.0,N/A,False,,,,False,,,,False,,,,,,False,,,,,,N/A,N/A,N/A,N/A,N/A,N/A,N/A,N/A,N/A,N/A,N/A,N/A,N/A,N/A,N/A,N/A,N/A,N/A,N/A,N/A,N/A,N/A,N/A
US.NVDA260824P290000,NVDA 260824 290.00P,2026-08-07 09:30:00,0.0,0.0,0.0,0.0,0.0,0.0,0.0,0.0,False,N/A,100,0.01,US.NVDA,0.0,0.0,0.0,0.0,,,,,,,,0.0,0.0,0.0,0.0,0.0,0.0,0.0,0.0,0.0,0,0.0,NORMAL,False,,,,,,,,,,,,,,,,,False,,N/A,,,,,,,,,,,,,,,,,,,N/A,,True,PUT,2026-08-24,290.0,100.0,0,0.0,-29.487,0.0,0.0,0.0,0.0,0.0,N/A,15,N/A,N/A,AMERICAN,100.0,N/A,False,,,,False,,,,False,,,,,,False,,,,,,N/A,N/A,N/A,N/A,N/A,N/A,N/A,N/A,N/A,N/A,N/A,N/A,N/A,N/A,N/A,N/A,N/A,N/A,N/A,N/A,N/A,N/A,N/A
US.NVDA260824C295000,NVDA 260824 295.00C,2026-08-07 09:30:00,0.0,0.0,0.0,0.0,0.0,0.0,0.0,0.0,False,N/A,100,0.01,US.NVDA,0.0,0.0,0.0,0.0,,,,,,,,0.0,0.0,0.0,0.0,0.0,0.0,0.0,0.0,0.0,0,0.0,NORMAL,False,,,,,,,,,,,,,,,,,False,,N/A,,,,,,,,,,,,,,,,,,,N/A,,True,CALL,2026-08-24,295.0,100.0,0,0.0,31.719,0.0,0.0,0.0,0.0,0.0,N/A,15,N/A,N/A,AMERICAN,100.0,N/A,False,,,,False,,,,False,,,,,,False,,,,,,N/A,N/A,N/A,N/A,N/A,N/A,N/A,N/A,N/A,N/A,N/A,N/A,N/A,N/A,N/A,N/A,N/A,N/A,N/A,N/A,N/A,N/A,N/A
US.NVDA260824P295000,NVDA 260824 295.00P,2026-08-07 09:30:00,0.0,0.0,0.0,0.0,0.0,0.0,0.0,0.0,False,N/A,100,0.01,US.NVDA,0.0,0.0,0.0,0.0,,,,,,,,0.0,0.0,0.0,0.0,0.0,0.0,0.0,0.0,0.0,0,0.0,NORMAL,False,,,,,,,,,,,,,,,,,False,,N/A,,,,,,,,,,,,,,,,,,,N/A,,True,PUT,2026-08-24,295.0,100.0,0,0.0,-31.719,0.0,0.0,0.0,0.0,0.0,N/A,15,N/A,N/A,AMERICAN,100.0,N/A,False,,,,False,,,,False,,,,,,False,,,,,,N/A,N/A,N/A,N/A,N/A,N/A,N/A,N/A,N/A,N/A,N/A,N/A,N/A,N/A,N/A,N/A,N/A,N/A,N/A,N/A,N/A,N/A,N/A
US.NVDA260828C50000,NVDA 260828 50.00C,2026-08-07 09:30:00,169.094,0.0,0.0,0.0,169.094,0.0,0.0,0.0,False,N/A,100,0.05,US.NVDA,176.75,169.45,1.0,1.0,,,,,,,,0.0,0.0,0.0,0.0,0.0,0.0,0.0,0.0,0.0,0,0.0,NORMAL,False,,,,,,,,,,,,,,,,,False,,N/A,,,,,,,,,,,,,,,,,,,N/A,,True,CALL,2026-08-28,50.0,100.0,4,0.0,-2.172,0.0,0.0,0.0,0.0,0.0,N/A,19,N/A,N/A,AMERICAN,100.0,N/A,False,,,,False,,,,False,,,,,,False,,,,,,N/A,N/A,N/A,N/A,N/A,N/A,N/A,N/A,N/A,N/A,N/A,N/A,N/A,N/A,N/A,N/A,N/A,N/A,N/A,N/A,N/A,N/A,N/A
US.NVDA260828P50000,NVDA 260828 50.00P,2026-08-05 09:30:00,0.0001,0.0,0.0,0.0,0.0001,0.0,0.0,0.0,False,N/A,100,0.01,US.NVDA,0.04,0.0,4.0,0.0,,,,,,,,0.0,0.0,-100.0,0.0,0.0,0.0,0.0,0.0,0.0,0,0.0,NORMAL,False,,,,,,,,,,,,,,,,,False,,N/A,,,,,,,,,,,,,,,,,,,N/A,,True,PUT,2026-08-28,50.0,100.0,46,154.284,77.674,-4.999e-06,2.83e-07,1.194e-05,-3.9839e-05,5.179e-06,N/A,19,N/A,N/A,AMERICAN,100.0,N/A,False,,,,False,,,,False,,,,,,False,,,,,,N/A,N/A,N/A,N/A,N/A,N/A,N/A,N/A,N/A,N/A,N/A,N/A,N/A,N/A,N/A,N/A,N/A,N/A,N/A,N/A,N/A,N/A,N/A
US.NVDA260828C55000,NVDA 260828 55.00C,2026-08-07 09:30:00,164.1052,0.0,0.0,0.0,164.1052,0.0,0.0,0.0,False,N/A,100,0.05,US.NVDA,172.0,164.5,1.0,1.0,,,,,,,,0.0,0.0,0.0,0.0,0.0,0.0,0.0,0.0,0.0,0,0.0,NORMAL,False,,,,,,,,,,,,,,,,,False,,N/A,,,,,,,,,,,,,,,,,,,N/A,,True,CALL,2026-08-28,55.0,100.0,0,0.0,-2.167,0.0,0.0,0.0,0.0,0.0,N/A,19,N/A,N/A,AMERICAN,100.0,N/A,False,,,,False,,,,False,,,,,,False,,,,,,N/A,N/A,N/A,N/A,N/A,N/A,N/A,N/A,N/A,N/A,N/A,N/A,N/A,N/A,N/A,N/A,N/A,N/A,N/A,N/A,N/A,N/A,N/A
US.NVDA260828P55000,NVDA 260828 55.00P,2026-08-05 09:30:00,0.0001,0.0,0.0,0.0,0.0001,0.0,0.0,0.0,False,N/A,100,0.01,US.NVDA,0.05,0.0,20.0,0.0,,,,,,,,0.0,0.0,-100.0,0.0,0.0,0.0,0.0,0.0,0.0,0,0.0,NORMAL,False,,,,,,,,,,,,,,,,,False,,N/A,,,,,,,,,,,,,,,,,,,N/A,,True,PUT,2026-08-28,55.0,100.0,0,144.541,75.442,-5.317e-06,3.19e-07,1.2664e-05,-3.965e-05,5.416e-06,N/A,19,N/A,N/A,AMERICAN,100.0,N/A,False,,,,False,,,,False,,,,,,False,,,,,,N/A,N/A,N/A,N/A,N/A,N/A,N/A,N/A,N/A,N/A,N/A,N/A,N/A,N/A,N/A,N/A,N/A,N/A,N/A,N/A,N/A,N/A,N/A
US.NVDA260828C60000,NVDA 260828 60.00C,2026-08-07 09:30:00,159.1164,0.0,0.0,0.0,159.1164,0.0,0.0,0.0,False,N/A,100,0.05,US.NVDA,166.8,159.5,1.0,1.0,,,,,,,,0.0,0.0,0.0,0.0,0.0,0.0,0.0,0.0,0.0,0,0.0,NORMAL,False,,,,,,,,,,,,,,,,,False,,N/A,,,,,,,,,,,,,,,,,,,N/A,,True,CALL,2026-08-28,60.0,100.0,2,0.0,-2.162,0.0,0.0,0.0,0.0,0.0,N/A,19,N/A,N/A,AMERICAN,100.0,N/A,False,,,,False,,,,False,,,,,,False,,,,,,N/A,N/A,N/A,N/A,N/A,N/A,N/A,N/A,N/A,N/A,N/A,N/A,N/A,N/A,N/A,N/A,N/A,N/A,N/A,N/A,N/A,N/A,N/A
US.NVDA260828P60000,NVDA 260828 60.00P,2026-08-07 09:30:00,0.0002,0.0,0.0,0.0,0.0002,0.0,0.0,0.0,False,N/A,100,0.01,US.NVDA,0.05,0.0,14.0,0.0,,,,,,,,0.0,0.0,-100.0,0.0,0.0,0.0,0.0,0.0,0.0,0,0.0,NORMAL,False,,,,,,,,,,,,,,,,,False,,N/A,,,,,,,,,,,,,,,,,,,N/A,,True,PUT,2026-08-28,60.0,100.0,0,140.969,73.209,-1.1079e-05,6.68e-07,2.5442e-05,-7.7969e-05,6.615e-06,N/A,19,N/A,N/A,AMERICAN,100.0,N/A,False,,,,False,,,,False,,,,,,False,,,,,,N/A,N/A,N/A,N/A,N/A,N/A,N/A,N/A,N/A,N/A,N/A,N/A,N/A,N/A,N/A,N/A,N/A,N/A,N/A,N/A,N/A,N/A,N/A
US.NVDA260828C65000,NVDA 260828 65.00C,2026-08-07 09:30:00,154.1278,0.0,0.0,0.0,154.1278,0.0,0.0,0.0,False,N/A,100,0.05,US.NVDA,161.95,154.5,1.0,1.0,,,,,,,,0.0,0.0,0.0,0.0,0.0,0.0,0.0,0.0,0.0,0,0.0,NORMAL,False,,,,,,,,,,,,,,,,,False,,N/A,,,,,,,,,,,,,,,,,,,N/A,,True,CALL,2026-08-28,65.0,100.0,0,0.0,-2.157,0.0,0.0,0.0,0.0,0.0,N/A,19,N/A,N/A,AMERICAN,100.0,N/A,False,,,,False,,,,False,,,,,,False,,,,,,N/A,N/A,N/A,N/A,N/A,N/A,N/A,N/A,N/A,N/A,N/A,N/A,N/A,N/A,N/A,N/A,N/A,N/A,N/A,N/A,N/A,N/A,N/A
US.NVDA260828P65000,NVDA 260828 65.00P,2026-08-07 09:30:00,0.0004,0.0,0.0,0.0,0.0004,0.0,0.0,0.0,False,N/A,100,0.01,US.NVDA,0.05,0.0,14.0,0.0,,,,,,,,0.0,0.0,-100.0,0.0,0.0,0.0,0.0,0.0,0.0,0,0.0,NORMAL,False,,,,,,,,,,,,,,,,,False,,N/A,,,,,,,,,,,,,,,,,,,N/A,,True,PUT,2026-08-28,65.0,100.0,2,137.868,70.976,-2.2585e-05,1.355e-06,4.9978e-05,-0.000151001,7.66e-06,N/A,19,N/A,N/A,AMERICAN,100.0,N/A,False,,,,False,,,,False,,,,,,False,,,,,,N/A,N/A,N/A,N/A,N/A,N/A,N/A,N/A,N/A,N/A,N/A,N/A,N/A,N/A,N/A,N/A,N/A,N/A,N/A,N/A,N/A,N/A,N/A
US.NVDA260828C70000,NVDA 260828 70.00C,2026-08-07 09:30:00,149.1394,0.0,0.0,0.0,149.1394,0.0,0.0,0.0,False,N/A,100,0.05,US.NVDA,156.8,149.6,1.0,1.0,,,,,,,,0.0,0.0,0.0,0.0,0.0,0.0,0.0,0.0,0.0,0,0.0,NORMAL,False,,,,,,,,,,,,,,,,,False,,N/A,,,,,,,,,,,,,,,,,,,N/A,,True,CALL,2026-08-28,70.0,100.0,1,0.0,-2.152,0.0,0.0,0.0,0.0,0.0,N/A,19,N/A,N/A,AMERICAN,100.0,N/A,False,,,,False,,,,False,,,,,,False,,,,,,N/A,N/A,N/A,N/A,N/A,N/A,N/A,N/A,N/A,N/A,N/A,N/A,N/A,N/A,N/A,N/A,N/A,N/A,N/A,N/A,N/A,N/A,N/A
US.NVDA260828P70000,NVDA 260828 70.00P,2026-08-07 09:30:00,0.001,0.0,0.0,0.0,0.001,0.0,0.0,0.0,False,N/A,100,0.01,US.NVDA,0.05,0.0,18.0,0.0,,,,,,,,0.0,0.0,-100.0,0.0,0.0,0.0,0.0,0.0,0.0,0,0.0,NORMAL,False,,,,,,,,,,,,,,,,,False,,N/A,,,,,,,,,,,,,,,,,,,N/A,,True,PUT,2026-08-28,70.0,100.0,0,137.141,68.744,-5.5453e-05,3.207e-06,0.00011675,-0.000355921,7.834e-06,N/A,19,N/A,N/A,AMERICAN,100.0,N/A,False,,,,False,,,,False,,,,,,False,,,,,,N/A,N/A,N/A,N/A,N/A,N/A,N/A,N/A,N/A,N/A,N/A,N/A,N/A,N/A,N/A,N/A,N/A,N/A,N/A,N/A,N/A,N/A,N/A
US.NVDA260828C75000,NVDA 260828 75.00C,2026-08-07 14:35:47,147.38,147.38,147.38,147.38,144.1518,4.0,58952.0,0.0,False,N/A,100,0.05,US.NVDA,151.8,144.55,1.0,1.0,,,,,,,,0.0,147.38,0.0,0.0,0.0,0.0,0.0,0.0,0.0,0,0.0,NORMAL,False,,,,,,,,,,,,,,,,,False,,N/A,,,,,,,,,,,,,,,,,,,N/A,,True,CALL,2026-08-28,75.0,100.0,3,0.0,-0.705,0.0,0.0,0.0,0.0,0.0,N/A,19,N/A,N/A,AMERICAN,100.0,N/A,False,,,,False,,,,False,,,,,,False,,,,,,N/A,N/A,N/A,N/A,N/A,N/A,N/A,N/A,N/A,N/A,N/A,N/A,N/A,N/A,N/A,N/A,N/A,N/A,N/A,N/A,N/A,N/A,N/A
US.NVDA260828P75000,NVDA 260828 75.00P,2026-08-07 09:30:00,0.0023,0.0,0.0,0.0,0.0023,0.0,0.0,0.0,False,N/A,100,0.01,US.NVDA,0.05,0.0,16.0,0.0,,,,,,,,0.0,0.0,-100.0,0.0,0.0,0.0,0.0,0.0,0.0,0,0.0,NORMAL,False,,,,,,,,,,,,,,,,,False,,N/A,,,,,,,,,,,,,,,,,,,N/A,,True,PUT,2026-08-28,75.0,100.0,1,136.416,66.512,-0.000123925,6.893e-06,0.000248581,-0.00076534,4.788e-06,N/A,19,N/A,N/A,AMERICAN,100.0,N/A,False,,,,False,,,,False,,,,,,False,,,,,,N/A,N/A,N/A,N/A,N/A,N/A,N/A,N/A,N/A,N/A,N/A,N/A,N/A,N/A,N/A,N/A,N/A,N/A,N/A,N/A,N/A,N/A,N/A
US.NVDA260828C80000,NVDA 260828 80.00C,2026-08-07 15:47:01,142.96,142.96,142.96,142.96,139.1653,5.0,71480.0,0.0,False,N/A,100,0.05,US.NVDA,146.85,139.55,1.0,1.0,,,,,,,,0.0,142.96,0.0,0.0,0.0,0.0,0.0,0.0,0.0,0,0.0,NORMAL,False,,,,,,,,,,,,,,,,,False,,N/A,,,,,,,,,,,,,,,,,,,N/A,,True,CALL,2026-08-28,80.0,100.0,0,0.0,-0.446,0.0,0.0,0.0,0.0,0.0,N/A,19,N/A,N/A,AMERICAN,100.0,N/A,False,,,,False,,,,False,,,,,,False,,,,,,N/A,N/A,N/A,N/A,N/A,N/A,N/A,N/A,N/A,N/A,N/A,N/A,N/A,N/A,N/A,N/A,N/A,N/A,N/A,N/A,N/A,N/A,N/A
US.NVDA260828P80000,NVDA 260828 80.00P,2026-08-07 09:30:00,0.0047,0.0,0.0,0.0,0.0047,0.0,0.0,0.0,False,N/A,100,0.01,US.NVDA,0.06,0.0,14.0,0.0,,,,,,,,0.0,0.0,-100.0,0.0,0.0,0.0,0.0,0.0,0.0,0,0.0,NORMAL,False,,,,,,,,,,,,,,,,,False,,N/A,,,,,,,,,,,,,,,,,,,N/A,,True,PUT,2026-08-28,80.0,100.0,62,135.282,64.281,-0.000246255,1.3233e-05,0.000472284,-0.001462203,-3.945e-06,N/A,19,N/A,N/A,AMERICAN,100.0,N/A,False,,,,False,,,,False,,,,,,False,,,,,,N/A,N/A,N/A,N/A,N/A,N/A,N/A,N/A,N/A,N/A,N/A,N/A,N/A,N/A,N/A,N/A,N/A,N/A,N/A,N/A,N/A,N/A,N/A
US.NVDA260828C85000,NVDA 260828 85.00C,2026-08-07 09:30:00,134.1807,0.0,0.0,0.0,134.1807,0.0,0.0,0.0,False,N/A,100,0.05,US.NVDA,141.85,134.55,1.0,1.0,,,,,,,,0.0,0.0,0.0,0.0,0.0,0.0,0.0,0.0,0.0,0,0.0,NORMAL,False,,,,,,,,,,,,,,,,,False,,N/A,,,,,,,,,,,,,,,,,,,N/A,,True,CALL,2026-08-28,85.0,100.0,13,0.0,-2.134,0.0,0.0,0.0,0.0,0.0,N/A,19,N/A,N/A,AMERICAN,100.0,N/A,False,,,,False,,,,False,,,,,,False,,,,,,N/A,N/A,N/A,N/A,N/A,N/A,N/A,N/A,N/A,N/A,N/A,N/A,N/A,N/A,N/A,N/A,N/A,N/A,N/A,N/A,N/A,N/A,N/A
US.NVDA260828P85000,NVDA 260828 85.00P,2026-08-07 09:30:00,0.009,0.0,0.0,0.0,0.009,0.0,0.0,0.0,False,N/A,100,0.01,US.NVDA,0.06,0.0,14.0,0.0,,,,,,,,0.0,0.0,-100.0,0.0,0.0,0.0,0.0,0.0,0.0,0,0.0,NORMAL,False,,,,,,,,,,,,,,,,,False,,N/A,,,,,,,,,,,,,,,,,,,N/A,,True,PUT,2026-08-28,85.0,100.0,24,134.123,62.05,-0.000457972,2.3785e-05,0.000840557,-0.002613895,-2.2465e-05,N/A,19,N/A,N/A,AMERICAN,100.0,N/A,False,,,,False,,,,False,,,,,,False,,,,,,N/A,N/A,N/A,N/A,N/A,N/A,N/A,N/A,N/A,N/A,N/A,N/A,N/A,N/A,N/A,N/A,N/A,N/A,N/A,N/A,N/A,N/A,N/A
US.NVDA260828C90000,NVDA 260828 90.00C,2026-08-07 09:30:00,129.1994,0.0,0.0,0.0,129.1994,0.0,0.0,0.0,False,N/A,100,0.05,US.NVDA,137.1,129.6,1.0,1.0,,,,,,,,0.0,0.0,0.0,0.0,0.0,0.0,0.0,0.0,0.0,0,0.0,NORMAL,False,,,,,,,,,,,,,,,,,False,,N/A,,,,,,,,,,,,,,,,,,,N/A,,True,CALL,2026-08-28,90.0,100.0,16,0.0,-2.125,0.0,0.0,0.0,0.0,0.0,N/A,19,N/A,N/A,AMERICAN,100.0,N/A,False,,,,False,,,,False,,,,,,False,,,,,,N/A,N/A,N/A,N/A,N/A,N/A,N/A,N/A,N/A,N/A,N/A,N/A,N/A,N/A,N/A,N/A,N/A,N/A,N/A,N/A,N/A,N/A,N/A
US.NVDA260828P90000,NVDA 260828 90.00P,2026-08-07 09:30:00,0.0166,0.0,0.0,0.0,0.0166,0.0,0.0,0.0,False,N/A,100,0.01,US.NVDA,0.06,0.0,18.0,0.0,,,,,,,,0.0,0.0,-100.0,0.0,0.0,0.0,0.0,0.0,0.0,0,0.0,NORMAL,False,,,,,,,,,,,,,,,,,False,,N/A,,,,,,,,,,,,,,,,,,,N/A,,True,PUT,2026-08-28,90.0,100.0,39,133.165,59.821,-0.000817716,4.0945e-05,0.00143543,-0.004487173,-5.7741e-05,N/A,19,N/A,N/A,AMERICAN,100.0,N/A,False,,,,False,,,,False,,,,,,False,,,,,,N/A,N/A,N/A,N/A,N/A,N/A,N/A,N/A,N/A,N/A,N/A,N/A,N/A,N/A,N/A,N/A,N/A,N/A,N/A,N/A,N/A,N/A,N/A
US.NVDA260828C95000,NVDA 260828 95.00C,2026-08-07 09:30:00,124.218,0.0,0.0,0.0,124.218,0.0,0.0,0.0,False,N/A,100,0.05,US.NVDA,131.9,124.6,1.0,1.0,,,,,,,,0.0,0.0,0.0,0.0,0.0,0.0,0.0,0.0,0.0,0,0.0,NORMAL,False,,,,,,,,,,,,,,,,,False,,N/A,,,,,,,,,,,,,,,,,,,N/A,,True,CALL,2026-08-28,95.0,100.0,8,0.0,-2.117,0.0,0.0,0.0,0.0,0.0,N/A,19,N/A,N/A,AMERICAN,100.0,N/A,False,,,,False,,,,False,,,,,,False,,,,,,N/A,N/A,N/A,N/A,N/A,N/A,N/A,N/A,N/A,N/A,N/A,N/A,N/A,N/A,N/A,N/A,N/A,N/A,N/A,N/A,N/A,N/A,N/A
US.NVDA260828P95000,NVDA 260828 95.00P,2026-08-07 14:27:51,0.03,0.03,0.06,0.02,0.0241,212.0,629.0,0.0,False,N/A,100,0.01,US.NVDA,0.05,0.02,50.0,1.0,,,,,,,,165.975,0.02966981132,-96.078,0.0,0.0,0.0,0.0,0.0,0.0,0,0.0,NORMAL,False,,,,,,,,,,,,,,,,,False,,N/A,,,,,,,,,,,,,,,,,,,N/A,,True,PUT,2026-08-28,95.0,100.0,428,134.566,57.595,-0.001616948,7.5695e-05,0.002679579,-0.008592012,-0.000143206,N/A,19,N/A,N/A,AMERICAN,100.0,N/A,False,,,,False,,,,False,,,,,,False,,,,,,N/A,N/A,N/A,N/A,N/A,N/A,N/A,N/A,N/A,N/A,N/A,N/A,N/A,N/A,N/A,N/A,N/A,N/A,N/A,N/A,N/A,N/A,N/A
US.NVDA260828C100000,NVDA 260828 100.00C,2026-08-07 14:35:47,122.41,122.41,122.41,122.41,119.2366,4.0,48964.0,0.0,False,N/A,100,0.05,US.NVDA,126.9,119.6,1.0,1.0,,,,,,,,0.0,122.41,0.0,0.0,0.0,0.0,0.0,0.0,0.0,0,0.0,NORMAL,False,,,,,,,,,,,,,,,,,False,,N/A,,,,,,,,,,,,,,,,,,,N/A,,True,CALL,2026-08-28,100.0,100.0,8,0.0,-0.692,0.0,0.0,0.0,0.0,0.0,N/A,19,N/A,N/A,AMERICAN,100.0,N/A,False,,,,False,,,,False,,,,,,False,,,,,,N/A,N/A,N/A,N/A,N/A,N/A,N/A,N/A,N/A,N/A,N/A,N/A,N/A,N/A,N/A,N/A,N/A,N/A,N/A,N/A,N/A,N/A,N/A
US.NVDA260828P100000,NVDA 260828 100.00P,2026-08-07 15:46:55,0.04,0.01,0.04,0.01,0.0317,142.0,255.0,0.0,False,N/A,100,0.01,US.NVDA,0.07,0.01,27.0,72.0,,,,,,,,94.637,0.01795774647,45.455,0.0,0.0,0.0,0.0,0.0,0.0,0,0.0,NORMAL,False,,,,,,,,,,,,,,,,,False,,N/A,,,,,,,,,,,,,,,,,,,N/A,,True,PUT,2026-08-28,100.0,100.0,548,128.643,55.367,-0.001913389,9.229e-05,0.003123043,-0.009602175,-0.000174472,N/A,19,N/A,N/A,AMERICAN,100.0,N/A,False,,,,False,,,,False,,,,,,False,,,,,,N/A,N/A,N/A,N/A,N/A,N/A,N/A,N/A,N/A,N/A,N/A,N/A,N/A,N/A,N/A,N/A,N/A,N/A,N/A,N/A,N/A,N/A,N/A
US.NVDA260828C105000,NVDA 260828 105.00C,2026-08-07 09:30:00,114.2552,0.0,0.0,0.0,114.2552,0.0,0.0,0.0,False,N/A,100,0.05,US.NVDA,121.9,114.65,1.0,1.0,,,,,,,,0.0,0.0,0.0,0.0,0.0,0.0,0.0,0.0,0.0,0,0.0,NORMAL,False,,,,,,,,,,,,,,,,,False,,N/A,,,,,,,,,,,,,,,,,,,N/A,,True,CALL,2026-08-28,105.0,100.0,1,0.0,-2.1,0.0,0.0,0.0,0.0,0.0,N/A,19,N/A,N/A,AMERICAN,100.0,N/A,False,,,,False,,,,False,,,,,,False,,,,,,N/A,N/A,N/A,N/A,N/A,N/A,N/A,N/A,N/A,N/A,N/A,N/A,N/A,N/A,N/A,N/A,N/A,N/A,N/A,N/A,N/A,N/A,N/A
US.NVDA260828P105000,NVDA 260828 105.00P,2026-08-07 09:30:00,0.0392,0.0,0.0,0.0,0.0392,0.0,0.0,0.0,False,N/A,100,0.01,US.NVDA,0.07,0.0,18.0,0.0,,,,,,,,0.0,0.0,-100.0,0.0,0.0,0.0,0.0,0.0,0.0,0,0.0,NORMAL,False,,,,,,,,,,,,,,,,,False,,N/A,,,,,,,,,,,,,,,,,,,N/A,,True,PUT,2026-08-28,105.0,100.0,1096,121.075,53.134,-0.001995034,0.000101847,0.003243938,-0.009387813,-0.000181409,N/A,19,N/A,N/A,AMERICAN,100.0,N/A,False,,,,False,,,,False,,,,,,False,,,,,,N/A,N/A,N/A,N/A,N/A,N/A,N/A,N/A,N/A,N/A,N/A,N/A,N/A,N/A,N/A,N/A,N/A,N/A,N/A,N/A,N/A,N/A,N/A
US.NVDA260828C110000,NVDA 260828 110.00C,2026-08-07 09:30:00,109.2738,0.0,0.0,0.0,109.2738,0.0,0.0,0.0,False,N/A,100,0.05,US.NVDA,116.95,109.65,1.0,1.0,,,,,,,,0.0,0.0,0.0,0.0,0.0,0.0,0.0,0.0,0.0,0,0.0,NORMAL,False,,,,,,,,,,,,,,,,,False,,N/A,,,,,,,,,,,,,,,,,,,N/A,,True,CALL,2026-08-28,110.0,100.0,12,0.0,-2.092,0.0,0.0,0.0,0.0,0.0,N/A,19,N/A,N/A,AMERICAN,100.0,N/A,False,,,,False,,,,False,,,,,,False,,,,,,N/A,N/A,N/A,N/A,N/A,N/A,N/A,N/A,N/A,N/A,N/A,N/A,N/A,N/A,N/A,N/A,N/A,N/A,N/A,N/A,N/A,N/A,N/A
US.NVDA260828P110000,NVDA 260828 110.00P,2026-08-07 10:30:03,0.05,0.05,0.05,0.04,0.0467,174.0,850.0,0.0,False,N/A,100,0.01,US.NVDA,0.06,0.01,11.0,53.0,,,,,,,,21.413,0.04885057471,65.625,0.0,0.0,0.0,0.0,0.0,0.0,0,0.0,NORMAL,False,,,,,,,,,,,,,,,,,False,,N/A,,,,,,,,,,,,,,,,,,,N/A,,True,PUT,2026-08-28,110.0,100.0,221,112.819,50.906,-0.001927275,0.000105911,0.003143918,-0.008463731,-0.000171567,N/A,19,N/A,N/A,AMERICAN,100.0,N/A,False,,,,False,,,,False,,,,,,False,,,,,,N/A,N/A,N/A,N/A,N/A,N/A,N/A,N/A,N/A,N/A,N/A,N/A,N/A,N/A,N/A,N/A,N/A,N/A,N/A,N/A,N/A,N/A,N/A
US.NVDA260828C115000,NVDA 260828 115.00C,2026-08-07 09:30:00,104.2925,0.0,0.0,0.0,104.2925,0.0,0.0,0.0,False,N/A,100,0.05,US.NVDA,111.95,104.65,1.0,1.0,,,,,,,,0.0,0.0,0.0,0.0,0.0,0.0,0.0,0.0,0.0,0,0.0,NORMAL,False,,,,,,,,,,,,,,,,,False,,N/A,,,,,,,,,,,,,,,,,,,N/A,,True,CALL,2026-08-28,115.0,100.0,13,0.0,-2.084,0.0,0.0,0.0,0.0,0.0,N/A,19,N/A,N/A,AMERICAN,100.0,N/A,False,,,,False,,,,False,,,,,,False,,,,,,N/A,N/A,N/A,N/A,N/A,N/A,N/A,N/A,N/A,N/A,N/A,N/A,N/A,N/A,N/A,N/A,N/A,N/A,N/A,N/A,N/A,N/A,N/A
US.NVDA260828P115000,NVDA 260828 115.00P,2026-08-07 09:44:47,0.06,0.06,0.07,0.06,0.0543,2250.0,13735.0,0.0,False,N/A,100,0.01,US.NVDA,0.06,0.02,6.0,107.0,,,,,,,,18.416,0.061044444440000005,89.381,0.0,0.0,0.0,0.0,0.0,0.0,0,0.0,NORMAL,False,,,,,,,,,,,,,,,,,False,,N/A,,,,,,,,,,,,,,,,,,,N/A,,True,PUT,2026-08-28,115.0,100.0,3308,107.648,48.678,-0.002283116,0.000129447,0.00366618,-0.009446361,-0.000208836,N/A,19,N/A,N/A,AMERICAN,100.0,N/A,False,,,,False,,,,False,,,,,,False,,,,,,N/A,N/A,N/A,N/A,N/A,N/A,N/A,N/A,N/A,N/A,N/A,N/A,N/A,N/A,N/A,N/A,N/A,N/A,N/A,N/A,N/A,N/A,N/A
US.NVDA260828C120000,NVDA 260828 120.00C,2026-08-07 09:30:00,99.313,0.0,0.0,0.0,99.313,0.0,0.0,0.0,False,N/A,100,0.05,US.NVDA,107.0,99.7,1.0,1.0,,,,,,,,0.0,0.0,0.0,0.0,0.0,0.0,0.0,0.0,0.0,0,0.0,NORMAL,False,,,,,,,,,,,,,,,,,False,,N/A,,,,,,,,,,,,,,,,,,,N/A,,True,CALL,2026-08-28,120.0,100.0,20,0.0,-2.074,0.0,0.0,0.0,0.0,0.0,N/A,19,N/A,N/A,AMERICAN,100.0,N/A,False,,,,False,,,,False,,,,,,False,,,,,,N/A,N/A,N/A,N/A,N/A,N/A,N/A,N/A,N/A,N/A,N/A,N/A,N/A,N/A,N/A,N/A,N/A,N/A,N/A,N/A,N/A,N/A,N/A
US.NVDA260828P120000,NVDA 260828 120.00P,2026-08-07 15:35:21,0.06,0.05,0.06,0.04,0.0637,126.0,632.0,0.0,False,N/A,100,0.01,US.NVDA,0.06,0.03,1.0,127.0,,,,,,,,31.397,0.050158730150000004,98.438,0.0,0.0,0.0,0.0,0.0,0.0,0,0.0,NORMAL,False,,,,,,,,,,,,,,,,,False,,N/A,,,,,,,,,,,,,,,,,,,N/A,,True,PUT,2026-08-28,120.0,100.0,208,102.476,46.445,-0.00267063,0.000156699,0.004224605,-0.010391179,-0.000249539,N/A,19,N/A,N/A,AMERICAN,100.0,N/A,False,,,,False,,,,False,,,,,,False,,,,,,N/A,N/A,N/A,N/A,N/A,N/A,N/A,N/A,N/A,N/A,N/A,N/A,N/A,N/A,N/A,N/A,N/A,N/A,N/A,N/A,N/A,N/A,N/A
US.NVDA260828C125000,NVDA 260828 125.00C,2026-08-07 13:48:16,97.52,97.6,97.6,97.52,94.3336,2.0,19512.0,0.0,False,N/A,100,0.05,US.NVDA,102.0,94.75,1.0,1.0,,,,,,,,0.085,97.56,0.0,0.0,0.0,0.0,0.0,0.0,0.0,0,0.0,NORMAL,False,,,,,,,,,,,,,,,,,False,,N/A,,,,,,,,,,,,,,,,,,,N/A,,True,CALL,2026-08-28,125.0,100.0,6,0.0,-0.642,0.0,0.0,0.0,0.0,0.0,N/A,19,N/A,N/A,AMERICAN,100.0,N/A,False,,,,False,,,,False,,,,,,False,,,,,,N/A,N/A,N/A,N/A,N/A,N/A,N/A,N/A,N/A,N/A,N/A,N/A,N/A,N/A,N/A,N/A,N/A,N/A,N/A,N/A,N/A,N/A,N/A
US.NVDA260828P125000,NVDA 260828 125.00P,2026-08-07 15:55:41,0.06,0.06,0.09,0.03,0.0732,16.0,99.0,0.0,False,N/A,100,0.01,US.NVDA,0.09,0.04,38.0,197.0,,,,,,,,81.967,0.061875,67.66,0.0,0.0,0.0,0.0,0.0,0.0,0,0.0,NORMAL,False,,,,,,,,,,,,,,,,,False,,N/A,,,,,,,,,,,,,,,,,,,N/A,,True,PUT,2026-08-28,125.0,100.0,282,100.151,44.213,-0.003826623,0.000221645,0.005838316,-0.014140133,-0.000377488,N/A,19,N/A,N/A,AMERICAN,100.0,N/A,False,,,,False,,,,False,,,,,,False,,,,,,N/A,N/A,N/A,N/A,N/A,N/A,N/A,N/A,N/A,N/A,N/A,N/A,N/A,N/A,N/A,N/A,N/A,N/A,N/A,N/A,N/A,N/A,N/A
US.NVDA260828C130000,NVDA 260828 130.00C,2026-08-07 15:48:38,93.55,92.62,93.55,92.56,89.3541,3.0,27873.0,0.0,False,N/A,100,0.05,US.NVDA,97.1,89.75,1.0,1.0,,,,,,,,1.108,92.91,0.0,0.0,0.0,0.0,0.0,0.0,0.0,0,0.0,NORMAL,False,,,,,,,,,,,,,,,,,False,,N/A,,,,,,,,,,,,,,,,,,,N/A,,True,CALL,2026-08-28,130.0,100.0,16,0.0,-0.183,0.0,0.0,0.0,0.0,0.0,N/A,19,N/A,N/A,AMERICAN,100.0,N/A,False,,,,False,,,,False,,,,,,False,,,,,,N/A,N/A,N/A,N/A,N/A,N/A,N/A,N/A,N/A,N/A,N/A,N/A,N/A,N/A,N/A,N/A,N/A,N/A,N/A,N/A,N/A,N/A,N/A
US.NVDA260828P130000,NVDA 260828 130.00P,2026-08-07 15:46:36,0.07,0.07,0.11,0.04,0.0827,39.0,291.0,0.0,False,N/A,100,0.01,US.NVDA,0.08,0.04,1.0,437.0,,,,,,,,84.643,0.07461538461,99.543,0.0,0.0,0.0,0.0,0.0,0.0,0,0.0,NORMAL,False,,,,,,,,,,,,,,,,,False,,N/A,,,,,,,,,,,,,,,,,,,N/A,,True,PUT,2026-08-28,130.0,100.0,484,93.114,41.985,-0.003817847,0.000237887,0.005826623,-0.013107967,-0.000372408,N/A,19,N/A,N/A,AMERICAN,100.0,N/A,False,,,,False,,,,False,,,,,,False,,,,,,N/A,N/A,N/A,N/A,N/A,N/A,N/A,N/A,N/A,N/A,N/A,N/A,N/A,N/A,N/A,N/A,N/A,N/A,N/A,N/A,N/A,N/A,N/A
US.NVDA260828C135000,NVDA 260828 135.00C,2026-08-07 10:42:39,87.61,87.19,87.93,87.19,84.3747,3.0,26273.0,0.0,False,N/A,100,0.05,US.NVDA,92.15,84.75,1.0,1.0,,,,,,,,0.877,87.57666666666,0.0,0.0,0.0,0.0,0.0,0.0,0.0,0,0.0,NORMAL,False,,,,,,,,,,,,,,,,,False,,N/A,,,,,,,,,,,,,,,,,,,N/A,,True,CALL,2026-08-28,135.0,100.0,5,0.0,-0.602,0.0,0.0,0.0,0.0,0.0,N/A,19,N/A,N/A,AMERICAN,100.0,N/A,False,,,,False,,,,False,,,,,,False,,,,,,N/A,N/A,N/A,N/A,N/A,N/A,N/A,N/A,N/A,N/A,N/A,N/A,N/A,N/A,N/A,N/A,N/A,N/A,N/A,N/A,N/A,N/A,N/A
US.NVDA260828P135000,NVDA 260828 135.00P,2026-08-07 15:37:13,0.07,0.07,0.12,0.07,0.0922,100.0,863.0,0.0,False,N/A,100,0.01,US.NVDA,0.11,0.07,39.0,128.0,,,,,,,,54.23,0.0863,53.293,0.0,0.0,0.0,0.0,0.0,0.0,0,0.0,NORMAL,False,,,,,,,,,,,,,,,,,False,,N/A,,,,,,,,,,,,,,,,,,,N/A,,True,PUT,2026-08-28,135.0,100.0,240,91.358,39.752,-0.00562912,0.000342907,0.00823805,-0.018331531,-0.000575718,N/A,19,N/A,N/A,AMERICAN,100.0,N/A,False,,,,False,,,,False,,,,,,False,,,,,,N/A,N/A,N/A,N/A,N/A,N/A,N/A,N/A,N/A,N/A,N/A,N/A,N/A,N/A,N/A,N/A,N/A,N/A,N/A,N/A,N/A,N/A,N/A
US.NVDA260828C140000,NVDA 260828 140.00C,2026-08-07 15:03:08,82.99,85.08,85.08,82.99,79.4128,27.0,225191.0,0.0,False,N/A,100,0.05,US.NVDA,87.15,79.8,1.0,1.0,,,,,,,,2.632,83.40407407407,0.0,0.0,0.0,0.0,0.0,0.0,0.0,0,0.0,NORMAL,False,,,,,,,,,,,,,,,,,False,,N/A,,,,,,,,,,,,,,,,,,,N/A,,True,CALL,2026-08-28,140.0,100.0,18,0.0,-0.433,0.0,0.0,0.0,0.0,0.0,N/A,19,N/A,N/A,AMERICAN,100.0,N/A,False,,,,False,,,,False,,,,,,False,,,,,,N/A,N/A,N/A,N/A,N/A,N/A,N/A,N/A,N/A,N/A,N/A,N/A,N/A,N/A,N/A,N/A,N/A,N/A,N/A,N/A,N/A,N/A,N/A
US.NVDA260828P140000,NVDA 260828 140.00P,2026-08-07 15:51:12,0.1,0.1,0.13,0.08,0.1192,178.0,1913.0,0.0,False,N/A,100,0.01,US.NVDA,0.11,0.08,5.0,131.0,,,,,,,,41.946,0.10747191011,92.647,0.0,0.0,0.0,0.0,0.0,0.0,0,0.0,NORMAL,False,,,,,,,,,,,,,,,,,False,,N/A,,,,,,,,,,,,,,,,,,,N/A,,True,PUT,2026-08-28,140.0,100.0,639,85.946,37.533,-0.006270978,0.000401122,0.009065811,-0.019008337,-0.000643916,N/A,19,N/A,N/A,AMERICAN,100.0,N/A,False,,,,False,,,,False,,,,,,False,,,,,,N/A,N/A,N/A,N/A,N/A,N/A,N/A,N/A,N/A,N/A,N/A,N/A,N/A,N/A,N/A,N/A,N/A,N/A,N/A,N/A,N/A,N/A,N/A
US.NVDA260828C145000,NVDA 260828 145.00C,2026-08-07 09:30:00,74.4508,0.0,0.0,0.0,74.4508,0.0,0.0,0.0,False,N/A,100,0.05,US.NVDA,82.2,74.8,1.0,1.0,,,,,,,,0.0,0.0,0.0,0.0,0.0,0.0,0.0,0.0,0.0,0,0.0,NORMAL,False,,,,,,,,,,,,,,,,,False,,N/A,,,,,,,,,,,,,,,,,,,N/A,,True,CALL,2026-08-28,145.0,100.0,124,0.0,-2.013,0.0,0.0,0.0,0.0,0.0,N/A,19,N/A,N/A,AMERICAN,100.0,N/A,False,,,,False,,,,False,,,,,,False,,,,,,N/A,N/A,N/A,N/A,N/A,N/A,N/A,N/A,N/A,N/A,N/A,N/A,N/A,N/A,N/A,N/A,N/A,N/A,N/A,N/A,N/A,N/A,N/A
US.NVDA260828P145000,NVDA 260828 145.00P,2026-08-07 14:02:16,0.11,0.14,0.15,0.1,0.1463,15.0,192.0,0.0,False,N/A,100,0.01,US.NVDA,0.15,0.11,77.0,28.0,,,,,,,,34.176,0.128,-46.667,0.0,0.0,0.0,0.0,0.0,0.0,0,0.0,NORMAL,False,,,,,,,,,,,,,,,,,False,,N/A,,,,,,,,,,,,,,,,,,,N/A,,True,PUT,2026-08-28,145.0,100.0,249,83.382,35.305,-0.008574703,0.000544816,0.011943801,-0.024448438,-0.000904636,N/A,19,N/A,N/A,AMERICAN,100.0,N/A,False,,,,False,,,,False,,,,,,False,,,,,,N/A,N/A,N/A,N/A,N/A,N/A,N/A,N/A,N/A,N/A,N/A,N/A,N/A,N/A,N/A,N/A,N/A,N/A,N/A,N/A,N/A,N/A,N/A
US.NVDA260828C150000,NVDA 260828 150.00C,2026-08-07 15:56:32,73.27,73.0,75.0,73.0,69.4889,13.0,96154.0,0.0,False,N/A,100,0.05,US.NVDA,75.25,71.9,1.0,50.0,,,,,,,,2.878,73.96461538461,96.078,0.0,0.0,0.0,0.0,0.0,0.0,0,0.0,NORMAL,False,,,,,,,,,,,,,,,,,False,,N/A,,,,,,,,,,,,,,,,,,,N/A,,True,CALL,2026-08-28,150.0,100.0,180,0.0,-0.308,0.0,0.0,0.0,0.0,0.0,N/A,19,N/A,N/A,AMERICAN,100.0,N/A,False,,,,False,,,,False,,,,,,False,,,,,,N/A,N/A,N/A,N/A,N/A,N/A,N/A,N/A,N/A,N/A,N/A,N/A,N/A,N/A,N/A,N/A,N/A,N/A,N/A,N/A,N/A,N/A,N/A
US.NVDA260828P150000,NVDA 260828 150.00P,2026-08-07 15:26:27,0.14,0.15,0.18,0.12,0.1733,24.0,353.0,0.0,False,N/A,100,0.01,US.NVDA,0.17,0.12,98.0,61.0,,,,,,,,34.622,0.14708333333,-23.27,0.0,0.0,0.0,0.0,0.0,0.0,0,0.0,NORMAL,False,,,,,,,,,,,,,,,,,False,,N/A,,,,,,,,,,,,,,,,,,,N/A,,True,PUT,2026-08-28,150.0,100.0,1712,78.687,33.086,-0.009998736,0.000660416,0.01366229,-0.026458296,-0.001061789,N/A,19,N/A,N/A,AMERICAN,100.0,N/A,False,,,,False,,,,False,,,,,,False,,,,,,N/A,N/A,N/A,N/A,N/A,N/A,N/A,N/A,N/A,N/A,N/A,N/A,N/A,N/A,N/A,N/A,N/A,N/A,N/A,N/A,N/A,N/A,N/A
US.NVDA260828C155000,NVDA 260828 155.00C,2026-08-07 09:30:00,64.5316,0.0,0.0,0.0,64.5316,0.0,0.0,0.0,False,N/A,100,0.05,US.NVDA,72.25,64.9,11.0,1.0,,,,,,,,0.0,0.0,-83.333,0.0,0.0,0.0,0.0,0.0,0.0,0,0.0,NORMAL,False,,,,,,,,,,,,,,,,,False,,N/A,,,,,,,,,,,,,,,,,,,N/A,,True,CALL,2026-08-28,155.0,100.0,58,0.0,-1.977,0.0,0.0,0.0,0.0,0.0,N/A,19,N/A,N/A,AMERICAN,100.0,N/A,False,,,,False,,,,False,,,,,,False,,,,,,N/A,N/A,N/A,N/A,N/A,N/A,N/A,N/A,N/A,N/A,N/A,N/A,N/A,N/A,N/A,N/A,N/A,N/A,N/A,N/A,N/A,N/A,N/A
US.NVDA260828P155000,NVDA 260828 155.00P,2026-08-07 15:54:40,0.17,0.15,0.21,0.15,0.205,198.0,3351.0,0.0,False,N/A,100,0.01,US.NVDA,0.19,0.14,161.0,72.0,,,,,,,,29.268,0.16924242424,-38.197,0.0,0.0,0.0,0.0,0.0,0.0,0,0.0,NORMAL,False,,,,,,,,,,,,,,,,,False,,N/A,,,,,,,,,,,,,,,,,,,N/A,,True,PUT,2026-08-28,155.0,100.0,1587,74.266,30.867,-0.011861803,0.000811936,0.015852057,-0.029056821,-0.00126871,N/A,19,N/A,N/A,AMERICAN,100.0,N/A,False,,,,False,,,,False,,,,,,False,,,,,,N/A,N/A,N/A,N/A,N/A,N/A,N/A,N/A,N/A,N/A,N/A,N/A,N/A,N/A,N/A,N/A,N/A,N/A,N/A,N/A,N/A,N/A,N/A
US.NVDA260828C160000,NVDA 260828 160.00C,2026-08-07 13:47:06,62.9,62.0,64.13,61.92,59.5826,92.0,576127.0,0.0,False,N/A,100,0.05,US.NVDA,67.55,61.3,1.0,2.0,,,,,,,,3.709,62.6225,33.333,0.0,0.0,0.0,0.0,0.0,0.0,0,0.0,NORMAL,False,,,,,,,,,,,,,,,,,False,,N/A,,,,,,,,,,,,,,,,,,,N/A,,True,CALL,2026-08-28,160.0,100.0,263,67.308,-0.473,0.988494007,0.000872923,0.015440185,-0.04236195,0.08220705,N/A,19,N/A,N/A,AMERICAN,100.0,N/A,False,,,,False,,,,False,,,,,,False,,,,,,N/A,N/A,N/A,N/A,N/A,N/A,N/A,N/A,N/A,N/A,N/A,N/A,N/A,N/A,N/A,N/A,N/A,N/A,N/A,N/A,N/A,N/A,N/A
US.NVDA260828P160000,NVDA 260828 160.00P,2026-08-07 15:58:36,0.2,0.21,0.23,0.17,0.245,85.0,1699.0,0.0,False,N/A,100,0.01,US.NVDA,0.22,0.19,500.0,1.0,,,,,,,,24.49,0.19988235293999998,-99.601,0.0,0.0,0.0,0.0,0.0,0.0,0,0.0,NORMAL,False,,,,,,,,,,,,,,,,,False,,N/A,,,,,,,,,,,,,,,,,,,N/A,,True,PUT,2026-08-28,160.0,100.0,3411,70.797,28.647,-0.015066329,0.00104715,0.019486942,-0.03419854,-0.001631052,N/A,19,N/A,N/A,AMERICAN,100.0,N/A,False,,,,False,,,,False,,,,,,False,,,,,,N/A,N/A,N/A,N/A,N/A,N/A,N/A,N/A,N/A,N/A,N/A,N/A,N/A,N/A,N/A,N/A,N/A,N/A,N/A,N/A,N/A,N/A,N/A
US.NVDA260828C165000,NVDA 260828 165.00C,2026-08-07 12:53:45,58.96,57.68,58.96,57.68,54.6486,5.0,29208.0,0.0,False,N/A,100,0.05,US.NVDA,61.75,57.7,2.0,10.0,,,,,,,,2.342,58.416000000000004,66.667,0.0,0.0,0.0,0.0,0.0,0.0,0,0.0,NORMAL,False,,,,,,,,,,,,,,,,,False,,N/A,,,,,,,,,,,,,,,,,,,N/A,,True,CALL,2026-08-28,165.0,100.0,86,73.662,0.0,0.971839312,0.001709887,0.033089655,-0.078460625,0.082715088,N/A,19,N/A,N/A,AMERICAN,100.0,N/A,False,,,,False,,,,False,,,,,,False,,,,,,N/A,N/A,N/A,N/A,N/A,N/A,N/A,N/A,N/A,N/A,N/A,N/A,N/A,N/A,N/A,N/A,N/A,N/A,N/A,N/A,N/A,N/A,N/A
US.NVDA260828P165000,NVDA 260828 165.00P,2026-08-07 15:50:11,0.24,0.28,0.28,0.22,0.3,71.0,1732.0,0.0,False,N/A,100,0.01,US.NVDA,0.26,0.23,264.0,1.0,,,,,,,,20.0,0.24394366197,-99.245,0.0,0.0,0.0,0.0,0.0,0.0,0,0.0,NORMAL,False,,,,,,,,,,,,,,,,,False,,N/A,,,,,,,,,,,,,,,,,,,N/A,,True,PUT,2026-08-28,165.0,100.0,2815,66.937,26.433,-0.018605098,0.001326648,0.0233398,-0.038864529,-0.002029961,N/A,19,N/A,N/A,AMERICAN,100.0,N/A,False,,,,False,,,,False,,,,,,False,,,,,,N/A,N/A,N/A,N/A,N/A,N/A,N/A,N/A,N/A,N/A,N/A,N/A,N/A,N/A,N/A,N/A,N/A,N/A,N/A,N/A,N/A,N/A,N/A
US.NVDA260828C170000,NVDA 260828 170.00C,2026-08-07 14:19:16,52.7,52.96,55.16,52.7,49.7295,10.0,53895.0,0.0,False,N/A,100,0.05,US.NVDA,55.55,54.3,1.0,10.0,,,,,,,,4.947,53.895,81.818,0.0,0.0,0.0,0.0,0.0,0.0,0,0.0,NORMAL,False,,,,,,,,,,,,,,,,,False,,N/A,,,,,,,,,,,,,,,,,,,N/A,,True,CALL,2026-08-28,170.0,100.0,285,72.372,-0.562,0.960739692,0.002288109,0.043501884,-0.097295438,0.083927112,N/A,19,N/A,N/A,AMERICAN,100.0,N/A,False,,,,False,,,,False,,,,,,False,,,,,,N/A,N/A,N/A,N/A,N/A,N/A,N/A,N/A,N/A,N/A,N/A,N/A,N/A,N/A,N/A,N/A,N/A,N/A,N/A,N/A,N/A,N/A,N/A
US.NVDA260828P170000,NVDA 260828 170.00P,2026-08-07 15:15:49,0.28,0.3,0.34,0.26,0.37,124.0,3664.0,0.0,False,N/A,100,0.01,US.NVDA,0.3,0.26,194.0,123.0,,,,,,,,21.622,0.29548387096,-22.397,0.0,0.0,0.0,0.0,0.0,0.0,0,0.0,NORMAL,False,,,,,,,,,,,,,,,,,False,,N/A,,,,,,,,,,,,,,,,,,,N/A,,True,PUT,2026-08-28,170.0,100.0,5958,62.612,24.218,-0.022279022,0.001652382,0.027189971,-0.042464795,-0.002440557,N/A,19,N/A,N/A,AMERICAN,100.0,N/A,False,,,,False,,,,False,,,,,,False,,,,,,N/A,N/A,N/A,N/A,N/A,N/A,N/A,N/A,N/A,N/A,N/A,N/A,N/A,N/A,N/A,N/A,N/A,N/A,N/A,N/A,N/A,N/A,N/A
US.NVDA260828C175000,NVDA 260828 175.00C,2026-08-07 15:52:40,48.74,49.9,49.9,47.72,44.8503,158.0,755117.0,0.0,False,N/A,100,0.05,US.NVDA,51.4,48.7,248.0,70.0,,,,,,,,4.861,47.79221518987001,-55.975,0.0,0.0,0.0,0.0,0.0,0.0,0,0.0,NORMAL,False,,,,,,,,,,,,,,,,,False,,N/A,,,,,,,,,,,,,,,,,,,N/A,,True,CALL,2026-08-28,175.0,100.0,555,68.422,-0.098,0.952190714,0.002837448,0.05100056,-0.106673681,0.085477603,N/A,19,N/A,N/A,AMERICAN,100.0,N/A,False,,,,False,,,,False,,,,,,False,,,,,,N/A,N/A,N/A,N/A,N/A,N/A,N/A,N/A,N/A,N/A,N/A,N/A,N/A,N/A,N/A,N/A,N/A,N/A,N/A,N/A,N/A,N/A,N/A
US.NVDA260828P175000,NVDA 260828 175.00P,2026-08-07 15:57:28,0.33,0.39,0.41,0.33,0.48,475.0,17278.0,0.0,False,N/A,100,0.01,US.NVDA,0.36,0.33,100.0,18.0,,,,,,,,16.667,0.36374736842,-69.492,0.0,0.0,0.0,0.0,0.0,0.0,0,0.0,NORMAL,False,,,,,,,,,,,,,,,,,False,,N/A,,,,,,,,,,,,,,,,,,,N/A,,True,PUT,2026-08-28,175.0,100.0,3305,59.05,22.008,-0.028254222,0.002138247,0.033178978,-0.049056199,-0.003116969,N/A,19,N/A,N/A,AMERICAN,100.0,N/A,False,,,,False,,,,False,,,,,,False,,,,,,N/A,N/A,N/A,N/A,N/A,N/A,N/A,N/A,N/A,N/A,N/A,N/A,N/A,N/A,N/A,N/A,N/A,N/A,N/A,N/A,N/A,N/A,N/A
US.NVDA260828C180000,NVDA 260828 180.00C,2026-08-07 15:50:05,47.3,43.55,47.3,42.82,40.011,175.0,754020.0,0.0,False,N/A,100,0.05,US.NVDA,47.2,44.1,239.0,117.0,,,,,,,,11.197,43.08685714285,-34.27,0.0,0.0,0.0,0.0,0.0,0.0,0,0.0,NORMAL,False,,,,,,,,,,,,,,,,,False,,N/A,,,,,,,,,,,,,,,,,,,N/A,,True,CALL,2026-08-28,180.0,100.0,517,71.26,1.491,0.924176318,0.003908043,0.073155003,-0.151915661,0.084496032,N/A,19,N/A,N/A,AMERICAN,100.0,N/A,False,,,,False,,,,False,,,,,,False,,,,,,N/A,N/A,N/A,N/A,N/A,N/A,N/A,N/A,N/A,N/A,N/A,N/A,N/A,N/A,N/A,N/A,N/A,N/A,N/A,N/A,N/A,N/A,N/A
US.NVDA260828P180000,NVDA 260828 180.00P,2026-08-07 15:59:06,0.43,0.57,0.57,0.42,0.63,1546.0,72633.0,0.0,False,N/A,100,0.01,US.NVDA,0.45,0.41,154.0,82.0,,,,,,,,23.81,0.46981241914,-30.508,0.0,0.0,0.0,0.0,0.0,0.0,0,0.0,NORMAL,False,,,,,,,,,,,,,,,,,False,,N/A,,,,,,,,,,,,,,,,,,,N/A,,True,PUT,2026-08-28,180.0,100.0,4896,55.575,19.82,-0.036193123,0.002787614,0.040703338,-0.056851425,-0.004017277,N/A,19,N/A,N/A,AMERICAN,100.0,N/A,False,,,,False,,,,False,,,,,,False,,,,,,N/A,N/A,N/A,N/A,N/A,N/A,N/A,N/A,N/A,N/A,N/A,N/A,N/A,N/A,N/A,N/A,N/A,N/A,N/A,N/A,N/A,N/A,N/A
US.NVDA260828C185000,NVDA 260828 185.00C,2026-08-07 15:57:24,40.0,38.15,40.0,37.72,35.2664,115.0,437852.0,0.0,False,N/A,100,0.05,US.NVDA,40.35,39.4,51.0,20.0,,,,,,,,6.465,38.07408695652,-43.662,0.0,0.0,0.0,0.0,0.0,0.0,0,0.0,NORMAL,False,,,,,,,,,,,,,,,,,False,,N/A,,,,,,,,,,,,,,,,,,,N/A,,True,CALL,2026-08-28,185.0,100.0,343,52.223,0.464,0.95309481,0.003661174,0.050225285,-0.085479166,0.090912799,N/A,19,N/A,N/A,AMERICAN,100.0,N/A,False,,,,False,,,,False,,,,,,False,,,,,,N/A,N/A,N/A,N/A,N/A,N/A,N/A,N/A,N/A,N/A,N/A,N/A,N/A,N/A,N/A,N/A,N/A,N/A,N/A,N/A,N/A,N/A,N/A
US.NVDA260828P185000,NVDA 260828 185.00P,2026-08-07 15:59:59,0.55,0.3,0.76,0.3,0.875,776.0,48147.0,0.0,False,N/A,100,0.01,US.NVDA,0.58,0.55,296.0,4.0,,,,,,,,52.571,0.62045103092,-97.333,0.0,0.0,0.0,0.0,0.0,0.0,0,0.0,NORMAL,False,,,,,,,,,,,,,,,,,False,,N/A,,,,,,,,,,,,,,,,,,,N/A,,True,PUT,2026-08-28,185.0,100.0,3634,52.62,17.641,-0.048144773,0.003709772,0.051279076,-0.068100749,-0.005380932,N/A,19,N/A,N/A,AMERICAN,100.0,N/A,False,,,,False,,,,False,,,,,,False,,,,,,N/A,N/A,N/A,N/A,N/A,N/A,N/A,N/A,N/A,N/A,N/A,N/A,N/A,N/A,N/A,N/A,N/A,N/A,N/A,N/A,N/A,N/A,N/A
US.NVDA260828C190000,NVDA 260828 190.00C,2026-08-07 15:57:40,35.26,33.45,35.65,32.92,30.6565,161.0,539922.0,0.0,False,N/A,100,0.05,US.NVDA,35.45,34.7,61.0,100.0,,,,,,,,8.905,33.535527950310005,24.224,0.0,0.0,0.0,0.0,0.0,0.0,0,0.0,NORMAL,False,,,,,,,,,,,,,,,,,False,,N/A,,,,,,,,,,,,,,,,,,,N/A,,True,CALL,2026-08-28,190.0,100.0,1545,49.511,0.58,0.936454281,0.004909334,0.063846997,-0.099880684,0.091474862,N/A,19,N/A,N/A,AMERICAN,100.0,N/A,False,,,,False,,,,False,,,,,,False,,,,,,N/A,N/A,N/A,N/A,N/A,N/A,N/A,N/A,N/A,N/A,N/A,N/A,N/A,N/A,N/A,N/A,N/A,N/A,N/A,N/A,N/A,N/A,N/A
US.NVDA260828P190000,NVDA 260828 190.00P,2026-08-07 15:57:49,0.76,1.03,1.06,0.75,1.255,2210.0,191360.0,0.0,False,N/A,100,0.01,US.NVDA,0.79,0.73,130.0,85.0,,,,,,,,24.701,0.86588235294,-20.93,0.0,0.0,0.0,0.0,0.0,0.0,0,0.0,NORMAL,False,,,,,,,,,,,,,,,,,False,,N/A,,,,,,,,,,,,,,,,,,,N/A,,True,PUT,2026-08-28,190.0,100.0,4783,49.896,15.502,-0.065017903,0.004958846,0.064983972,-0.082165359,-0.007310829,N/A,19,N/A,N/A,AMERICAN,100.0,N/A,False,,,,False,,,,False,,,,,,False,,,,,,N/A,N/A,N/A,N/A,N/A,N/A,N/A,N/A,N/A,N/A,N/A,N/A,N/A,N/A,N/A,N/A,N/A,N/A,N/A,N/A,N/A,N/A,N/A
US.NVDA260828C195000,NVDA 260828 195.00C,2026-08-07 15:57:22,30.5,29.45,31.0,28.31,26.2459,259.0,764449.0,0.0,False,N/A,100,0.05,US.NVDA,30.7,29.95,1.0,33.0,,,,,,,,10.249,29.515405405400003,94.118,0.0,0.0,0.0,0.0,0.0,0.0,0,0.0,NORMAL,False,,,,,,,,,,,,,,,,,False,,N/A,,,,,,,,,,,,,,,,,,,N/A,,True,CALL,2026-08-28,195.0,100.0,3391,46.563,0.687,0.914895967,0.006526035,0.079816328,-0.114735162,0.091433883,N/A,19,N/A,N/A,AMERICAN,100.0,N/A,False,,,,False,,,,False,,,,,,False,,,,,,N/A,N/A,N/A,N/A,N/A,N/A,N/A,N/A,N/A,N/A,N/A,N/A,N/A,N/A,N/A,N/A,N/A,N/A,N/A,N/A,N/A,N/A,N/A
US.NVDA260828P195000,NVDA 260828 195.00P,2026-08-07 15:59:21,1.06,1.64,1.64,1.06,1.835,1108.0,138784.0,0.0,False,N/A,100,0.01,US.NVDA,1.1,1.04,63.0,69.0,,,,,,,,31.608,1.25256317689,4.545,0.0,0.0,0.0,0.0,0.0,0.0,0,0.0,NORMAL,False,,,,,,,,,,,,,,,,,False,,N/A,,,,,,,,,,,,,,,,,,,N/A,,True,PUT,2026-08-28,195.0,100.0,3425,47.719,13.404,-0.09011416,0.00664653,0.083283195,-0.101106595,-0.010192587,N/A,19,N/A,N/A,AMERICAN,100.0,N/A,False,,,,False,,,,False,,,,,,False,,,,,,N/A,N/A,N/A,N/A,N/A,N/A,N/A,N/A,N/A,N/A,N/A,N/A,N/A,N/A,N/A,N/A,N/A,N/A,N/A,N/A,N/A,N/A,N/A
US.NVDA260828C200000,NVDA 260828 200.00C,2026-08-07 15:59:30,26.15,24.1,26.67,23.6,22.0745,1059.0,2678487.0,0.0,False,N/A,100,0.05,US.NVDA,26.05,25.6,1.0,60.0,,,,,,,,13.907,25.292606232289998,96.721,0.0,0.0,0.0,0.0,0.0,0.0,0,0.0,NORMAL,False,,,,,,,,,,,,,,,,,False,,N/A,,,,,,,,,,,,,,,,,,,N/A,,True,CALL,2026-08-28,200.0,100.0,4578,45.226,0.977,0.877867302,0.008737324,0.103790066,-0.140485687,0.089447305,N/A,19,N/A,N/A,AMERICAN,100.0,N/A,False,,,,False,,,,False,,,,,,False,,,,,,N/A,N/A,N/A,N/A,N/A,N/A,N/A,N/A,N/A,N/A,N/A,N/A,N/A,N/A,N/A,N/A,N/A,N/A,N/A,N/A,N/A,N/A,N/A
US.NVDA260828P200000,NVDA 260828 200.00P,2026-08-07 15:59:32,1.55,2.21,2.21,1.55,2.655,2045.0,358534.0,0.0,False,N/A,100,0.01,US.NVDA,1.62,1.54,57.0,10.0,,,,,,,,24.859,1.7532224938799998,-70.149,0.0,0.0,0.0,0.0,0.0,0.0,0,0.0,NORMAL,False,,,,,,,,,,,,,,,,,False,,N/A,,,,,,,,,,,,,,,,,,,N/A,,True,PUT,2026-08-28,200.0,100.0,3397,46.302,11.39,-0.127394124,0.008792407,0.106874505,-0.126336276,-0.014491224,N/A,19,N/A,N/A,AMERICAN,100.0,N/A,False,,,,False,,,,False,,,,,,False,,,,,,N/A,N/A,N/A,N/A,N/A,N/A,N/A,N/A,N/A,N/A,N/A,N/A,N/A,N/A,N/A,N/A,N/A,N/A,N/A,N/A,N/A,N/A,N/A
US.NVDA260828C202500,NVDA 260828 202.50C,2026-08-07 09:30:00,0.0,0.0,0.0,0.0,0.0,0.0,0.0,0.0,False,N/A,100,0.01,US.NVDA,0.0,0.0,0.0,0.0,,,,,,,,0.0,0.0,0.0,0.0,0.0,0.0,0.0,0.0,0.0,0,0.0,NORMAL,False,,,,,,,,,,,,,,,,,False,,N/A,,,,,,,,,,,,,,,,,,,N/A,,True,CALL,2026-08-28,202.5,100.0,0,0.0,-9.582,0.0,0.0,0.0,0.0,0.0,N/A,19,N/A,N/A,AMERICAN,100.0,N/A,False,,,,False,,,,False,,,,,,False,,,,,,N/A,N/A,N/A,N/A,N/A,N/A,N/A,N/A,N/A,N/A,N/A,N/A,N/A,N/A,N/A,N/A,N/A,N/A,N/A,N/A,N/A,N/A,N/A
US.NVDA260828P202500,NVDA 260828 202.50P,2026-08-07 09:30:00,0.0,0.0,0.0,0.0,0.0,0.0,0.0,0.0,False,N/A,100,0.01,US.NVDA,0.0,0.0,0.0,0.0,,,,,,,,0.0,0.0,0.0,0.0,0.0,0.0,0.0,0.0,0.0,0,0.0,NORMAL,False,,,,,,,,,,,,,,,,,False,,N/A,,,,,,,,,,,,,,,,,,,N/A,,True,PUT,2026-08-28,202.5,100.0,0,0.0,9.582,0.0,0.0,0.0,0.0,0.0,N/A,19,N/A,N/A,AMERICAN,100.0,N/A,False,,,,False,,,,False,,,,,,False,,,,,,N/A,N/A,N/A,N/A,N/A,N/A,N/A,N/A,N/A,N/A,N/A,N/A,N/A,N/A,N/A,N/A,N/A,N/A,N/A,N/A,N/A,N/A,N/A
US.NVDA260828C205000,NVDA 260828 205.00C,2026-08-07 15:59:19,21.9,20.74,22.36,19.81,18.2519,490.0,1027004.0,0.0,False,N/A,100,0.05,US.NVDA,22.1,21.2,48.0,65.0,,,,,,,,13.971,20.959265306120002,15.044,0.0,0.0,0.0,0.0,0.0,0.0,0,0.0,NORMAL,False,,,,,,,,,,,,,,,,,False,,N/A,,,,,,,,,,,,,,,,,,,N/A,,True,CALL,2026-08-28,205.0,100.0,3529,44.828,1.312,0.824620196,0.011234417,0.13228452,-0.172860949,0.085388105,N/A,19,N/A,N/A,AMERICAN,100.0,N/A,False,,,,False,,,,False,,,,,,False,,,,,,N/A,N/A,N/A,N/A,N/A,N/A,N/A,N/A,N/A,N/A,N/A,N/A,N/A,N/A,N/A,N/A,N/A,N/A,N/A,N/A,N/A,N/A,N/A
US.NVDA260828P205000,NVDA 260828 205.00P,2026-08-07 15:59:20,2.32,3.0,3.45,2.32,3.825,675.0,178349.0,0.0,False,N/A,100,0.01,US.NVDA,2.35,2.23,73.0,66.0,,,,,,,,29.542,2.6422074074,-5.036,0.0,0.0,0.0,0.0,0.0,0.0,0,0.0,NORMAL,False,,,,,,,,,,,,,,,,,False,,N/A,,,,,,,,,,,,,,,,,,,N/A,,True,PUT,2026-08-28,205.0,100.0,2542,44.882,9.501,-0.175920588,0.011249678,0.132510329,-0.152125821,-0.020072247,N/A,19,N/A,N/A,AMERICAN,100.0,N/A,False,,,,False,,,,False,,,,,,False,,,,,,N/A,N/A,N/A,N/A,N/A,N/A,N/A,N/A,N/A,N/A,N/A,N/A,N/A,N/A,N/A,N/A,N/A,N/A,N/A,N/A,N/A,N/A,N/A
US.NVDA260828C207500,NVDA 260828 207.50C,2026-08-07 09:30:00,0.0,0.0,0.0,0.0,0.0,0.0,0.0,0.0,False,N/A,100,0.01,US.NVDA,0.0,0.0,0.0,0.0,,,,,,,,0.0,0.0,0.0,0.0,0.0,0.0,0.0,0.0,0.0,0,0.0,NORMAL,False,,,,,,,,,,,,,,,,,False,,N/A,,,,,,,,,,,,,,,,,,,N/A,,True,CALL,2026-08-28,207.5,100.0,0,0.0,-7.349,0.0,0.0,0.0,0.0,0.0,N/A,19,N/A,N/A,AMERICAN,100.0,N/A,False,,,,False,,,,False,,,,,,False,,,,,,N/A,N/A,N/A,N/A,N/A,N/A,N/A,N/A,N/A,N/A,N/A,N/A,N/A,N/A,N/A,N/A,N/A,N/A,N/A,N/A,N/A,N/A,N/A
US.NVDA260828P207500,NVDA 260828 207.50P,2026-08-07 09:30:00,0.0,0.0,0.0,0.0,0.0,0.0,0.0,0.0,False,N/A,100,0.01,US.NVDA,0.0,0.0,0.0,0.0,,,,,,,,0.0,0.0,0.0,0.0,0.0,0.0,0.0,0.0,0.0,0,0.0,NORMAL,False,,,,,,,,,,,,,,,,,False,,N/A,,,,,,,,,,,,,,,,,,,N/A,,True,PUT,2026-08-28,207.5,100.0,0,0.0,7.349,0.0,0.0,0.0,0.0,0.0,N/A,19,N/A,N/A,AMERICAN,100.0,N/A,False,,,,False,,,,False,,,,,,False,,,,,,N/A,N/A,N/A,N/A,N/A,N/A,N/A,N/A,N/A,N/A,N/A,N/A,N/A,N/A,N/A,N/A,N/A,N/A,N/A,N/A,N/A,N/A,N/A
US.NVDA260828C210000,NVDA 260828 210.00C,2026-08-07 15:59:49,17.94,16.9,18.55,15.95,14.7829,1828.0,3106175.0,0.0,False,N/A,100,0.05,US.NVDA,17.95,17.65,74.0,16.0,,,,,,,,17.588,16.992204595180002,-64.444,0.0,0.0,0.0,0.0,0.0,0.0,0,0.0,NORMAL,False,,,,,,,,,,,,,,,,,False,,N/A,,,,,,,,,,,,,,,,,,,N/A,,True,CALL,2026-08-28,210.0,100.0,8858,44.513,1.777,0.758800558,0.013662703,0.159755181,-0.203571933,0.079683954,N/A,19,N/A,N/A,AMERICAN,100.0,N/A,False,,,,False,,,,False,,,,,,False,,,,,,N/A,N/A,N/A,N/A,N/A,N/A,N/A,N/A,N/A,N/A,N/A,N/A,N/A,N/A,N/A,N/A,N/A,N/A,N/A,N/A,N/A,N/A,N/A
US.NVDA260828P210000,NVDA 260828 210.00P,2026-08-07 15:59:52,3.37,4.68,4.7,3.3,5.35,1087.0,422130.0,0.0,False,N/A,100,0.05,US.NVDA,3.4,3.3,7.0,102.0,,,,,,,,26.168,3.88344066237,87.156,0.0,0.0,0.0,0.0,0.0,0.0,0,0.0,NORMAL,False,,,,,,,,,,,,,,,,,False,,N/A,,,,,,,,,,,,,,,,,,,N/A,,True,PUT,2026-08-28,210.0,100.0,6120,44.044,7.737,-0.239615215,0.013772515,0.159132947,-0.179339463,-0.027384547,N/A,19,N/A,N/A,AMERICAN,100.0,N/A,False,,,,False,,,,False,,,,,,False,,,,,,N/A,N/A,N/A,N/A,N/A,N/A,N/A,N/A,N/A,N/A,N/A,N/A,N/A,N/A,N/A,N/A,N/A,N/A,N/A,N/A,N/A,N/A,N/A
US.NVDA260828C212500,NVDA 260828 212.50C,2026-08-07 09:30:00,0.0,0.0,0.0,0.0,0.0,0.0,0.0,0.0,False,N/A,100,0.01,US.NVDA,0.0,0.0,0.0,0.0,,,,,,,,0.0,0.0,0.0,0.0,0.0,0.0,0.0,0.0,0.0,0,0.0,NORMAL,False,,,,,,,,,,,,,,,,,False,,N/A,,,,,,,,,,,,,,,,,,,N/A,,True,CALL,2026-08-28,212.5,100.0,0,0.0,-5.116,0.0,0.0,0.0,0.0,0.0,N/A,19,N/A,N/A,AMERICAN,100.0,N/A,False,,,,False,,,,False,,,,,,False,,,,,,N/A,N/A,N/A,N/A,N/A,N/A,N/A,N/A,N/A,N/A,N/A,N/A,N/A,N/A,N/A,N/A,N/A,N/A,N/A,N/A,N/A,N/A,N/A
US.NVDA260828P212500,NVDA 260828 212.50P,2026-08-07 09:30:00,0.0,0.0,0.0,0.0,0.0,0.0,0.0,0.0,False,N/A,100,0.01,US.NVDA,0.0,0.0,0.0,0.0,,,,,,,,0.0,0.0,0.0,0.0,0.0,0.0,0.0,0.0,0.0,0,0.0,NORMAL,False,,,,,,,,,,,,,,,,,False,,N/A,,,,,,,,,,,,,,,,,,,N/A,,True,PUT,2026-08-28,212.5,100.0,0,0.0,5.116,0.0,0.0,0.0,0.0,0.0,N/A,19,N/A,N/A,AMERICAN,100.0,N/A,False,,,,False,,,,False,,,,,,False,,,,,,N/A,N/A,N/A,N/A,N/A,N/A,N/A,N/A,N/A,N/A,N/A,N/A,N/A,N/A,N/A,N/A,N/A,N/A,N/A,N/A,N/A,N/A,N/A
US.NVDA260828C215000,NVDA 260828 215.00C,2026-08-07 15:55:27,14.15,13.2,15.02,12.62,11.6869,2916.0,4011398.0,0.0,False,N/A,100,0.05,US.NVDA,14.4,14.1,14.0,32.0,,,,,,,,20.536,13.75650891632,39.13,0.0,0.0,0.0,0.0,0.0,0.0,0,0.0,NORMAL,False,,,,,,,,,,,,,,,,,False,,N/A,,,,,,,,,,,,,,,,,,,N/A,,True,CALL,2026-08-28,215.0,100.0,9911,43.809,2.317,0.68346872,0.015853084,0.182443824,-0.226056422,0.072706909,N/A,19,N/A,N/A,AMERICAN,100.0,N/A,False,,,,False,,,,False,,,,,,False,,,,,,N/A,N/A,N/A,N/A,N/A,N/A,N/A,N/A,N/A,N/A,N/A,N/A,N/A,N/A,N/A,N/A,N/A,N/A,N/A,N/A,N/A,N/A,N/A
US.NVDA260828P215000,NVDA 260828 215.00P,2026-08-07 15:59:58,4.75,6.3,6.3,4.75,7.25,1609.0,860258.0,0.0,False,N/A,100,0.05,US.NVDA,4.9,4.75,52.0,66.0,,,,,,,,21.379,5.3465382224899995,11.864,0.0,0.0,0.0,0.0,0.0,0.0,0,0.0,NORMAL,False,,,,,,,,,,,,,,,,,False,,N/A,,,,,,,,,,,,,,,,,,,N/A,,True,PUT,2026-08-28,215.0,100.0,3385,43.577,6.121,-0.316392342,0.015960629,0.182335745,-0.202934553,-0.036135396,N/A,19,N/A,N/A,AMERICAN,100.0,N/A,False,,,,False,,,,False,,,,,,False,,,,,,N/A,N/A,N/A,N/A,N/A,N/A,N/A,N/A,N/A,N/A,N/A,N/A,N/A,N/A,N/A,N/A,N/A,N/A,N/A,N/A,N/A,N/A,N/A
US.NVDA260828C217500,NVDA 260828 217.50C,2026-08-07 09:30:00,0.0,0.0,0.0,0.0,0.0,0.0,0.0,0.0,False,N/A,100,0.01,US.NVDA,0.0,0.0,0.0,0.0,,,,,,,,0.0,0.0,0.0,0.0,0.0,0.0,0.0,0.0,0.0,0,0.0,NORMAL,False,,,,,,,,,,,,,,,,,False,,N/A,,,,,,,,,,,,,,,,,,,N/A,,True,CALL,2026-08-28,217.5,100.0,0,0.0,-2.884,0.0,0.0,0.0,0.0,0.0,N/A,19,N/A,N/A,AMERICAN,100.0,N/A,False,,,,False,,,,False,,,,,,False,,,,,,N/A,N/A,N/A,N/A,N/A,N/A,N/A,N/A,N/A,N/A,N/A,N/A,N/A,N/A,N/A,N/A,N/A,N/A,N/A,N/A,N/A,N/A,N/A
US.NVDA260828P217500,NVDA 260828 217.50P,2026-08-07 09:30:00,0.0,0.0,0.0,0.0,0.0,0.0,0.0,0.0,False,N/A,100,0.01,US.NVDA,0.0,0.0,0.0,0.0,,,,,,,,0.0,0.0,0.0,0.0,0.0,0.0,0.0,0.0,0.0,0,0.0,NORMAL,False,,,,,,,,,,,,,,,,,False,,N/A,,,,,,,,,,,,,,,,,,,N/A,,True,PUT,2026-08-28,217.5,100.0,0,0.0,2.884,0.0,0.0,0.0,0.0,0.0,N/A,19,N/A,N/A,AMERICAN,100.0,N/A,False,,,,False,,,,False,,,,,,False,,,,,,N/A,N/A,N/A,N/A,N/A,N/A,N/A,N/A,N/A,N/A,N/A,N/A,N/A,N/A,N/A,N/A,N/A,N/A,N/A,N/A,N/A,N/A,N/A
US.NVDA260828C220000,NVDA 260828 220.00C,2026-08-07 15:59:49,11.2,10.35,11.9,9.7,9.05,4616.0,4879536.0,0.0,False,N/A,100,0.05,US.NVDA,11.25,11.0,17.0,59.0,,,,,,,,24.309,10.570918544189999,55.263,0.0,0.0,0.0,0.0,0.0,0.0,0,0.0,NORMAL,False,,,,,,,,,,,,,,,,,False,,N/A,,,,,,,,,,,,,,,,,,,N/A,,True,CALL,2026-08-28,220.0,100.0,17688,43.227,3.232,0.598753781,0.017451372,0.198177089,-0.239950094,0.064406658,N/A,19,N/A,N/A,AMERICAN,100.0,N/A,False,,,,False,,,,False,,,,,,False,,,,,,N/A,N/A,N/A,N/A,N/A,N/A,N/A,N/A,N/A,N/A,N/A,N/A,N/A,N/A,N/A,N/A,N/A,N/A,N/A,N/A,N/A,N/A,N/A
US.NVDA260828P220000,NVDA 260828 220.00P,2026-08-07 15:58:59,6.7,8.2,8.65,6.64,9.6116,1975.0,1387118.0,0.0,False,N/A,100,0.05,US.NVDA,6.85,6.7,33.0,2.0,,,,,,,,20.912,7.02338227848,-88.571,0.0,0.0,0.0,0.0,0.0,0.0,0,0.0,NORMAL,False,,,,,,,,,,,,,,,,,False,,N/A,,,,,,,,,,,,,,,,,,,N/A,,True,PUT,2026-08-28,220.0,100.0,6628,43.423,4.759,-0.402325531,0.017429914,0.19820541,-0.218872415,-0.045788446,N/A,19,N/A,N/A,AMERICAN,100.0,N/A,False,,,,False,,,,False,,,,,,False,,,,,,N/A,N/A,N/A,N/A,N/A,N/A,N/A,N/A,N/A,N/A,N/A,N/A,N/A,N/A,N/A,N/A,N/A,N/A,N/A,N/A,N/A,N/A,N/A
US.NVDA260828C222500,NVDA 260828 222.50C,2026-08-07 09:30:00,0.0,0.0,0.0,0.0,0.0,0.0,0.0,0.0,False,N/A,100,0.01,US.NVDA,0.0,0.0,0.0,0.0,,,,,,,,0.0,0.0,0.0,0.0,0.0,0.0,0.0,0.0,0.0,0,0.0,NORMAL,False,,,,,,,,,,,,,,,,,False,,N/A,,,,,,,,,,,,,,,,,,,N/A,,True,CALL,2026-08-28,222.5,100.0,0,0.0,-0.651,0.0,0.0,0.0,0.0,0.0,N/A,19,N/A,N/A,AMERICAN,100.0,N/A,False,,,,False,,,,False,,,,,,False,,,,,,N/A,N/A,N/A,N/A,N/A,N/A,N/A,N/A,N/A,N/A,N/A,N/A,N/A,N/A,N/A,N/A,N/A,N/A,N/A,N/A,N/A,N/A,N/A
US.NVDA260828P222500,NVDA 260828 222.50P,2026-08-07 09:30:00,0.0,0.0,0.0,0.0,0.0,0.0,0.0,0.0,False,N/A,100,0.01,US.NVDA,0.0,0.0,0.0,0.0,,,,,,,,0.0,0.0,0.0,0.0,0.0,0.0,0.0,0.0,0.0,0,0.0,NORMAL,False,,,,,,,,,,,,,,,,,False,,N/A,,,,,,,,,,,,,,,,,,,N/A,,True,PUT,2026-08-28,222.5,100.0,0,0.0,0.651,0.0,0.0,0.0,0.0,0.0,N/A,19,N/A,N/A,AMERICAN,100.0,N/A,False,,,,False,,,,False,,,,,,False,,,,,,N/A,N/A,N/A,N/A,N/A,N/A,N/A,N/A,N/A,N/A,N/A,N/A,N/A,N/A,N/A,N/A,N/A,N/A,N/A,N/A,N/A,N/A,N/A
US.NVDA260828C225000,NVDA 260828 225.00C,2026-08-07 15:59:53,8.54,7.83,9.16,7.35,6.85,7894.0,6325930.0,0.0,False,N/A,100,0.05,US.NVDA,8.6,8.45,32.0,61.0,,,,,,,,26.423,8.01359260197,31.183,0.0,0.0,0.0,0.0,0.0,0.0,0,0.0,NORMAL,False,,,,,,,,,,,,,,,,,False,,N/A,,,,,,,,,,,,,,,,,,,N/A,,True,CALL,2026-08-28,225.0,100.0,9425,43.075,4.277,0.50905268,0.01806499,0.204423674,-0.24450466,0.055246577,N/A,19,N/A,N/A,AMERICAN,100.0,N/A,False,,,,False,,,,False,,,,,,False,,,,,,N/A,N/A,N/A,N/A,N/A,N/A,N/A,N/A,N/A,N/A,N/A,N/A,N/A,N/A,N/A,N/A,N/A,N/A,N/A,N/A,N/A,N/A,N/A
US.NVDA260828P225000,NVDA 260828 225.00P,2026-08-07 15:58:54,9.02,10.89,10.89,8.95,12.413,839.0,809480.0,0.0,False,N/A,100,0.05,US.NVDA,9.25,8.95,32.0,53.0,,,,,,,,15.629,9.648152562569999,24.706,0.0,0.0,0.0,0.0,0.0,0.0,0,0.0,NORMAL,False,,,,,,,,,,,,,,,,,False,,N/A,,,,,,,,,,,,,,,,,,,N/A,,True,PUT,2026-08-28,225.0,100.0,2196,42.921,3.563,-0.492215046,0.018207944,0.204274759,-0.221252081,-0.055519563,N/A,19,N/A,N/A,AMERICAN,100.0,N/A,False,,,,False,,,,False,,,,,,False,,,,,,N/A,N/A,N/A,N/A,N/A,N/A,N/A,N/A,N/A,N/A,N/A,N/A,N/A,N/A,N/A,N/A,N/A,N/A,N/A,N/A,N/A,N/A,N/A
US.NVDA260828C227500,NVDA 260828 227.50C,2026-08-07 09:30:00,0.0,0.0,0.0,0.0,0.0,0.0,0.0,0.0,False,N/A,100,0.01,US.NVDA,0.0,0.0,0.0,0.0,,,,,,,,0.0,0.0,0.0,0.0,0.0,0.0,0.0,0.0,0.0,0,0.0,NORMAL,False,,,,,,,,,,,,,,,,,False,,N/A,,,,,,,,,,,,,,,,,,,N/A,,True,CALL,2026-08-28,227.5,100.0,0,0.0,1.58,0.0,0.0,0.0,0.0,0.0,N/A,19,N/A,N/A,AMERICAN,100.0,N/A,False,,,,False,,,,False,,,,,,False,,,,,,N/A,N/A,N/A,N/A,N/A,N/A,N/A,N/A,N/A,N/A,N/A,N/A,N/A,N/A,N/A,N/A,N/A,N/A,N/A,N/A,N/A,N/A,N/A
US.NVDA260828P227500,NVDA 260828 227.50P,2026-08-07 09:30:00,0.0,0.0,0.0,0.0,0.0,0.0,0.0,0.0,False,N/A,100,0.01,US.NVDA,0.0,0.0,0.0,0.0,,,,,,,,0.0,0.0,0.0,0.0,0.0,0.0,0.0,0.0,0.0,0,0.0,NORMAL,False,,,,,,,,,,,,,,,,,False,,N/A,,,,,,,,,,,,,,,,,,,N/A,,True,PUT,2026-08-28,227.5,100.0,0,0.0,-1.58,0.0,0.0,0.0,0.0,0.0,N/A,19,N/A,N/A,AMERICAN,100.0,N/A,False,,,,False,,,,False,,,,,,False,,,,,,N/A,N/A,N/A,N/A,N/A,N/A,N/A,N/A,N/A,N/A,N/A,N/A,N/A,N/A,N/A,N/A,N/A,N/A,N/A,N/A,N/A,N/A,N/A
US.NVDA260828C230000,NVDA 260828 230.00C,2026-08-07 15:59:32,6.41,5.9,6.9,5.42,5.05,6081.0,3739454.0,0.0,False,N/A,100,0.05,US.NVDA,6.45,6.25,55.0,33.0,,,,,,,,29.307,6.14940634764,-25.0,0.0,0.0,0.0,0.0,0.0,0.0,0,0.0,NORMAL,False,,,,,,,,,,,,,,,,,False,,N/A,,,,,,,,,,,,,,,,,,,N/A,,True,CALL,2026-08-28,230.0,100.0,14474,42.821,5.559,0.419946434,0.017809562,0.200342288,-0.236380549,0.045933669,N/A,19,N/A,N/A,AMERICAN,100.0,N/A,False,,,,False,,,,False,,,,,,False,,,,,,N/A,N/A,N/A,N/A,N/A,N/A,N/A,N/A,N/A,N/A,N/A,N/A,N/A,N/A,N/A,N/A,N/A,N/A,N/A,N/A,N/A,N/A,N/A
US.NVDA260828P230000,NVDA 260828 230.00P,2026-08-07 15:57:17,11.9,13.5,13.75,11.65,15.6183,134.0,164010.0,0.0,False,N/A,100,0.05,US.NVDA,12.05,11.8,8.0,37.0,,,,,,,,13.446,12.2395522388,64.444,0.0,0.0,0.0,0.0,0.0,0.0,0,0.0,NORMAL,False,,,,,,,,,,,,,,,,,False,,N/A,,,,,,,,,,,,,,,,,,,N/A,,True,PUT,2026-08-28,230.0,100.0,97,42.678,2.616,-0.582079622,0.017976498,0.199891399,-0.212887543,-0.064716464,N/A,19,N/A,N/A,AMERICAN,100.0,N/A,False,,,,False,,,,False,,,,,,False,,,,,,N/A,N/A,N/A,N/A,N/A,N/A,N/A,N/A,N/A,N/A,N/A,N/A,N/A,N/A,N/A,N/A,N/A,N/A,N/A,N/A,N/A,N/A,N/A
US.NVDA260828C232500,NVDA 260828 232.50C,2026-08-07 09:30:00,0.0,0.0,0.0,0.0,0.0,0.0,0.0,0.0,False,N/A,100,0.01,US.NVDA,0.0,0.0,0.0,0.0,,,,,,,,0.0,0.0,0.0,0.0,0.0,0.0,0.0,0.0,0.0,0,0.0,NORMAL,False,,,,,,,,,,,,,,,,,False,,N/A,,,,,,,,,,,,,,,,,,,N/A,,True,CALL,2026-08-28,232.5,100.0,0,0.0,3.813,0.0,0.0,0.0,0.0,0.0,N/A,19,N/A,N/A,AMERICAN,100.0,N/A,False,,,,False,,,,False,,,,,,False,,,,,,N/A,N/A,N/A,N/A,N/A,N/A,N/A,N/A,N/A,N/A,N/A,N/A,N/A,N/A,N/A,N/A,N/A,N/A,N/A,N/A,N/A,N/A,N/A
US.NVDA260828P232500,NVDA 260828 232.50P,2026-08-07 09:30:00,0.0,0.0,0.0,0.0,0.0,0.0,0.0,0.0,False,N/A,100,0.01,US.NVDA,0.0,0.0,0.0,0.0,,,,,,,,0.0,0.0,0.0,0.0,0.0,0.0,0.0,0.0,0.0,0,0.0,NORMAL,False,,,,,,,,,,,,,,,,,False,,N/A,,,,,,,,,,,,,,,,,,,N/A,,True,PUT,2026-08-28,232.5,100.0,0,0.0,-3.813,0.0,0.0,0.0,0.0,0.0,N/A,19,N/A,N/A,AMERICAN,100.0,N/A,False,,,,False,,,,False,,,,,,False,,,,,,N/A,N/A,N/A,N/A,N/A,N/A,N/A,N/A,N/A,N/A,N/A,N/A,N/A,N/A,N/A,N/A,N/A,N/A,N/A,N/A,N/A,N/A,N/A
US.NVDA260828C235000,NVDA 260828 235.00C,2026-08-07 15:59:51,4.7,4.3,5.05,3.83,3.65,3574.0,1562781.0,0.0,False,N/A,100,0.05,US.NVDA,4.65,4.5,20.0,81.0,,,,,,,,33.425,4.37263850027,60.396,0.0,0.0,0.0,0.0,0.0,0.0,0,0.0,NORMAL,False,,,,,,,,,,,,,,,,,False,,N/A,,,,,,,,,,,,,,,,,,,N/A,,True,CALL,2026-08-28,235.0,100.0,6542,42.432,7.028,0.334966697,0.016750461,0.186709572,-0.216678276,0.0368953,N/A,19,N/A,N/A,AMERICAN,100.0,N/A,False,,,,False,,,,False,,,,,,False,,,,,,N/A,N/A,N/A,N/A,N/A,N/A,N/A,N/A,N/A,N/A,N/A,N/A,N/A,N/A,N/A,N/A,N/A,N/A,N/A,N/A,N/A,N/A,N/A
US.NVDA260828P235000,NVDA 260828 235.00P,2026-08-07 15:58:47,15.0,17.28,17.28,15.0,19.2276,34.0,53734.0,0.0,False,N/A,100,0.05,US.NVDA,15.75,15.0,27.0,8.0,,,,,,,,11.858,15.804117647049999,-54.286,0.0,0.0,0.0,0.0,0.0,0.0,0,0.0,NORMAL,False,,,,,,,,,,,,,,,,,False,,N/A,,,,,,,,,,,,,,,,,,,N/A,,True,PUT,2026-08-28,235.0,100.0,67,43.485,1.768,-0.66257478,0.016577613,0.186916068,-0.200200894,-0.072392944,N/A,19,N/A,N/A,AMERICAN,100.0,N/A,False,,,,False,,,,False,,,,,,False,,,,,,N/A,N/A,N/A,N/A,N/A,N/A,N/A,N/A,N/A,N/A,N/A,N/A,N/A,N/A,N/A,N/A,N/A,N/A,N/A,N/A,N/A,N/A,N/A
US.NVDA260828C237500,NVDA 260828 237.50C,2026-08-07 09:30:00,0.0,0.0,0.0,0.0,0.0,0.0,0.0,0.0,False,N/A,100,0.01,US.NVDA,0.0,0.0,0.0,0.0,,,,,,,,0.0,0.0,0.0,0.0,0.0,0.0,0.0,0.0,0.0,0,0.0,NORMAL,False,,,,,,,,,,,,,,,,,False,,N/A,,,,,,,,,,,,,,,,,,,N/A,,True,CALL,2026-08-28,237.5,100.0,0,0.0,6.045,0.0,0.0,0.0,0.0,0.0,N/A,19,N/A,N/A,AMERICAN,100.0,N/A,False,,,,False,,,,False,,,,,,False,,,,,,N/A,N/A,N/A,N/A,N/A,N/A,N/A,N/A,N/A,N/A,N/A,N/A,N/A,N/A,N/A,N/A,N/A,N/A,N/A,N/A,N/A,N/A,N/A
US.NVDA260828P237500,NVDA 260828 237.50P,2026-08-07 09:30:00,0.0,0.0,0.0,0.0,0.0,0.0,0.0,0.0,False,N/A,100,0.01,US.NVDA,0.0,0.0,0.0,0.0,,,,,,,,0.0,0.0,0.0,0.0,0.0,0.0,0.0,0.0,0.0,0,0.0,NORMAL,False,,,,,,,,,,,,,,,,,False,,N/A,,,,,,,,,,,,,,,,,,,N/A,,True,PUT,2026-08-28,237.5,100.0,0,0.0,-6.045,0.0,0.0,0.0,0.0,0.0,N/A,19,N/A,N/A,AMERICAN,100.0,N/A,False,,,,False,,,,False,,,,,,False,,,,,,N/A,N/A,N/A,N/A,N/A,N/A,N/A,N/A,N/A,N/A,N/A,N/A,N/A,N/A,N/A,N/A,N/A,N/A,N/A,N/A,N/A,N/A,N/A
US.NVDA260828C240000,NVDA 260828 240.00C,2026-08-07 15:59:52,3.23,3.1,3.61,2.68,2.59,4687.0,1458127.0,0.0,False,N/A,100,0.05,US.NVDA,3.3,3.15,94.0,108.0,,,,,,,,35.907,3.1110027736199997,6.931,0.0,0.0,0.0,0.0,0.0,0.0,0,0.0,NORMAL,False,,,,,,,,,,,,,,,,,False,,N/A,,,,,,,,,,,,,,,,,,,N/A,,True,CALL,2026-08-28,240.0,100.0,14965,42.237,8.604,0.258992052,0.014953103,0.16590012,-0.190170445,0.028690622,N/A,19,N/A,N/A,AMERICAN,100.0,N/A,False,,,,False,,,,False,,,,,,False,,,,,,N/A,N/A,N/A,N/A,N/A,N/A,N/A,N/A,N/A,N/A,N/A,N/A,N/A,N/A,N/A,N/A,N/A,N/A,N/A,N/A,N/A,N/A,N/A
US.NVDA260828P240000,NVDA 260828 240.00P,2026-08-07 13:55:35,20.2,18.6,20.37,18.6,23.1817,29.0,57745.0,0.0,False,N/A,100,0.05,US.NVDA,19.2,18.5,5.0,5.0,,,,,,,,7.635,19.91206896551,0.0,0.0,0.0,0.0,0.0,0.0,0.0,0,0.0,NORMAL,False,,,,,,,,,,,,,,,,,False,,N/A,,,,,,,,,,,,,,,,,,,N/A,,True,PUT,2026-08-28,240.0,100.0,123,42.342,1.857,-0.743586241,0.015151015,0.164543769,-0.167702165,-0.07804269,N/A,19,N/A,N/A,AMERICAN,100.0,N/A,False,,,,False,,,,False,,,,,,False,,,,,,N/A,N/A,N/A,N/A,N/A,N/A,N/A,N/A,N/A,N/A,N/A,N/A,N/A,N/A,N/A,N/A,N/A,N/A,N/A,N/A,N/A,N/A,N/A
US.NVDA260828C242500,NVDA 260828 242.50C,2026-08-07 09:30:00,0.0,0.0,0.0,0.0,0.0,0.0,0.0,0.0,False,N/A,100,0.01,US.NVDA,0.0,0.0,0.0,0.0,,,,,,,,0.0,0.0,0.0,0.0,0.0,0.0,0.0,0.0,0.0,0,0.0,NORMAL,False,,,,,,,,,,,,,,,,,False,,N/A,,,,,,,,,,,,,,,,,,,N/A,,True,CALL,2026-08-28,242.5,100.0,0,0.0,8.278,0.0,0.0,0.0,0.0,0.0,N/A,19,N/A,N/A,AMERICAN,100.0,N/A,False,,,,False,,,,False,,,,,,False,,,,,,N/A,N/A,N/A,N/A,N/A,N/A,N/A,N/A,N/A,N/A,N/A,N/A,N/A,N/A,N/A,N/A,N/A,N/A,N/A,N/A,N/A,N/A,N/A
US.NVDA260828P242500,NVDA 260828 242.50P,2026-08-07 09:30:00,0.0,0.0,0.0,0.0,0.0,0.0,0.0,0.0,False,N/A,100,0.01,US.NVDA,0.0,0.0,0.0,0.0,,,,,,,,0.0,0.0,0.0,0.0,0.0,0.0,0.0,0.0,0.0,0,0.0,NORMAL,False,,,,,,,,,,,,,,,,,False,,N/A,,,,,,,,,,,,,,,,,,,N/A,,True,PUT,2026-08-28,242.5,100.0,0,0.0,-8.278,0.0,0.0,0.0,0.0,0.0,N/A,19,N/A,N/A,AMERICAN,100.0,N/A,False,,,,False,,,,False,,,,,,False,,,,,,N/A,N/A,N/A,N/A,N/A,N/A,N/A,N/A,N/A,N/A,N/A,N/A,N/A,N/A,N/A,N/A,N/A,N/A,N/A,N/A,N/A,N/A,N/A
US.NVDA260828C245000,NVDA 260828 245.00C,2026-08-07 15:59:57,2.24,2.2,2.53,1.86,1.815,2147.0,469327.0,0.0,False,N/A,100,0.01,US.NVDA,2.29,2.2,125.0,61.0,,,,,,,,36.915,2.18596646483,-34.409,0.0,0.0,0.0,0.0,0.0,0.0,0,0.0,NORMAL,False,,,,,,,,,,,,,,,,,False,,N/A,,,,,,,,,,,,,,,,,,,N/A,,True,CALL,2026-08-28,245.0,100.0,4933,42.296,10.394,0.195327882,0.01273077,0.141434282,-0.161046013,0.021736147,N/A,19,N/A,N/A,AMERICAN,100.0,N/A,False,,,,False,,,,False,,,,,,False,,,,,,N/A,N/A,N/A,N/A,N/A,N/A,N/A,N/A,N/A,N/A,N/A,N/A,N/A,N/A,N/A,N/A,N/A,N/A,N/A,N/A,N/A,N/A,N/A
US.NVDA260828P245000,NVDA 260828 245.00P,2026-08-07 12:41:54,24.0,24.0,24.19,22.45,27.4258,18.0,40894.0,0.0,False,N/A,100,0.05,US.NVDA,23.5,22.45,5.0,5.0,,,,,,,,6.344,22.718888888880002,0.0,0.0,0.0,0.0,0.0,0.0,0.0,0,0.0,NORMAL,False,,,,,,,,,,,,,,,,,False,,N/A,,,,,,,,,,,,,,,,,,,N/A,,True,PUT,2026-08-28,245.0,100.0,14,43.11,1.321,-0.803804866,0.012962509,0.141153428,-0.14321283,-0.080888346,N/A,19,N/A,N/A,AMERICAN,100.0,N/A,False,,,,False,,,,False,,,,,,False,,,,,,N/A,N/A,N/A,N/A,N/A,N/A,N/A,N/A,N/A,N/A,N/A,N/A,N/A,N/A,N/A,N/A,N/A,N/A,N/A,N/A,N/A,N/A,N/A
US.NVDA260828C247500,NVDA 260828 247.50C,2026-08-07 09:30:00,0.0,0.0,0.0,0.0,0.0,0.0,0.0,0.0,False,N/A,100,0.01,US.NVDA,0.0,0.0,0.0,0.0,,,,,,,,0.0,0.0,0.0,0.0,0.0,0.0,0.0,0.0,0.0,0,0.0,NORMAL,False,,,,,,,,,,,,,,,,,False,,N/A,,,,,,,,,,,,,,,,,,,N/A,,True,CALL,2026-08-28,247.5,100.0,0,0.0,10.51,0.0,0.0,0.0,0.0,0.0,N/A,19,N/A,N/A,AMERICAN,100.0,N/A,False,,,,False,,,,False,,,,,,False,,,,,,N/A,N/A,N/A,N/A,N/A,N/A,N/A,N/A,N/A,N/A,N/A,N/A,N/A,N/A,N/A,N/A,N/A,N/A,N/A,N/A,N/A,N/A,N/A
US.NVDA260828P247500,NVDA 260828 247.50P,2026-08-07 09:30:00,0.0,0.0,0.0,0.0,0.0,0.0,0.0,0.0,False,N/A,100,0.01,US.NVDA,0.0,0.0,0.0,0.0,,,,,,,,0.0,0.0,0.0,0.0,0.0,0.0,0.0,0.0,0.0,0,0.0,NORMAL,False,,,,,,,,,,,,,,,,,False,,N/A,,,,,,,,,,,,,,,,,,,N/A,,True,PUT,2026-08-28,247.5,100.0,0,0.0,-10.51,0.0,0.0,0.0,0.0,0.0,N/A,19,N/A,N/A,AMERICAN,100.0,N/A,False,,,,False,,,,False,,,,,,False,,,,,,N/A,N/A,N/A,N/A,N/A,N/A,N/A,N/A,N/A,N/A,N/A,N/A,N/A,N/A,N/A,N/A,N/A,N/A,N/A,N/A,N/A,N/A,N/A
US.NVDA260828C250000,NVDA 260828 250.00C,2026-08-07 15:59:52,1.59,1.53,1.75,1.25,1.29,4031.0,604355.0,0.0,False,N/A,100,0.01,US.NVDA,1.58,1.5,92.0,80.0,,,,,,,,38.76,1.49926817166,-6.977,0.0,0.0,0.0,0.0,0.0,0.0,0,0.0,NORMAL,False,,,,,,,,,,,,,,,,,False,,N/A,,,,,,,,,,,,,,,,,,,N/A,,True,CALL,2026-08-28,250.0,100.0,9172,42.457,12.337,0.143953831,0.010422663,0.116228763,-0.131732529,0.016079246,N/A,19,N/A,N/A,AMERICAN,100.0,N/A,False,,,,False,,,,False,,,,,,False,,,,,,N/A,N/A,N/A,N/A,N/A,N/A,N/A,N/A,N/A,N/A,N/A,N/A,N/A,N/A,N/A,N/A,N/A,N/A,N/A,N/A,N/A,N/A,N/A
US.NVDA260828P250000,NVDA 260828 250.00P,2026-08-07 09:39:47,29.37,29.37,29.37,29.37,31.9226,2.0,5874.0,0.0,False,N/A,100,0.05,US.NVDA,27.85,26.6,5.0,5.0,,,,,,,,0.0,29.37,0.0,0.0,0.0,0.0,0.0,0.0,0.0,0,0.0,NORMAL,False,,,,,,,,,,,,,,,,,False,,N/A,,,,,,,,,,,,,,,,,,,N/A,,True,PUT,2026-08-28,250.0,100.0,19,42.943,1.486,-0.858741662,0.010832713,0.113825635,-0.111222209,-0.0801542,N/A,19,N/A,N/A,AMERICAN,100.0,N/A,False,,,,False,,,,False,,,,,,False,,,,,,N/A,N/A,N/A,N/A,N/A,N/A,N/A,N/A,N/A,N/A,N/A,N/A,N/A,N/A,N/A,N/A,N/A,N/A,N/A,N/A,N/A,N/A,N/A
US.NVDA260828C255000,NVDA 260828 255.00C,2026-08-07 15:58:37,1.07,1.11,1.25,0.86,0.915,1296.0,134202.0,0.0,False,N/A,100,0.01,US.NVDA,1.11,1.03,46.0,6.0,,,,,,,,42.623,1.03550925925,-76.923,0.0,0.0,0.0,0.0,0.0,0.0,0,0.0,NORMAL,False,,,,,,,,,,,,,,,,,False,,N/A,,,,,,,,,,,,,,,,,,,N/A,,True,CALL,2026-08-28,255.0,100.0,2035,42.977,14.337,0.105646767,0.008291487,0.093595399,-0.106463754,0.011832006,N/A,19,N/A,N/A,AMERICAN,100.0,N/A,False,,,,False,,,,False,,,,,,False,,,,,,N/A,N/A,N/A,N/A,N/A,N/A,N/A,N/A,N/A,N/A,N/A,N/A,N/A,N/A,N/A,N/A,N/A,N/A,N/A,N/A,N/A,N/A,N/A
US.NVDA260828P255000,NVDA 260828 255.00P,2026-08-07 09:30:00,36.5739,0.0,0.0,0.0,36.5739,0.0,0.0,0.0,False,N/A,100,0.05,US.NVDA,32.4,31.1,5.0,5.0,,,,,,,,0.0,0.0,0.0,0.0,0.0,0.0,0.0,0.0,0.0,0,0.0,NORMAL,False,,,,,,,,,,,,,,,,,False,,N/A,,,,,,,,,,,,,,,,,,,N/A,,True,PUT,2026-08-28,255.0,100.0,0,43.325,2.47,-0.899827067,0.00883551,0.088825271,-0.084276856,-0.075993616,N/A,19,N/A,N/A,AMERICAN,100.0,N/A,False,,,,False,,,,False,,,,,,False,,,,,,N/A,N/A,N/A,N/A,N/A,N/A,N/A,N/A,N/A,N/A,N/A,N/A,N/A,N/A,N/A,N/A,N/A,N/A,N/A,N/A,N/A,N/A,N/A
US.NVDA260828C260000,NVDA 260828 260.00C,2026-08-07 15:59:00,0.72,0.82,0.84,0.6,0.675,973.0,70162.0,0.0,False,N/A,100,0.01,US.NVDA,0.75,0.7,94.0,130.0,,,,,,,,35.556,0.72108941418,16.071,0.0,0.0,0.0,0.0,0.0,0.0,0,0.0,NORMAL,False,,,,,,,,,,,,,,,,,False,,N/A,,,,,,,,,,,,,,,,,,,N/A,,True,CALL,2026-08-28,260.0,100.0,2212,43.328,16.413,0.07565222,0.006416395,0.073022713,-0.082989689,0.008494345,N/A,19,N/A,N/A,AMERICAN,100.0,N/A,False,,,,False,,,,False,,,,,,False,,,,,,N/A,N/A,N/A,N/A,N/A,N/A,N/A,N/A,N/A,N/A,N/A,N/A,N/A,N/A,N/A,N/A,N/A,N/A,N/A,N/A,N/A,N/A,N/A
US.NVDA260828P260000,NVDA 260828 260.00P,2026-08-07 09:43:07,38.45,38.45,38.45,38.45,41.3603,15.0,57675.0,0.0,False,N/A,100,0.05,US.NVDA,37.15,35.85,5.0,5.0,,,,,,,,0.0,38.45,0.0,0.0,0.0,0.0,0.0,0.0,0.0,0,0.0,NORMAL,False,,,,,,,,,,,,,,,,,False,,N/A,,,,,,,,,,,,,,,,,,,N/A,,True,PUT,2026-08-28,260.0,100.0,31,44.777,1.076,-0.925907194,0.007235832,0.070432685,-0.066813586,-0.07069081,N/A,19,N/A,N/A,AMERICAN,100.0,N/A,False,,,,False,,,,False,,,,,,False,,,,,,N/A,N/A,N/A,N/A,N/A,N/A,N/A,N/A,N/A,N/A,N/A,N/A,N/A,N/A,N/A,N/A,N/A,N/A,N/A,N/A,N/A,N/A,N/A
US.NVDA260828C265000,NVDA 260828 265.00C,2026-08-07 15:57:57,0.49,0.53,0.58,0.43,0.505,525.0,27900.0,0.0,False,N/A,100,0.01,US.NVDA,0.54,0.5,105.0,52.0,,,,,,,,29.703,0.53142857142,-33.758,0.0,0.0,0.0,0.0,0.0,0.0,0,0.0,NORMAL,False,,,,,,,,,,,,,,,,,False,,N/A,,,,,,,,,,,,,,,,,,,N/A,,True,CALL,2026-08-28,265.0,100.0,801,44.278,18.543,0.055921959,0.004966406,0.057765691,-0.066529887,0.006287349,N/A,19,N/A,N/A,AMERICAN,100.0,N/A,False,,,,False,,,,False,,,,,,False,,,,,,N/A,N/A,N/A,N/A,N/A,N/A,N/A,N/A,N/A,N/A,N/A,N/A,N/A,N/A,N/A,N/A,N/A,N/A,N/A,N/A,N/A,N/A,N/A
US.NVDA260828P265000,NVDA 260828 265.00P,2026-08-07 09:30:00,46.2181,0.0,0.0,0.0,46.2181,0.0,0.0,0.0,False,N/A,100,0.05,US.NVDA,41.9,40.7,5.0,5.0,,,,,,,,0.0,0.0,0.0,0.0,0.0,0.0,0.0,0.0,0.0,0,0.0,NORMAL,False,,,,,,,,,,,,,,,,,False,,N/A,,,,,,,,,,,,,,,,,,,N/A,,True,PUT,2026-08-28,265.0,100.0,15,45.744,2.312,-0.948538388,0.00592031,0.052384927,-0.04855121,-0.061761529,N/A,19,N/A,N/A,AMERICAN,100.0,N/A,False,,,,False,,,,False,,,,,,False,,,,,,N/A,N/A,N/A,N/A,N/A,N/A,N/A,N/A,N/A,N/A,N/A,N/A,N/A,N/A,N/A,N/A,N/A,N/A,N/A,N/A,N/A,N/A,N/A
US.NVDA260828C270000,NVDA 260828 270.00C,2026-08-07 15:59:21,0.37,0.44,0.44,0.31,0.385,103.0,3850.0,0.0,False,N/A,100,0.01,US.NVDA,0.4,0.33,35.0,128.0,,,,,,,,33.766,0.37378640776,57.055,0.0,0.0,0.0,0.0,0.0,0.0,0,0.0,NORMAL,False,,,,,,,,,,,,,,,,,False,,N/A,,,,,,,,,,,,,,,,,,,N/A,,True,CALL,2026-08-28,270.0,100.0,890,45.008,20.722,0.040582349,0.003779567,0.044692177,-0.051867787,0.004569188,N/A,19,N/A,N/A,AMERICAN,100.0,N/A,False,,,,False,,,,False,,,,,,False,,,,,,N/A,N/A,N/A,N/A,N/A,N/A,N/A,N/A,N/A,N/A,N/A,N/A,N/A,N/A,N/A,N/A,N/A,N/A,N/A,N/A,N/A,N/A,N/A
US.NVDA260828P270000,NVDA 260828 270.00P,2026-08-07 09:30:00,51.1264,0.0,0.0,0.0,51.1264,0.0,0.0,0.0,False,N/A,100,0.05,US.NVDA,47.35,45.1,1.0,2.0,,,,,,,,0.0,0.0,33.333,0.0,0.0,0.0,0.0,0.0,0.0,0,0.0,NORMAL,False,,,,,,,,,,,,,,,,,False,,N/A,,,,,,,,,,,,,,,,,,,N/A,,True,PUT,2026-08-28,270.0,100.0,0,48.111,2.27,-0.959530497,0.005026221,0.042825113,-0.040692131,-0.056322243,N/A,19,N/A,N/A,AMERICAN,100.0,N/A,False,,,,False,,,,False,,,,,,False,,,,,,N/A,N/A,N/A,N/A,N/A,N/A,N/A,N/A,N/A,N/A,N/A,N/A,N/A,N/A,N/A,N/A,N/A,N/A,N/A,N/A,N/A,N/A,N/A
US.NVDA260828C275000,NVDA 260828 275.00C,2026-08-07 15:52:50,0.27,0.35,0.35,0.26,0.3059,261.0,7417.0,0.0,False,N/A,100,0.01,US.NVDA,0.29,0.26,1.0,169.0,,,,,,,,29.421,0.28417624521,98.824,0.0,0.0,0.0,0.0,0.0,0.0,0,0.0,NORMAL,False,,,,,,,,,,,,,,,,,False,,N/A,,,,,,,,,,,,,,,,,,,N/A,,True,CALL,2026-08-28,275.0,100.0,1618,46.261,22.91,0.030934471,0.002943475,0.035779209,-0.042355947,0.003484623,N/A,19,N/A,N/A,AMERICAN,100.0,N/A,False,,,,False,,,,False,,,,,,False,,,,,,N/A,N/A,N/A,N/A,N/A,N/A,N/A,N/A,N/A,N/A,N/A,N/A,N/A,N/A,N/A,N/A,N/A,N/A,N/A,N/A,N/A,N/A,N/A
US.NVDA260828P275000,NVDA 260828 275.00P,2026-08-07 09:30:00,56.0729,0.0,0.0,0.0,56.0729,0.0,0.0,0.0,False,N/A,100,0.05,US.NVDA,54.7,48.45,1.0,1.0,,,,,,,,0.0,0.0,0.0,0.0,0.0,0.0,0.0,0.0,0.0,0,0.0,NORMAL,False,,,,,,,,,,,,,,,,,False,,N/A,,,,,,,,,,,,,,,,,,,N/A,,True,PUT,2026-08-28,275.0,100.0,0,58.477,2.246,-0.933962056,0.004997082,0.064668655,-0.081481664,-0.07632367,N/A,19,N/A,N/A,AMERICAN,100.0,N/A,False,,,,False,,,,False,,,,,,False,,,,,,N/A,N/A,N/A,N/A,N/A,N/A,N/A,N/A,N/A,N/A,N/A,N/A,N/A,N/A,N/A,N/A,N/A,N/A,N/A,N/A,N/A,N/A,N/A
US.NVDA260828C280000,NVDA 260828 280.00C,2026-08-07 15:58:11,0.22,0.32,0.32,0.18,0.2537,475.0,9356.0,0.0,False,N/A,100,0.01,US.NVDA,0.26,0.19,174.0,121.0,,,,,,,,55.183,0.19696842105,-17.966,0.0,0.0,0.0,0.0,0.0,0.0,0,0.0,NORMAL,False,,,,,,,,,,,,,,,,,False,,N/A,,,,,,,,,,,,,,,,,,,N/A,,True,CALL,2026-08-28,280.0,100.0,904,48.031,25.12,0.025092567,0.002381429,0.03005797,-0.036719136,0.002825547,N/A,19,N/A,N/A,AMERICAN,100.0,N/A,False,,,,False,,,,False,,,,,,False,,,,,,N/A,N/A,N/A,N/A,N/A,N/A,N/A,N/A,N/A,N/A,N/A,N/A,N/A,N/A,N/A,N/A,N/A,N/A,N/A,N/A,N/A,N/A,N/A
US.NVDA260828P280000,NVDA 260828 280.00P,2026-08-07 09:30:00,61.0435,0.0,0.0,0.0,61.0435,0.0,0.0,0.0,False,N/A,100,0.05,US.NVDA,60.55,53.35,1.0,1.0,,,,,,,,0.0,0.0,0.0,0.0,0.0,0.0,0.0,0.0,0.0,0,0.0,NORMAL,False,,,,,,,,,,,,,,,,,False,,N/A,,,,,,,,,,,,,,,,,,,N/A,,True,PUT,2026-08-28,280.0,100.0,1,67.767,2.233,-0.916663273,0.004849238,0.077780737,-0.118317328,-0.086292938,N/A,19,N/A,N/A,AMERICAN,100.0,N/A,False,,,,False,,,,False,,,,,,False,,,,,,N/A,N/A,N/A,N/A,N/A,N/A,N/A,N/A,N/A,N/A,N/A,N/A,N/A,N/A,N/A,N/A,N/A,N/A,N/A,N/A,N/A,N/A,N/A
US.NVDA260828C285000,NVDA 260828 285.00C,2026-08-07 15:48:13,0.19,0.2,0.22,0.16,0.2014,25.0,475.0,0.0,False,N/A,100,0.01,US.NVDA,0.22,0.15,139.0,140.0,,,,,,,,29.791,0.19,0.358,0.0,0.0,0.0,0.0,0.0,0.0,0,0.0,NORMAL,False,,,,,,,,,,,,,,,,,False,,N/A,,,,,,,,,,,,,,,,,,,N/A,,True,CALL,2026-08-28,285.0,100.0,595,49.709,27.339,0.020473509,0.001938436,0.025324395,-0.031830466,0.002304676,N/A,19,N/A,N/A,AMERICAN,100.0,N/A,False,,,,False,,,,False,,,,,,False,,,,,,N/A,N/A,N/A,N/A,N/A,N/A,N/A,N/A,N/A,N/A,N/A,N/A,N/A,N/A,N/A,N/A,N/A,N/A,N/A,N/A,N/A,N/A,N/A
US.NVDA260828P285000,NVDA 260828 285.00P,2026-08-07 09:30:00,66.0208,0.0,0.0,0.0,66.0208,0.0,0.0,0.0,False,N/A,100,0.05,US.NVDA,65.65,58.4,1.0,1.0,,,,,,,,0.0,0.0,0.0,0.0,0.0,0.0,0.0,0.0,0.0,0,0.0,NORMAL,False,,,,,,,,,,,,,,,,,False,,N/A,,,,,,,,,,,,,,,,,,,N/A,,True,PUT,2026-08-28,285.0,100.0,0,72.76,2.223,-0.916740894,0.004487643,0.077790766,-0.127799056,-0.088785244,N/A,19,N/A,N/A,AMERICAN,100.0,N/A,False,,,,False,,,,False,,,,,,False,,,,,,N/A,N/A,N/A,N/A,N/A,N/A,N/A,N/A,N/A,N/A,N/A,N/A,N/A,N/A,N/A,N/A,N/A,N/A,N/A,N/A,N/A,N/A,N/A
US.NVDA260828C290000,NVDA 260828 290.00C,2026-08-07 12:05:12,0.18,0.19,0.19,0.15,0.165,12.0,208.0,0.0,False,N/A,100,0.01,US.NVDA,0.18,0.12,35.0,101.0,,,,,,,,24.242,0.17333333332999998,48.529,0.0,0.0,0.0,0.0,0.0,0.0,0,0.0,NORMAL,False,,,,,,,,,,,,,,,,,False,,N/A,,,,,,,,,,,,,,,,,,,N/A,,True,CALL,2026-08-28,290.0,100.0,230,51.174,29.567,0.016554689,0.001571273,0.021135196,-0.027184654,0.001863324,N/A,19,N/A,N/A,AMERICAN,100.0,N/A,False,,,,False,,,,False,,,,,,False,,,,,,N/A,N/A,N/A,N/A,N/A,N/A,N/A,N/A,N/A,N/A,N/A,N/A,N/A,N/A,N/A,N/A,N/A,N/A,N/A,N/A,N/A,N/A,N/A
US.NVDA260828P290000,NVDA 260828 290.00P,2026-08-07 09:30:00,71.01,0.0,0.0,0.0,71.01,0.0,0.0,0.0,False,N/A,100,0.05,US.NVDA,70.65,63.4,1.0,1.0,,,,,,,,0.0,0.0,0.0,0.0,0.0,0.0,0.0,0.0,0.0,0,0.0,NORMAL,False,,,,,,,,,,,,,,,,,False,,N/A,,,,,,,,,,,,,,,,,,,N/A,,True,PUT,2026-08-28,290.0,100.0,0,76.684,2.219,-0.919980679,0.004139186,0.075498283,-0.130722567,-0.090022722,N/A,19,N/A,N/A,AMERICAN,100.0,N/A,False,,,,False,,,,False,,,,,,False,,,,,,N/A,N/A,N/A,N/A,N/A,N/A,N/A,N/A,N/A,N/A,N/A,N/A,N/A,N/A,N/A,N/A,N/A,N/A,N/A,N/A,N/A,N/A,N/A
US.NVDA260828C295000,NVDA 260828 295.00C,2026-08-07 15:30:39,0.16,0.16,0.17,0.15,0.1362,42.0,671.0,0.0,False,N/A,100,0.01,US.NVDA,0.16,0.1,89.0,81.0,,,,,,,,14.684,0.15976190476,-4.706,0.0,0.0,0.0,0.0,0.0,0.0,0,0.0,NORMAL,False,,,,,,,,,,,,,,,,,False,,N/A,,,,,,,,,,,,,,,,,,,N/A,,True,CALL,2026-08-28,295.0,100.0,896,53.007,31.791,0.014122309,0.001323417,0.018440342,-0.024453992,0.001588478,N/A,19,N/A,N/A,AMERICAN,100.0,N/A,False,,,,False,,,,False,,,,,,False,,,,,,N/A,N/A,N/A,N/A,N/A,N/A,N/A,N/A,N/A,N/A,N/A,N/A,N/A,N/A,N/A,N/A,N/A,N/A,N/A,N/A,N/A,N/A,N/A
US.NVDA260828P295000,NVDA 260828 295.00P,2026-08-07 09:30:00,76.01,0.0,0.0,0.0,76.01,0.0,0.0,0.0,False,N/A,100,0.05,US.NVDA,74.7,68.4,1.0,1.0,,,,,,,,0.0,0.0,0.0,0.0,0.0,0.0,0.0,0.0,0.0,0,0.0,NORMAL,False,,,,,,,,,,,,,,,,,False,,N/A,,,,,,,,,,,,,,,,,,,N/A,,True,PUT,2026-08-28,295.0,100.0,0,73.131,2.219,-0.946081651,0.003465677,0.055141802,-0.086732608,-0.079168415,N/A,19,N/A,N/A,AMERICAN,100.0,N/A,False,,,,False,,,,False,,,,,,False,,,,,,N/A,N/A,N/A,N/A,N/A,N/A,N/A,N/A,N/A,N/A,N/A,N/A,N/A,N/A,N/A,N/A,N/A,N/A,N/A,N/A,N/A,N/A,N/A
US.NVDA260828C300000,NVDA 260828 300.00C,2026-08-07 15:56:04,0.12,0.18,0.18,0.09,0.1237,221.0,3011.0,0.0,False,N/A,100,0.01,US.NVDA,0.13,0.11,53.0,100.0,,,,,,,,72.757,0.13624434388999998,30.719,0.0,0.0,0.0,0.0,0.0,0.0,0,0.0,NORMAL,False,,,,,,,,,,,,,,,,,False,,N/A,,,,,,,,,,,,,,,,,,,N/A,,True,CALL,2026-08-28,300.0,100.0,1962,55.183,34.006,0.012690081,0.001159101,0.016814318,-0.023135687,0.001425712,N/A,19,N/A,N/A,AMERICAN,100.0,N/A,False,,,,False,,,,False,,,,,,False,,,,,,N/A,N/A,N/A,N/A,N/A,N/A,N/A,N/A,N/A,N/A,N/A,N/A,N/A,N/A,N/A,N/A,N/A,N/A,N/A,N/A,N/A,N/A,N/A
US.NVDA260828P300000,NVDA 260828 300.00P,2026-08-07 09:30:00,81.01,0.0,0.0,0.0,81.01,0.0,0.0,0.0,False,N/A,100,0.05,US.NVDA,79.65,73.4,1.0,1.0,,,,,,,,0.0,0.0,0.0,0.0,0.0,0.0,0.0,0.0,0.0,0,0.0,NORMAL,False,,,,,,,,,,,,,,,,,False,,N/A,,,,,,,,,,,,,,,,,,,N/A,,True,PUT,2026-08-28,300.0,100.0,0,76.168,2.219,-0.949359296,0.003198063,0.052421181,-0.085559523,-0.07903642,N/A,19,N/A,N/A,AMERICAN,100.0,N/A,False,,,,False,,,,False,,,,,,False,,,,,,N/A,N/A,N/A,N/A,N/A,N/A,N/A,N/A,N/A,N/A,N/A,N/A,N/A,N/A,N/A,N/A,N/A,N/A,N/A,N/A,N/A,N/A,N/A
US.NVDA260828C305000,NVDA 260828 305.00C,2026-08-07 14:40:23,0.11,0.11,0.11,0.11,0.1112,4.0,44.0,0.0,False,N/A,100,0.01,US.NVDA,0.14,0.06,115.0,112.0,,,,,,,,0.0,0.11,-1.322,0.0,0.0,0.0,0.0,0.0,0.0,0,0.0,NORMAL,False,,,,,,,,,,,,,,,,,False,,N/A,,,,,,,,,,,,,,,,,,,N/A,,True,CALL,2026-08-28,305.0,100.0,44,56.539,36.234,0.010538119,0.000962717,0.014310303,-0.020070514,0.001183759,N/A,19,N/A,N/A,AMERICAN,100.0,N/A,False,,,,False,,,,False,,,,,,False,,,,,,N/A,N/A,N/A,N/A,N/A,N/A,N/A,N/A,N/A,N/A,N/A,N/A,N/A,N/A,N/A,N/A,N/A,N/A,N/A,N/A,N/A,N/A,N/A
US.NVDA260828P305000,NVDA 260828 305.00P,2026-08-07 09:30:00,86.01,0.0,0.0,0.0,86.01,0.0,0.0,0.0,False,N/A,100,0.05,US.NVDA,84.65,78.1,1.0,1.0,,,,,,,,0.0,0.0,0.0,0.0,0.0,0.0,0.0,0.0,0.0,0,0.0,NORMAL,False,,,,,,,,,,,,,,,,,False,,N/A,,,,,,,,,,,,,,,,,,,N/A,,True,PUT,2026-08-28,305.0,100.0,0,76.396,2.219,-0.959848197,0.002829219,0.043202123,-0.068747726,-0.072236317,N/A,19,N/A,N/A,AMERICAN,100.0,N/A,False,,,,False,,,,False,,,,,,False,,,,,,N/A,N/A,N/A,N/A,N/A,N/A,N/A,N/A,N/A,N/A,N/A,N/A,N/A,N/A,N/A,N/A,N/A,N/A,N/A,N/A,N/A,N/A,N/A
US.NVDA260828C310000,NVDA 260828 310.00C,2026-08-07 15:54:06,0.1,0.1,0.1,0.1,0.0988,4.0,40.0,0.0,False,N/A,100,0.01,US.NVDA,0.11,0.05,154.0,129.0,,,,,,,,0.0,0.1,-8.834,0.0,0.0,0.0,0.0,0.0,0.0,0,0.0,NORMAL,False,,,,,,,,,,,,,,,,,False,,N/A,,,,,,,,,,,,,,,,,,,N/A,,True,CALL,2026-08-28,310.0,100.0,104,57.539,38.462,0.008476498,0.000781991,0.011831288,-0.016788069,0.000952404,N/A,19,N/A,N/A,AMERICAN,100.0,N/A,False,,,,False,,,,False,,,,,,False,,,,,,N/A,N/A,N/A,N/A,N/A,N/A,N/A,N/A,N/A,N/A,N/A,N/A,N/A,N/A,N/A,N/A,N/A,N/A,N/A,N/A,N/A,N/A,N/A
US.NVDA260828P310000,NVDA 260828 310.00P,2026-08-07 09:30:00,91.01,0.0,0.0,0.0,91.01,0.0,0.0,0.0,False,N/A,100,0.05,US.NVDA,89.65,83.35,1.0,1.0,,,,,,,,0.0,0.0,0.0,0.0,0.0,0.0,0.0,0.0,0.0,0,0.0,NORMAL,False,,,,,,,,,,,,,,,,,False,,N/A,,,,,,,,,,,,,,,,,,,N/A,,True,PUT,2026-08-28,310.0,100.0,0,82.396,2.219,-0.95383225,0.002782798,0.04864038,-0.085534318,-0.079592961,N/A,19,N/A,N/A,AMERICAN,100.0,N/A,False,,,,False,,,,False,,,,,,False,,,,,,N/A,N/A,N/A,N/A,N/A,N/A,N/A,N/A,N/A,N/A,N/A,N/A,N/A,N/A,N/A,N/A,N/A,N/A,N/A,N/A,N/A,N/A,N/A
US.NVDA260828C315000,NVDA 260828 315.00C,2026-08-07 15:40:56,0.06,0.14,0.14,0.06,0.0864,24.0,158.0,0.0,False,N/A,100,0.01,US.NVDA,0.12,0.04,206.0,164.0,,,,,,,,92.593,0.06583333333,-11.351,0.0,0.0,0.0,0.0,0.0,0.0,0,0.0,NORMAL,False,,,,,,,,,,,,,,,,,False,,N/A,,,,,,,,,,,,,,,,,,,N/A,,True,CALL,2026-08-28,315.0,100.0,13,59.993,40.676,0.008172962,0.00072637,0.011457986,-0.016926983,0.000916798,N/A,19,N/A,N/A,AMERICAN,100.0,N/A,False,,,,False,,,,False,,,,,,False,,,,,,N/A,N/A,N/A,N/A,N/A,N/A,N/A,N/A,N/A,N/A,N/A,N/A,N/A,N/A,N/A,N/A,N/A,N/A,N/A,N/A,N/A,N/A,N/A
US.NVDA260828P315000,NVDA 260828 315.00P,2026-08-07 09:30:00,96.01,0.0,0.0,0.0,96.01,0.0,0.0,0.0,False,N/A,100,0.05,US.NVDA,95.35,88.3,1.0,1.0,,,,,,,,0.0,0.0,0.0,0.0,0.0,0.0,0.0,0.0,0.0,0,0.0,NORMAL,False,,,,,,,,,,,,,,,,,False,,N/A,,,,,,,,,,,,,,,,,,,N/A,,True,PUT,2026-08-28,315.0,100.0,0,91.642,2.219,-0.939791258,0.002873505,0.060497437,-0.123058804,-0.091432109,N/A,19,N/A,N/A,AMERICAN,100.0,N/A,False,,,,False,,,,False,,,,,,False,,,,,,N/A,N/A,N/A,N/A,N/A,N/A,N/A,N/A,N/A,N/A,N/A,N/A,N/A,N/A,N/A,N/A,N/A,N/A,N/A,N/A,N/A,N/A,N/A
US.NVDA260828C320000,NVDA 260828 320.00C,2026-08-07 14:31:25,0.04,0.08,0.08,0.04,0.075,151.0,1134.0,0.0,False,N/A,100,0.01,US.NVDA,0.08,0.04,31.0,127.0,,,,,,,,53.333,0.07509933774000001,60.759,0.0,0.0,0.0,0.0,0.0,0.0,0,0.0,NORMAL,False,,,,,,,,,,,,,,,,,False,,N/A,,,,,,,,,,,,,,,,,,,N/A,,True,CALL,2026-08-28,320.0,100.0,125,60.405,42.9,0.006249747,0.000569386,0.009045129,-0.013359477,0.000701678,N/A,19,N/A,N/A,AMERICAN,100.0,N/A,False,,,,False,,,,False,,,,,,False,,,,,,N/A,N/A,N/A,N/A,N/A,N/A,N/A,N/A,N/A,N/A,N/A,N/A,N/A,N/A,N/A,N/A,N/A,N/A,N/A,N/A,N/A,N/A,N/A
US.NVDA260828P320000,NVDA 260828 320.00P,2026-08-07 09:30:00,101.01,0.0,0.0,0.0,101.01,0.0,0.0,0.0,False,N/A,100,0.05,US.NVDA,100.65,93.3,1.0,1.0,,,,,,,,0.0,0.0,0.0,0.0,0.0,0.0,0.0,0.0,0.0,0,0.0,NORMAL,False,,,,,,,,,,,,,,,,,False,,N/A,,,,,,,,,,,,,,,,,,,N/A,,True,PUT,2026-08-28,320.0,100.0,0,97.367,2.219,-0.935295756,0.002811559,0.064111591,-0.140227344,-0.095901277,N/A,19,N/A,N/A,AMERICAN,100.0,N/A,False,,,,False,,,,False,,,,,,False,,,,,,N/A,N/A,N/A,N/A,N/A,N/A,N/A,N/A,N/A,N/A,N/A,N/A,N/A,N/A,N/A,N/A,N/A,N/A,N/A,N/A,N/A,N/A,N/A
US.NVDA260828C325000,NVDA 260828 325.00C,2026-08-07 13:05:08,0.06,0.05,0.06,0.05,0.065,5.0,29.0,0.0,False,N/A,100,0.01,US.NVDA,0.09,0.03,141.0,114.0,,,,,,,,15.385,0.057999999999999996,-10.588,0.0,0.0,0.0,0.0,0.0,0.0,0,0.0,NORMAL,False,,,,,,,,,,,,,,,,,False,,N/A,,,,,,,,,,,,,,,,,,,N/A,,True,CALL,2026-08-28,325.0,100.0,128,62.698,45.141,0.006048879,0.000532916,0.008786708,-0.013453181,0.000678115,N/A,19,N/A,N/A,AMERICAN,100.0,N/A,False,,,,False,,,,False,,,,,,False,,,,,,N/A,N/A,N/A,N/A,N/A,N/A,N/A,N/A,N/A,N/A,N/A,N/A,N/A,N/A,N/A,N/A,N/A,N/A,N/A,N/A,N/A,N/A,N/A
US.NVDA260828P325000,NVDA 260828 325.00P,2026-08-07 09:30:00,106.01,0.0,0.0,0.0,106.01,0.0,0.0,0.0,False,N/A,100,0.05,US.NVDA,104.65,98.35,1.0,2.0,,,,,,,,0.0,0.0,33.333,0.0,0.0,0.0,0.0,0.0,0.0,0,0.0,NORMAL,False,,,,,,,,,,,,,,,,,False,,N/A,,,,,,,,,,,,,,,,,,,N/A,,True,PUT,2026-08-28,325.0,100.0,0,91.898,2.219,-0.957415155,0.002355589,0.04556943,-0.089328288,-0.081940176,N/A,19,N/A,N/A,AMERICAN,100.0,N/A,False,,,,False,,,,False,,,,,,False,,,,,,N/A,N/A,N/A,N/A,N/A,N/A,N/A,N/A,N/A,N/A,N/A,N/A,N/A,N/A,N/A,N/A,N/A,N/A,N/A,N/A,N/A,N/A,N/A
US.NVDA260828C330000,NVDA 260828 330.00C,2026-08-07 14:31:31,0.03,0.06,0.07,0.03,0.056,25.0,167.0,0.0,False,N/A,100,0.01,US.NVDA,0.09,0.02,171.0,141.0,,,,,,,,71.429,0.0668,-9.615,0.0,0.0,0.0,0.0,0.0,0.0,0,0.0,NORMAL,False,,,,,,,,,,,,,,,,,False,,N/A,,,,,,,,,,,,,,,,,,,N/A,,True,CALL,2026-08-28,330.0,100.0,135,64.34,47.361,0.005460639,0.000474238,0.008024288,-0.012570513,0.000611732,N/A,19,N/A,N/A,AMERICAN,100.0,N/A,False,,,,False,,,,False,,,,,,False,,,,,,N/A,N/A,N/A,N/A,N/A,N/A,N/A,N/A,N/A,N/A,N/A,N/A,N/A,N/A,N/A,N/A,N/A,N/A,N/A,N/A,N/A,N/A,N/A
US.NVDA260828P330000,NVDA 260828 330.00P,2026-08-07 09:30:00,111.01,0.0,0.0,0.0,111.01,0.0,0.0,0.0,False,N/A,100,0.05,US.NVDA,109.65,103.35,1.0,1.0,,,,,,,,0.0,0.0,0.0,0.0,0.0,0.0,0.0,0.0,0.0,0,0.0,NORMAL,False,,,,,,,,,,,,,,,,,False,,N/A,,,,,,,,,,,,,,,,,,,N/A,,True,PUT,2026-08-28,330.0,100.0,1,94.93,2.219,-0.958412449,0.002242626,0.044701299,-0.090493371,-0.082704565,N/A,19,N/A,N/A,AMERICAN,100.0,N/A,False,,,,False,,,,False,,,,,,False,,,,,,N/A,N/A,N/A,N/A,N/A,N/A,N/A,N/A,N/A,N/A,N/A,N/A,N/A,N/A,N/A,N/A,N/A,N/A,N/A,N/A,N/A,N/A,N/A
US.NVDA260828C335000,NVDA 260828 335.00C,2026-08-07 09:42:08,0.04,0.04,0.04,0.04,0.0476,1.0,4.0,0.0,False,N/A,100,0.01,US.NVDA,0.08,0.01,217.0,140.0,,,,,,,,0.0,0.04,-21.569,0.0,0.0,0.0,0.0,0.0,0.0,0,0.0,NORMAL,False,,,,,,,,,,,,,,,,,False,,N/A,,,,,,,,,,,,,,,,,,,N/A,,True,CALL,2026-08-28,335.0,100.0,11,65.149,49.598,0.004492948,0.000393637,0.006745199,-0.01064419,0.000503459,N/A,19,N/A,N/A,AMERICAN,100.0,N/A,False,,,,False,,,,False,,,,,,False,,,,,,N/A,N/A,N/A,N/A,N/A,N/A,N/A,N/A,N/A,N/A,N/A,N/A,N/A,N/A,N/A,N/A,N/A,N/A,N/A,N/A,N/A,N/A,N/A
US.NVDA260828P335000,NVDA 260828 335.00P,2026-08-07 09:30:00,116.01,0.0,0.0,0.0,116.01,0.0,0.0,0.0,False,N/A,100,0.05,US.NVDA,114.65,108.3,1.0,1.0,,,,,,,,0.0,0.0,0.0,0.0,0.0,0.0,0.0,0.0,0.0,0,0.0,NORMAL,False,,,,,,,,,,,,,,,,,False,,N/A,,,,,,,,,,,,,,,,,,,N/A,,True,PUT,2026-08-28,335.0,100.0,0,97.323,2.219,-0.960560021,0.002120884,0.042774882,-0.088379463,-0.08219103,N/A,19,N/A,N/A,AMERICAN,100.0,N/A,False,,,,False,,,,False,,,,,,False,,,,,,N/A,N/A,N/A,N/A,N/A,N/A,N/A,N/A,N/A,N/A,N/A,N/A,N/A,N/A,N/A,N/A,N/A,N/A,N/A,N/A,N/A,N/A,N/A
US.NVDA260828C340000,NVDA 260828 340.00C,2026-08-07 13:09:05,0.07,0.07,0.07,0.07,0.0392,1.0,7.0,0.0,False,N/A,100,0.01,US.NVDA,0.08,0.02,209.0,86.0,,,,,,,,0.0,0.07,-41.695,0.0,0.0,0.0,0.0,0.0,0.0,0,0.0,NORMAL,False,,,,,,,,,,,,,,,,,False,,N/A,,,,,,,,,,,,,,,,,,,N/A,,True,CALL,2026-08-28,340.0,100.0,8,67.99,51.844,0.004767122,0.000397664,0.007110374,-0.011722202,0.000533,N/A,19,N/A,N/A,AMERICAN,100.0,N/A,False,,,,False,,,,False,,,,,,False,,,,,,N/A,N/A,N/A,N/A,N/A,N/A,N/A,N/A,N/A,N/A,N/A,N/A,N/A,N/A,N/A,N/A,N/A,N/A,N/A,N/A,N/A,N/A,N/A
US.NVDA260828P340000,NVDA 260828 340.00P,2026-08-07 09:30:00,121.01,0.0,0.0,0.0,121.01,0.0,0.0,0.0,False,N/A,100,0.05,US.NVDA,120.65,113.1,1.0,1.0,,,,,,,,0.0,0.0,0.0,0.0,0.0,0.0,0.0,0.0,0.0,0,0.0,NORMAL,False,,,,,,,,,,,,,,,,,False,,N/A,,,,,,,,,,,,,,,,,,,N/A,,True,PUT,2026-08-28,340.0,100.0,0,108.304,2.219,-0.944443066,0.002286762,0.056819494,-0.136924282,-0.097635752,N/A,19,N/A,N/A,AMERICAN,100.0,N/A,False,,,,False,,,,False,,,,,,False,,,,,,N/A,N/A,N/A,N/A,N/A,N/A,N/A,N/A,N/A,N/A,N/A,N/A,N/A,N/A,N/A,N/A,N/A,N/A,N/A,N/A,N/A,N/A,N/A
US.NVDA260828C345000,NVDA 260828 345.00C,2026-08-07 09:30:00,0.0308,0.0,0.0,0.0,0.0308,0.0,0.0,0.0,False,N/A,100,0.01,US.NVDA,0.07,0.01,88.0,115.0,,,,,,,,0.0,0.0,13.3,0.0,0.0,0.0,0.0,0.0,0.0,0,0.0,NORMAL,False,,,,,,,,,,,,,,,,,False,,N/A,,,,,,,,,,,,,,,,,,,N/A,,True,CALL,2026-08-28,345.0,100.0,12,68.515,54.058,0.003856854,0.000326522,0.005884215,-0.009721224,0.000431463,N/A,19,N/A,N/A,AMERICAN,100.0,N/A,False,,,,False,,,,False,,,,,,False,,,,,,N/A,N/A,N/A,N/A,N/A,N/A,N/A,N/A,N/A,N/A,N/A,N/A,N/A,N/A,N/A,N/A,N/A,N/A,N/A,N/A,N/A,N/A,N/A
US.NVDA260828P345000,NVDA 260828 345.00P,2026-08-07 09:30:00,126.01,0.0,0.0,0.0,126.01,0.0,0.0,0.0,False,N/A,100,0.05,US.NVDA,125.65,118.35,1.0,1.0,,,,,,,,0.0,0.0,0.0,0.0,0.0,0.0,0.0,0.0,0.0,0,0.0,NORMAL,False,,,,,,,,,,,,,,,,,False,,N/A,,,,,,,,,,,,,,,,,,,N/A,,True,PUT,2026-08-28,345.0,100.0,0,113.44,2.219,-0.941002033,0.002257461,0.059657164,-0.15196837,-0.101635715,N/A,19,N/A,N/A,AMERICAN,100.0,N/A,False,,,,False,,,,False,,,,,,False,,,,,,N/A,N/A,N/A,N/A,N/A,N/A,N/A,N/A,N/A,N/A,N/A,N/A,N/A,N/A,N/A,N/A,N/A,N/A,N/A,N/A,N/A,N/A,N/A
US.NVDA260828C350000,NVDA 260828 350.00C,2026-08-07 12:27:26,0.04,0.05,0.05,0.04,0.0228,11.0,52.0,0.0,False,N/A,100,0.01,US.NVDA,0.05,0.01,11.0,63.0,,,,,,,,43.86,0.04727272727,70.27,0.0,0.0,0.0,0.0,0.0,0.0,0,0.0,NORMAL,False,,,,,,,,,,,,,,,,,False,,N/A,,,,,,,,,,,,,,,,,,,N/A,,True,CALL,2026-08-28,350.0,100.0,42,68.594,56.295,0.002955034,0.000256713,0.004632568,-0.007609412,0.000330916,N/A,19,N/A,N/A,AMERICAN,100.0,N/A,False,,,,False,,,,False,,,,,,False,,,,,,N/A,N/A,N/A,N/A,N/A,N/A,N/A,N/A,N/A,N/A,N/A,N/A,N/A,N/A,N/A,N/A,N/A,N/A,N/A,N/A,N/A,N/A,N/A
US.NVDA260828P350000,NVDA 260828 350.00P,2026-08-07 09:30:00,131.01,0.0,0.0,0.0,131.01,0.0,0.0,0.0,False,N/A,100,0.05,US.NVDA,128.55,123.65,1.0,1.0,,,,,,,,0.0,0.0,0.0,0.0,0.0,0.0,0.0,0.0,0.0,0,0.0,NORMAL,False,,,,,,,,,,,,,,,,,False,,N/A,,,,,,,,,,,,,,,,,,,N/A,,True,PUT,2026-08-28,350.0,100.0,0,92.754,2.219,-0.986976454,0.001499639,0.015970392,-0.026687508,-0.042274666,N/A,19,N/A,N/A,AMERICAN,100.0,N/A,False,,,,False,,,,False,,,,,,False,,,,,,N/A,N/A,N/A,N/A,N/A,N/A,N/A,N/A,N/A,N/A,N/A,N/A,N/A,N/A,N/A,N/A,N/A,N/A,N/A,N/A,N/A,N/A,N/A
US.NVDA260828C360000,NVDA 260828 360.00C,2026-08-07 09:30:00,0.0124,0.0,0.0,0.0,0.0124,0.0,0.0,0.0,False,N/A,100,0.01,US.NVDA,0.06,0.01,52.0,13.0,,,,,,,,0.0,0.0,-60.0,0.0,0.0,0.0,0.0,0.0,0.0,0,0.0,NORMAL,False,,,,,,,,,,,,,,,,,False,,N/A,,,,,,,,,,,,,,,,,,,N/A,,True,CALL,2026-08-28,360.0,100.0,1,73.492,60.748,0.003205862,0.000257845,0.00498407,-0.008783533,0.000357719,N/A,19,N/A,N/A,AMERICAN,100.0,N/A,False,,,,False,,,,False,,,,,,False,,,,,,N/A,N/A,N/A,N/A,N/A,N/A,N/A,N/A,N/A,N/A,N/A,N/A,N/A,N/A,N/A,N/A,N/A,N/A,N/A,N/A,N/A,N/A,N/A
US.NVDA260828P360000,NVDA 260828 360.00P,2026-08-07 09:30:00,141.01,0.0,0.0,0.0,141.01,0.0,0.0,0.0,False,N/A,100,0.05,US.NVDA,139.65,133.35,1.0,1.0,,,,,,,,0.0,0.0,0.0,0.0,0.0,0.0,0.0,0.0,0.0,0,0.0,NORMAL,False,,,,,,,,,,,,,,,,,False,,N/A,,,,,,,,,,,,,,,,,,,N/A,,True,PUT,2026-08-28,360.0,100.0,0,111.915,2.219,-0.963021905,0.001754531,0.040607733,-0.096696811,-0.087135073,N/A,19,N/A,N/A,AMERICAN,100.0,N/A,False,,,,False,,,,False,,,,,,False,,,,,,N/A,N/A,N/A,N/A,N/A,N/A,N/A,N/A,N/A,N/A,N/A,N/A,N/A,N/A,N/A,N/A,N/A,N/A,N/A,N/A,N/A,N/A,N/A
US.NVDA260828C370000,NVDA 260828 370.00C,2026-08-07 09:30:00,0.0067,0.0,0.0,0.0,0.0067,0.0,0.0,0.0,False,N/A,100,0.01,US.NVDA,0.05,0.01,42.0,11.0,,,,,,,,0.0,0.0,-58.491,0.0,0.0,0.0,0.0,0.0,0.0,0,0.0,NORMAL,False,,,,,,,,,,,,,,,,,False,,N/A,,,,,,,,,,,,,,,,,,,N/A,,True,CALL,2026-08-28,370.0,100.0,4,76.132,65.21,0.002695076,0.00021286,0.004262514,-0.007744047,0.000300422,N/A,19,N/A,N/A,AMERICAN,100.0,N/A,False,,,,False,,,,False,,,,,,False,,,,,,N/A,N/A,N/A,N/A,N/A,N/A,N/A,N/A,N/A,N/A,N/A,N/A,N/A,N/A,N/A,N/A,N/A,N/A,N/A,N/A,N/A,N/A,N/A
US.NVDA260828P370000,NVDA 260828 370.00P,2026-08-07 09:30:00,151.01,0.0,0.0,0.0,151.01,0.0,0.0,0.0,False,N/A,100,0.05,US.NVDA,149.65,143.4,1.0,1.0,,,,,,,,0.0,0.0,0.0,0.0,0.0,0.0,0.0,0.0,0.0,0,0.0,NORMAL,False,,,,,,,,,,,,,,,,,False,,N/A,,,,,,,,,,,,,,,,,,,N/A,,True,PUT,2026-08-28,370.0,100.0,0,117.796,2.219,-0.963111087,0.0016562,0.040556267,-0.10195437,-0.089885041,N/A,19,N/A,N/A,AMERICAN,100.0,N/A,False,,,,False,,,,False,,,,,,False,,,,,,N/A,N/A,N/A,N/A,N/A,N/A,N/A,N/A,N/A,N/A,N/A,N/A,N/A,N/A,N/A,N/A,N/A,N/A,N/A,N/A,N/A,N/A,N/A
US.NVDA260828C380000,NVDA 260828 380.00C,2026-08-07 09:54:22,0.01,0.01,0.01,0.01,0.0036,1.0,1.0,0.0,False,N/A,100,0.01,US.NVDA,0.05,0.0,12.0,0.0,,,,,,,,0.0,0.01,-100.0,0.0,0.0,0.0,0.0,0.0,0.0,0,0.0,NORMAL,False,,,,,,,,,,,,,,,,,False,,N/A,,,,,,,,,,,,,,,,,,,N/A,,True,CALL,2026-08-28,380.0,100.0,97,72.604,69.677,0.001011922,9.147e-05,0.001748559,-0.002954812,0.000113462,N/A,19,N/A,N/A,AMERICAN,100.0,N/A,False,,,,False,,,,False,,,,,,False,,,,,,N/A,N/A,N/A,N/A,N/A,N/A,N/A,N/A,N/A,N/A,N/A,N/A,N/A,N/A,N/A,N/A,N/A,N/A,N/A,N/A,N/A,N/A,N/A
US.NVDA260828P380000,NVDA 260828 380.00P,2026-08-07 09:30:00,161.01,0.0,0.0,0.0,161.01,0.0,0.0,0.0,False,N/A,100,0.05,US.NVDA,159.65,153.4,1.0,1.0,,,,,,,,0.0,0.0,0.0,0.0,0.0,0.0,0.0,0.0,0.0,0,0.0,NORMAL,False,,,,,,,,,,,,,,,,,False,,N/A,,,,,,,,,,,,,,,,,,,N/A,,True,PUT,2026-08-28,380.0,100.0,0,122.892,2.219,-0.964165625,0.001557501,0.039597753,-0.103752052,-0.091321929,N/A,19,N/A,N/A,AMERICAN,100.0,N/A,False,,,,False,,,,False,,,,,,False,,,,,,N/A,N/A,N/A,N/A,N/A,N/A,N/A,N/A,N/A,N/A,N/A,N/A,N/A,N/A,N/A,N/A,N/A,N/A,N/A,N/A,N/A,N/A,N/A
US.NVDA260828C390000,NVDA 260828 390.00C,2026-08-07 09:30:00,0.0019,0.0,0.0,0.0,0.0019,0.0,0.0,0.0,False,N/A,100,0.01,US.NVDA,0.05,0.0,14.0,0.0,,,,,,,,0.0,0.0,-100.0,0.0,0.0,0.0,0.0,0.0,0.0,0,0.0,NORMAL,False,,,,,,,,,,,,,,,,,False,,N/A,,,,,,,,,,,,,,,,,,,N/A,,True,CALL,2026-08-28,390.0,100.0,18,67.391,74.138,0.000227197,2.4714e-05,0.000439563,-0.000663228,2.5655e-05,N/A,19,N/A,N/A,AMERICAN,100.0,N/A,False,,,,False,,,,False,,,,,,False,,,,,,N/A,N/A,N/A,N/A,N/A,N/A,N/A,N/A,N/A,N/A,N/A,N/A,N/A,N/A,N/A,N/A,N/A,N/A,N/A,N/A,N/A,N/A,N/A
US.NVDA260828P390000,NVDA 260828 390.00P,2026-08-07 09:30:00,171.01,0.0,0.0,0.0,171.01,0.0,0.0,0.0,False,N/A,100,0.05,US.NVDA,169.65,163.35,1.0,1.0,,,,,,,,0.0,0.0,0.0,0.0,0.0,0.0,0.0,0.0,0.0,0,0.0,NORMAL,False,,,,,,,,,,,,,,,,,False,,N/A,,,,,,,,,,,,,,,,,,,N/A,,True,PUT,2026-08-28,390.0,100.0,0,127.169,2.219,-0.966122065,0.001457785,0.037773339,-0.101919143,-0.091346146,N/A,19,N/A,N/A,AMERICAN,100.0,N/A,False,,,,False,,,,False,,,,,,False,,,,,,N/A,N/A,N/A,N/A,N/A,N/A,N/A,N/A,N/A,N/A,N/A,N/A,N/A,N/A,N/A,N/A,N/A,N/A,N/A,N/A,N/A,N/A,N/A
US.NVDA260828C400000,NVDA 260828 400.00C,2026-08-07 09:30:00,0.001,0.0,0.0,0.0,0.001,0.0,0.0,0.0,False,N/A,100,0.01,US.NVDA,0.05,0.0,14.0,0.0,,,,,,,,0.0,0.0,-100.0,0.0,0.0,0.0,0.0,0.0,0.0,0,0.0,NORMAL,False,,,,,,,,,,,,,,,,,False,,N/A,,,,,,,,,,,,,,,,,,,N/A,,True,CALL,2026-08-28,400.0,100.0,524,67.484,78.603,0.000123582,1.396e-05,0.000248901,-0.000370039,1.3972e-05,N/A,19,N/A,N/A,AMERICAN,100.0,N/A,False,,,,False,,,,False,,,,,,False,,,,,,N/A,N/A,N/A,N/A,N/A,N/A,N/A,N/A,N/A,N/A,N/A,N/A,N/A,N/A,N/A,N/A,N/A,N/A,N/A,N/A,N/A,N/A,N/A
US.NVDA260828P400000,NVDA 260828 400.00P,2026-08-07 09:30:00,181.01,0.0,0.0,0.0,181.01,0.0,0.0,0.0,False,N/A,100,0.05,US.NVDA,179.65,173.4,1.0,1.0,,,,,,,,0.0,0.0,0.0,0.0,0.0,0.0,0.0,0.0,0.0,0,0.0,NORMAL,False,,,,,,,,,,,,,,,,,False,,N/A,,,,,,,,,,,,,,,,,,,N/A,,True,PUT,2026-08-28,400.0,100.0,0,132.599,2.219,-0.965949281,0.001396945,0.037958168,-0.107099124,-0.094131823,N/A,19,N/A,N/A,AMERICAN,100.0,N/A,False,,,,False,,,,False,,,,,,False,,,,,,N/A,N/A,N/A,N/A,N/A,N/A,N/A,N/A,N/A,N/A,N/A,N/A,N/A,N/A,N/A,N/A,N/A,N/A,N/A,N/A,N/A,N/A,N/A
US.NVDA260904C50000,NVDA 260904 50.00C,2026-08-07 09:30:00,169.1135,0.0,0.0,0.0,169.1135,0.0,0.0,0.0,False,N/A,100,0.05,US.NVDA,177.1,169.6,1.0,1.0,,,,,,,,0.0,0.0,0.0,0.0,0.0,0.0,0.0,0.0,0.0,0,0.0,NORMAL,False,,,,,,,,,,,,,,,,,False,,N/A,,,,,,,,,,,,,,,,,,,N/A,,True,CALL,2026-09-04,50.0,100.0,0,0.0,-2.164,0.0,0.0,0.0,0.0,0.0,N/A,26,N/A,N/A,AMERICAN,100.0,N/A,False,,,,False,,,,False,,,,,,False,,,,,,N/A,N/A,N/A,N/A,N/A,N/A,N/A,N/A,N/A,N/A,N/A,N/A,N/A,N/A,N/A,N/A,N/A,N/A,N/A,N/A,N/A,N/A,N/A
US.NVDA260904P50000,NVDA 260904 50.00P,2026-08-07 09:30:00,0.0041,0.0,0.0,0.0,0.0041,0.0,0.0,0.0,False,N/A,100,0.01,US.NVDA,0.08,0.0,18.0,0.0,,,,,,,,0.0,0.0,-100.0,0.0,0.0,0.0,0.0,0.0,0.0,0,0.0,NORMAL,False,,,,,,,,,,,,,,,,,False,,N/A,,,,,,,,,,,,,,,,,,,N/A,,True,PUT,2026-09-04,50.0,100.0,0,165.32,77.676,-0.000149528,5.807e-06,0.000346442,-0.000991883,4.166e-06,N/A,26,N/A,N/A,AMERICAN,100.0,N/A,False,,,,False,,,,False,,,,,,False,,,,,,N/A,N/A,N/A,N/A,N/A,N/A,N/A,N/A,N/A,N/A,N/A,N/A,N/A,N/A,N/A,N/A,N/A,N/A,N/A,N/A,N/A,N/A,N/A
US.NVDA260904C55000,NVDA 260904 55.00C,2026-08-07 09:30:00,164.13,0.0,0.0,0.0,164.13,0.0,0.0,0.0,False,N/A,100,0.05,US.NVDA,172.15,164.65,1.0,2.0,,,,,,,,0.0,0.0,33.333,0.0,0.0,0.0,0.0,0.0,0.0,0,0.0,NORMAL,False,,,,,,,,,,,,,,,,,False,,N/A,,,,,,,,,,,,,,,,,,,N/A,,True,CALL,2026-09-04,55.0,100.0,0,0.0,-2.156,0.0,0.0,0.0,0.0,0.0,N/A,26,N/A,N/A,AMERICAN,100.0,N/A,False,,,,False,,,,False,,,,,,False,,,,,,N/A,N/A,N/A,N/A,N/A,N/A,N/A,N/A,N/A,N/A,N/A,N/A,N/A,N/A,N/A,N/A,N/A,N/A,N/A,N/A,N/A,N/A,N/A
US.NVDA260904P55000,NVDA 260904 55.00P,2026-08-07 09:30:00,0.006,0.0,0.0,0.0,0.006,0.0,0.0,0.0,False,N/A,100,0.01,US.NVDA,0.08,0.0,18.0,0.0,,,,,,,,0.0,0.0,-100.0,0.0,0.0,0.0,0.0,0.0,0.0,0,0.0,NORMAL,False,,,,,,,,,,,,,,,,,False,,N/A,,,,,,,,,,,,,,,,,,,N/A,,True,PUT,2026-09-04,55.0,100.0,0,159.376,75.444,-0.000222737,8.75e-06,0.000502731,-0.001394818,-2.717e-06,N/A,26,N/A,N/A,AMERICAN,100.0,N/A,False,,,,False,,,,False,,,,,,False,,,,,,N/A,N/A,N/A,N/A,N/A,N/A,N/A,N/A,N/A,N/A,N/A,N/A,N/A,N/A,N/A,N/A,N/A,N/A,N/A,N/A,N/A,N/A,N/A
US.NVDA260904C60000,NVDA 260904 60.00C,2026-08-07 09:30:00,159.1472,0.0,0.0,0.0,159.1472,0.0,0.0,0.0,False,N/A,100,0.05,US.NVDA,167.15,159.55,1.0,2.0,,,,,,,,0.0,0.0,33.333,0.0,0.0,0.0,0.0,0.0,0.0,0,0.0,NORMAL,False,,,,,,,,,,,,,,,,,False,,N/A,,,,,,,,,,,,,,,,,,,N/A,,True,CALL,2026-09-04,60.0,100.0,0,0.0,-2.149,0.0,0.0,0.0,0.0,0.0,N/A,26,N/A,N/A,AMERICAN,100.0,N/A,False,,,,False,,,,False,,,,,,False,,,,,,N/A,N/A,N/A,N/A,N/A,N/A,N/A,N/A,N/A,N/A,N/A,N/A,N/A,N/A,N/A,N/A,N/A,N/A,N/A,N/A,N/A,N/A,N/A
US.NVDA260904P60000,NVDA 260904 60.00P,2026-08-07 09:30:00,0.0084,0.0,0.0,0.0,0.0084,0.0,0.0,0.0,False,N/A,100,0.01,US.NVDA,0.08,0.0,16.0,0.0,,,,,,,,0.0,0.0,-100.0,0.0,0.0,0.0,0.0,0.0,0.0,0,0.0,NORMAL,False,,,,,,,,,,,,,,,,,False,,N/A,,,,,,,,,,,,,,,,,,,N/A,,True,PUT,2026-09-04,60.0,100.0,0,153.619,73.213,-0.000317765,1.2647e-05,0.000699912,-0.001880554,-1.2944e-05,N/A,26,N/A,N/A,AMERICAN,100.0,N/A,False,,,,False,,,,False,,,,,,False,,,,,,N/A,N/A,N/A,N/A,N/A,N/A,N/A,N/A,N/A,N/A,N/A,N/A,N/A,N/A,N/A,N/A,N/A,N/A,N/A,N/A,N/A,N/A,N/A
US.NVDA260904C65000,NVDA 260904 65.00C,2026-08-07 09:30:00,154.165,0.0,0.0,0.0,154.165,0.0,0.0,0.0,False,N/A,100,0.05,US.NVDA,162.1,154.65,1.0,1.0,,,,,,,,0.0,0.0,0.0,0.0,0.0,0.0,0.0,0.0,0.0,0,0.0,NORMAL,False,,,,,,,,,,,,,,,,,False,,N/A,,,,,,,,,,,,,,,,,,,N/A,,True,CALL,2026-09-04,65.0,100.0,0,0.0,-2.141,0.0,0.0,0.0,0.0,0.0,N/A,26,N/A,N/A,AMERICAN,100.0,N/A,False,,,,False,,,,False,,,,,,False,,,,,,N/A,N/A,N/A,N/A,N/A,N/A,N/A,N/A,N/A,N/A,N/A,N/A,N/A,N/A,N/A,N/A,N/A,N/A,N/A,N/A,N/A,N/A,N/A
US.NVDA260904P65000,NVDA 260904 65.00P,2026-08-07 09:30:00,0.0116,0.0,0.0,0.0,0.0116,0.0,0.0,0.0,False,N/A,100,0.01,US.NVDA,0.09,0.0,18.0,0.0,,,,,,,,0.0,0.0,-100.0,0.0,0.0,0.0,0.0,0.0,0.0,0,0.0,NORMAL,False,,,,,,,,,,,,,,,,,False,,N/A,,,,,,,,,,,,,,,,,,,N/A,,True,PUT,2026-09-04,65.0,100.0,0,148.303,70.981,-0.000446233,1.7963e-05,0.000959187,-0.002499383,-2.8151e-05,N/A,26,N/A,N/A,AMERICAN,100.0,N/A,False,,,,False,,,,False,,,,,,False,,,,,,N/A,N/A,N/A,N/A,N/A,N/A,N/A,N/A,N/A,N/A,N/A,N/A,N/A,N/A,N/A,N/A,N/A,N/A,N/A,N/A,N/A,N/A,N/A
US.NVDA260904C70000,NVDA 260904 70.00C,2026-08-07 09:30:00,149.1836,0.0,0.0,0.0,149.1836,0.0,0.0,0.0,False,N/A,100,0.05,US.NVDA,157.0,149.6,1.0,2.0,,,,,,,,0.0,0.0,33.333,0.0,0.0,0.0,0.0,0.0,0.0,0,0.0,NORMAL,False,,,,,,,,,,,,,,,,,False,,N/A,,,,,,,,,,,,,,,,,,,N/A,,True,CALL,2026-09-04,70.0,100.0,3,0.0,-2.132,0.0,0.0,0.0,0.0,0.0,N/A,26,N/A,N/A,AMERICAN,100.0,N/A,False,,,,False,,,,False,,,,,,False,,,,,,N/A,N/A,N/A,N/A,N/A,N/A,N/A,N/A,N/A,N/A,N/A,N/A,N/A,N/A,N/A,N/A,N/A,N/A,N/A,N/A,N/A,N/A,N/A
US.NVDA260904P70000,NVDA 260904 70.00P,2026-08-07 09:30:00,0.0156,0.0,0.0,0.0,0.0156,0.0,0.0,0.0,False,N/A,100,0.01,US.NVDA,0.09,0.0,18.0,0.0,,,,,,,,0.0,0.0,-100.0,0.0,0.0,0.0,0.0,0.0,0.0,0,0.0,NORMAL,False,,,,,,,,,,,,,,,,,False,,N/A,,,,,,,,,,,,,,,,,,,N/A,,True,PUT,2026-09-04,70.0,100.0,0,143.183,68.751,-0.000610498,2.4873e-05,0.001281751,-0.003238297,-4.8907e-05,N/A,26,N/A,N/A,AMERICAN,100.0,N/A,False,,,,False,,,,False,,,,,,False,,,,,,N/A,N/A,N/A,N/A,N/A,N/A,N/A,N/A,N/A,N/A,N/A,N/A,N/A,N/A,N/A,N/A,N/A,N/A,N/A,N/A,N/A,N/A,N/A
US.NVDA260904C75000,NVDA 260904 75.00C,2026-08-07 09:30:00,144.203,0.0,0.0,0.0,144.203,0.0,0.0,0.0,False,N/A,100,0.05,US.NVDA,152.1,144.7,1.0,2.0,,,,,,,,0.0,0.0,33.333,0.0,0.0,0.0,0.0,0.0,0.0,0,0.0,NORMAL,False,,,,,,,,,,,,,,,,,False,,N/A,,,,,,,,,,,,,,,,,,,N/A,,True,CALL,2026-09-04,75.0,100.0,0,0.0,-2.124,0.0,0.0,0.0,0.0,0.0,N/A,26,N/A,N/A,AMERICAN,100.0,N/A,False,,,,False,,,,False,,,,,,False,,,,,,N/A,N/A,N/A,N/A,N/A,N/A,N/A,N/A,N/A,N/A,N/A,N/A,N/A,N/A,N/A,N/A,N/A,N/A,N/A,N/A,N/A,N/A,N/A
US.NVDA260904P75000,NVDA 260904 75.00P,2026-08-07 09:30:00,0.0204,0.0,0.0,0.0,0.0204,0.0,0.0,0.0,False,N/A,100,0.01,US.NVDA,0.09,0.0,16.0,0.0,,,,,,,,0.0,0.0,-100.0,0.0,0.0,0.0,0.0,0.0,0.0,0,0.0,NORMAL,False,,,,,,,,,,,,,,,,,False,,N/A,,,,,,,,,,,,,,,,,,,N/A,,True,PUT,2026-09-04,75.0,100.0,29,138.169,66.52,-0.000813277,3.3585e-05,0.001669549,-0.004086118,-7.5738e-05,N/A,26,N/A,N/A,AMERICAN,100.0,N/A,False,,,,False,,,,False,,,,,,False,,,,,,N/A,N/A,N/A,N/A,N/A,N/A,N/A,N/A,N/A,N/A,N/A,N/A,N/A,N/A,N/A,N/A,N/A,N/A,N/A,N/A,N/A,N/A,N/A
US.NVDA260904C80000,NVDA 260904 80.00C,2026-08-07 09:30:00,139.2235,0.0,0.0,0.0,139.2235,0.0,0.0,0.0,False,N/A,100,0.05,US.NVDA,147.1,139.65,1.0,2.0,,,,,,,,0.0,0.0,33.333,0.0,0.0,0.0,0.0,0.0,0.0,0,0.0,NORMAL,False,,,,,,,,,,,,,,,,,False,,N/A,,,,,,,,,,,,,,,,,,,N/A,,True,CALL,2026-09-04,80.0,100.0,0,0.0,-2.115,0.0,0.0,0.0,0.0,0.0,N/A,26,N/A,N/A,AMERICAN,100.0,N/A,False,,,,False,,,,False,,,,,,False,,,,,,N/A,N/A,N/A,N/A,N/A,N/A,N/A,N/A,N/A,N/A,N/A,N/A,N/A,N/A,N/A,N/A,N/A,N/A,N/A,N/A,N/A,N/A,N/A
US.NVDA260904P80000,NVDA 260904 80.00P,2026-08-07 09:30:00,0.0262,0.0,0.0,0.0,0.0262,0.0,0.0,0.0,False,N/A,100,0.01,US.NVDA,0.08,0.0,12.0,0.0,,,,,,,,0.0,0.0,-100.0,0.0,0.0,0.0,0.0,0.0,0.0,0,0.0,NORMAL,False,,,,,,,,,,,,,,,,,False,,N/A,,,,,,,,,,,,,,,,,,,N/A,,True,PUT,2026-09-04,80.0,100.0,0,133.321,64.29,-0.001064476,4.4579e-05,0.002137732,-0.005066747,-0.000110168,N/A,26,N/A,N/A,AMERICAN,100.0,N/A,False,,,,False,,,,False,,,,,,False,,,,,,N/A,N/A,N/A,N/A,N/A,N/A,N/A,N/A,N/A,N/A,N/A,N/A,N/A,N/A,N/A,N/A,N/A,N/A,N/A,N/A,N/A,N/A,N/A
US.NVDA260904C85000,NVDA 260904 85.00C,2026-08-07 09:30:00,134.245,0.0,0.0,0.0,134.245,0.0,0.0,0.0,False,N/A,100,0.05,US.NVDA,142.2,134.65,1.0,2.0,,,,,,,,0.0,0.0,33.333,0.0,0.0,0.0,0.0,0.0,0.0,0,0.0,NORMAL,False,,,,,,,,,,,,,,,,,False,,N/A,,,,,,,,,,,,,,,,,,,N/A,,True,CALL,2026-09-04,85.0,100.0,0,0.0,-2.105,0.0,0.0,0.0,0.0,0.0,N/A,26,N/A,N/A,AMERICAN,100.0,N/A,False,,,,False,,,,False,,,,,,False,,,,,,N/A,N/A,N/A,N/A,N/A,N/A,N/A,N/A,N/A,N/A,N/A,N/A,N/A,N/A,N/A,N/A,N/A,N/A,N/A,N/A,N/A,N/A,N/A
US.NVDA260904P85000,NVDA 260904 85.00P,2026-08-07 09:30:00,0.0331,0.0,0.0,0.0,0.0331,0.0,0.0,0.0,False,N/A,100,0.01,US.NVDA,0.1,0.0,18.0,0.0,,,,,,,,0.0,0.0,-100.0,0.0,0.0,0.0,0.0,0.0,0.0,0,0.0,NORMAL,False,,,,,,,,,,,,,,,,,False,,N/A,,,,,,,,,,,,,,,,,,,N/A,,True,PUT,2026-09-04,85.0,100.0,2,128.61,62.061,-0.001371377,5.8281e-05,0.002695396,-0.006183749,-0.000153382,N/A,26,N/A,N/A,AMERICAN,100.0,N/A,False,,,,False,,,,False,,,,,,False,,,,,,N/A,N/A,N/A,N/A,N/A,N/A,N/A,N/A,N/A,N/A,N/A,N/A,N/A,N/A,N/A,N/A,N/A,N/A,N/A,N/A,N/A,N/A,N/A
US.NVDA260904C90000,NVDA 260904 90.00C,2026-08-07 09:30:00,129.2677,0.0,0.0,0.0,129.2677,0.0,0.0,0.0,False,N/A,100,0.05,US.NVDA,137.25,130.5,1.0,1.0,,,,,,,,0.0,0.0,0.0,0.0,0.0,0.0,0.0,0.0,0.0,0,0.0,NORMAL,False,,,,,,,,,,,,,,,,,False,,N/A,,,,,,,,,,,,,,,,,,,N/A,,True,CALL,2026-09-04,90.0,100.0,0,0.0,-2.095,0.0,0.0,0.0,0.0,0.0,N/A,26,N/A,N/A,AMERICAN,100.0,N/A,False,,,,False,,,,False,,,,,,False,,,,,,N/A,N/A,N/A,N/A,N/A,N/A,N/A,N/A,N/A,N/A,N/A,N/A,N/A,N/A,N/A,N/A,N/A,N/A,N/A,N/A,N/A,N/A,N/A
US.NVDA260904P90000,NVDA 260904 90.00P,2026-08-07 09:30:00,0.0411,0.0,0.0,0.0,0.0411,0.0,0.0,0.0,False,N/A,100,0.01,US.NVDA,0.08,0.0,10.0,0.0,,,,,,,,0.0,0.0,-100.0,0.0,0.0,0.0,0.0,0.0,0.0,0,0.0,NORMAL,False,,,,,,,,,,,,,,,,,False,,N/A,,,,,,,,,,,,,,,,,,,N/A,,True,PUT,2026-09-04,90.0,100.0,11,123.984,59.832,-0.001738503,7.5063e-05,0.00334605,-0.007423753,-0.000206139,N/A,26,N/A,N/A,AMERICAN,100.0,N/A,False,,,,False,,,,False,,,,,,False,,,,,,N/A,N/A,N/A,N/A,N/A,N/A,N/A,N/A,N/A,N/A,N/A,N/A,N/A,N/A,N/A,N/A,N/A,N/A,N/A,N/A,N/A,N/A,N/A
US.NVDA260904C95000,NVDA 260904 95.00C,2026-08-07 09:30:00,124.2916,0.0,0.0,0.0,124.2916,0.0,0.0,0.0,False,N/A,100,0.05,US.NVDA,132.0,124.8,1.0,1.0,,,,,,,,0.0,0.0,0.0,0.0,0.0,0.0,0.0,0.0,0.0,0,0.0,NORMAL,False,,,,,,,,,,,,,,,,,False,,N/A,,,,,,,,,,,,,,,,,,,N/A,,True,CALL,2026-09-04,95.0,100.0,0,0.0,-2.084,0.0,0.0,0.0,0.0,0.0,N/A,26,N/A,N/A,AMERICAN,100.0,N/A,False,,,,False,,,,False,,,,,,False,,,,,,N/A,N/A,N/A,N/A,N/A,N/A,N/A,N/A,N/A,N/A,N/A,N/A,N/A,N/A,N/A,N/A,N/A,N/A,N/A,N/A,N/A,N/A,N/A
US.NVDA260904P95000,NVDA 260904 95.00P,2026-08-07 09:30:00,0.0504,0.0,0.0,0.0,0.0504,0.0,0.0,0.0,False,N/A,100,0.01,US.NVDA,0.08,0.01,30.0,83.0,,,,,,,,0.0,0.0,46.903,0.0,0.0,0.0,0.0,0.0,0.0,0,0.0,NORMAL,False,,,,,,,,,,,,,,,,,False,,N/A,,,,,,,,,,,,,,,,,,,N/A,,True,PUT,2026-09-04,95.0,100.0,3,118.095,57.604,-0.001985045,8.8905e-05,0.00377471,-0.007988389,-0.000240628,N/A,26,N/A,N/A,AMERICAN,100.0,N/A,False,,,,False,,,,False,,,,,,False,,,,,,N/A,N/A,N/A,N/A,N/A,N/A,N/A,N/A,N/A,N/A,N/A,N/A,N/A,N/A,N/A,N/A,N/A,N/A,N/A,N/A,N/A,N/A,N/A
US.NVDA260904C100000,NVDA 260904 100.00C,2026-08-07 14:15:54,122.5,122.5,122.5,122.5,119.3155,20.0,245000.0,0.0,False,N/A,100,0.05,US.NVDA,127.3,119.8,1.0,1.0,,,,,,,,0.0,122.5,0.0,0.0,0.0,0.0,0.0,0.0,0.0,0,0.0,NORMAL,False,,,,,,,,,,,,,,,,,False,,N/A,,,,,,,,,,,,,,,,,,,N/A,,True,CALL,2026-09-04,100.0,100.0,1,0.0,-0.651,0.0,0.0,0.0,0.0,0.0,N/A,26,N/A,N/A,AMERICAN,100.0,N/A,False,,,,False,,,,False,,,,,,False,,,,,,N/A,N/A,N/A,N/A,N/A,N/A,N/A,N/A,N/A,N/A,N/A,N/A,N/A,N/A,N/A,N/A,N/A,N/A,N/A,N/A,N/A,N/A,N/A
US.NVDA260904P100000,NVDA 260904 100.00P,2026-08-07 13:33:56,0.05,0.05,0.05,0.05,0.0596,1.0,5.0,0.0,False,N/A,100,0.01,US.NVDA,0.12,0.01,88.0,59.0,,,,,,,,0.0,0.05,-19.728,0.0,0.0,0.0,0.0,0.0,0.0,0,0.0,NORMAL,False,,,,,,,,,,,,,,,,,False,,N/A,,,,,,,,,,,,,,,,,,,N/A,,True,PUT,2026-09-04,100.0,100.0,2755,115.806,55.371,-0.002838967,0.000125361,0.005217662,-0.010884574,-0.000369365,N/A,26,N/A,N/A,AMERICAN,100.0,N/A,False,,,,False,,,,False,,,,,,False,,,,,,N/A,N/A,N/A,N/A,N/A,N/A,N/A,N/A,N/A,N/A,N/A,N/A,N/A,N/A,N/A,N/A,N/A,N/A,N/A,N/A,N/A,N/A,N/A
US.NVDA260904C105000,NVDA 260904 105.00C,2026-08-07 09:30:00,114.3412,0.0,0.0,0.0,114.3412,0.0,0.0,0.0,False,N/A,100,0.05,US.NVDA,122.3,114.75,1.0,2.0,,,,,,,,0.0,0.0,33.333,0.0,0.0,0.0,0.0,0.0,0.0,0,0.0,NORMAL,False,,,,,,,,,,,,,,,,,False,,N/A,,,,,,,,,,,,,,,,,,,N/A,,True,CALL,2026-09-04,105.0,100.0,0,0.0,-2.062,0.0,0.0,0.0,0.0,0.0,N/A,26,N/A,N/A,AMERICAN,100.0,N/A,False,,,,False,,,,False,,,,,,False,,,,,,N/A,N/A,N/A,N/A,N/A,N/A,N/A,N/A,N/A,N/A,N/A,N/A,N/A,N/A,N/A,N/A,N/A,N/A,N/A,N/A,N/A,N/A,N/A
US.NVDA260904P105000,NVDA 260904 105.00P,2026-08-07 09:30:00,0.0707,0.0,0.0,0.0,0.0707,0.0,0.0,0.0,False,N/A,100,0.01,US.NVDA,0.06,0.01,50.0,116.0,,,,,,,,0.0,0.0,39.759,0.0,0.0,0.0,0.0,0.0,0.0,0,0.0,NORMAL,False,,,,,,,,,,,,,,,,,False,,N/A,,,,,,,,,,,,,,,,,,,N/A,,True,PUT,2026-09-04,105.0,100.0,10,102.494,53.147,-0.001813145,9.4313e-05,0.00347698,-0.006366668,-0.000208181,N/A,26,N/A,N/A,AMERICAN,100.0,N/A,False,,,,False,,,,False,,,,,,False,,,,,,N/A,N/A,N/A,N/A,N/A,N/A,N/A,N/A,N/A,N/A,N/A,N/A,N/A,N/A,N/A,N/A,N/A,N/A,N/A,N/A,N/A,N/A,N/A
US.NVDA260904C110000,NVDA 260904 110.00C,2026-08-07 09:30:00,109.3669,0.0,0.0,0.0,109.3669,0.0,0.0,0.0,False,N/A,100,0.05,US.NVDA,117.1,109.85,1.0,1.0,,,,,,,,0.0,0.0,0.0,0.0,0.0,0.0,0.0,0.0,0.0,0,0.0,NORMAL,False,,,,,,,,,,,,,,,,,False,,N/A,,,,,,,,,,,,,,,,,,,N/A,,True,CALL,2026-09-04,110.0,100.0,2,0.0,-2.051,0.0,0.0,0.0,0.0,0.0,N/A,26,N/A,N/A,AMERICAN,100.0,N/A,False,,,,False,,,,False,,,,,,False,,,,,,N/A,N/A,N/A,N/A,N/A,N/A,N/A,N/A,N/A,N/A,N/A,N/A,N/A,N/A,N/A,N/A,N/A,N/A,N/A,N/A,N/A,N/A,N/A
US.NVDA260904P110000,NVDA 260904 110.00P,2026-08-07 09:30:00,0.0818,0.0,0.0,0.0,0.0818,0.0,0.0,0.0,False,N/A,100,0.01,US.NVDA,0.07,0.02,50.0,124.0,,,,,,,,0.0,0.0,42.529,0.0,0.0,0.0,0.0,0.0,0.0,0,0.0,NORMAL,False,,,,,,,,,,,,,,,,,False,,N/A,,,,,,,,,,,,,,,,,,,N/A,,True,PUT,2026-09-04,110.0,100.0,1508,99.064,50.92,-0.002364801,0.000124195,0.004424237,-0.007858643,-0.00028774,N/A,26,N/A,N/A,AMERICAN,100.0,N/A,False,,,,False,,,,False,,,,,,False,,,,,,N/A,N/A,N/A,N/A,N/A,N/A,N/A,N/A,N/A,N/A,N/A,N/A,N/A,N/A,N/A,N/A,N/A,N/A,N/A,N/A,N/A,N/A,N/A
US.NVDA260904C115000,NVDA 260904 115.00C,2026-08-07 09:30:00,104.3926,0.0,0.0,0.0,104.3926,0.0,0.0,0.0,False,N/A,100,0.05,US.NVDA,112.4,104.9,1.0,1.0,,,,,,,,0.0,0.0,0.0,0.0,0.0,0.0,0.0,0.0,0.0,0,0.0,NORMAL,False,,,,,,,,,,,,,,,,,False,,N/A,,,,,,,,,,,,,,,,,,,N/A,,True,CALL,2026-09-04,115.0,100.0,0,0.0,-2.039,0.0,0.0,0.0,0.0,0.0,N/A,26,N/A,N/A,AMERICAN,100.0,N/A,False,,,,False,,,,False,,,,,,False,,,,,,N/A,N/A,N/A,N/A,N/A,N/A,N/A,N/A,N/A,N/A,N/A,N/A,N/A,N/A,N/A,N/A,N/A,N/A,N/A,N/A,N/A,N/A,N/A
US.NVDA260904P115000,NVDA 260904 115.00P,2026-08-07 14:33:21,0.07,0.09,0.09,0.05,0.0929,3009.0,27059.0,0.0,False,N/A,100,0.01,US.NVDA,0.08,0.03,1.0,340.0,,,,,,,,43.057,0.089926886,99.413,0.0,0.0,0.0,0.0,0.0,0.0,0,0.0,NORMAL,False,,,,,,,,,,,,,,,,,False,,N/A,,,,,,,,,,,,,,,,,,,N/A,,True,PUT,2026-09-04,115.0,100.0,3657,95.272,48.682,-0.002955761,0.000157982,0.005411452,-0.00927134,-0.000373758,N/A,26,N/A,N/A,AMERICAN,100.0,N/A,False,,,,False,,,,False,,,,,,False,,,,,,N/A,N/A,N/A,N/A,N/A,N/A,N/A,N/A,N/A,N/A,N/A,N/A,N/A,N/A,N/A,N/A,N/A,N/A,N/A,N/A,N/A,N/A,N/A
US.NVDA260904C120000,NVDA 260904 120.00C,2026-08-07 09:30:00,99.4183,0.0,0.0,0.0,99.4183,0.0,0.0,0.0,False,N/A,100,0.05,US.NVDA,107.4,99.85,1.0,2.0,,,,,,,,0.0,0.0,33.333,0.0,0.0,0.0,0.0,0.0,0.0,0,0.0,NORMAL,False,,,,,,,,,,,,,,,,,False,,N/A,,,,,,,,,,,,,,,,,,,N/A,,True,CALL,2026-09-04,120.0,100.0,1,0.0,-2.028,0.0,0.0,0.0,0.0,0.0,N/A,26,N/A,N/A,AMERICAN,100.0,N/A,False,,,,False,,,,False,,,,,,False,,,,,,N/A,N/A,N/A,N/A,N/A,N/A,N/A,N/A,N/A,N/A,N/A,N/A,N/A,N/A,N/A,N/A,N/A,N/A,N/A,N/A,N/A,N/A,N/A
US.NVDA260904P120000,NVDA 260904 120.00P,2026-08-07 09:58:36,0.09,0.09,0.09,0.09,0.104,1.0,9.0,0.0,False,N/A,100,0.01,US.NVDA,0.16,0.04,179.0,219.0,,,,,,,,0.0,0.09,10.05,0.0,0.0,0.0,0.0,0.0,0.0,0,0.0,NORMAL,False,,,,,,,,,,,,,,,,,False,,N/A,,,,,,,,,,,,,,,,,,,N/A,,True,PUT,2026-09-04,120.0,100.0,147,95.889,46.459,-0.005072962,0.000254773,0.008778495,-0.015262419,-0.000699503,N/A,26,N/A,N/A,AMERICAN,100.0,N/A,False,,,,False,,,,False,,,,,,False,,,,,,N/A,N/A,N/A,N/A,N/A,N/A,N/A,N/A,N/A,N/A,N/A,N/A,N/A,N/A,N/A,N/A,N/A,N/A,N/A,N/A,N/A,N/A,N/A
US.NVDA260904C125000,NVDA 260904 125.00C,2026-08-07 09:30:00,94.444,0.0,0.0,0.0,94.444,0.0,0.0,0.0,False,N/A,100,0.05,US.NVDA,102.45,94.95,1.0,1.0,,,,,,,,0.0,0.0,0.0,0.0,0.0,0.0,0.0,0.0,0.0,0,0.0,NORMAL,False,,,,,,,,,,,,,,,,,False,,N/A,,,,,,,,,,,,,,,,,,,N/A,,True,CALL,2026-09-04,125.0,100.0,0,0.0,-2.016,0.0,0.0,0.0,0.0,0.0,N/A,26,N/A,N/A,AMERICAN,100.0,N/A,False,,,,False,,,,False,,,,,,False,,,,,,N/A,N/A,N/A,N/A,N/A,N/A,N/A,N/A,N/A,N/A,N/A,N/A,N/A,N/A,N/A,N/A,N/A,N/A,N/A,N/A,N/A,N/A,N/A
US.NVDA260904P125000,NVDA 260904 125.00P,2026-08-07 15:54:03,0.09,0.09,0.09,0.09,0.1151,2.0,18.0,0.0,False,N/A,100,0.01,US.NVDA,0.13,0.06,42.0,113.0,,,,,,,,0.0,0.09,45.806,0.0,0.0,0.0,0.0,0.0,0.0,0,0.0,NORMAL,False,,,,,,,,,,,,,,,,,False,,N/A,,,,,,,,,,,,,,,,,,,N/A,,True,PUT,2026-09-04,125.0,100.0,71,89.584,44.226,-0.005174608,0.000277545,0.008935165,-0.014505947,-0.000708018,N/A,26,N/A,N/A,AMERICAN,100.0,N/A,False,,,,False,,,,False,,,,,,False,,,,,,N/A,N/A,N/A,N/A,N/A,N/A,N/A,N/A,N/A,N/A,N/A,N/A,N/A,N/A,N/A,N/A,N/A,N/A,N/A,N/A,N/A,N/A,N/A
US.NVDA260904C130000,NVDA 260904 130.00C,2026-08-07 09:30:00,89.4697,0.0,0.0,0.0,89.4697,0.0,0.0,0.0,False,N/A,100,0.05,US.NVDA,97.45,89.9,1.0,2.0,,,,,,,,0.0,0.0,33.333,0.0,0.0,0.0,0.0,0.0,0.0,0,0.0,NORMAL,False,,,,,,,,,,,,,,,,,False,,N/A,,,,,,,,,,,,,,,,,,,N/A,,True,CALL,2026-09-04,130.0,100.0,1,0.0,-2.005,0.0,0.0,0.0,0.0,0.0,N/A,26,N/A,N/A,AMERICAN,100.0,N/A,False,,,,False,,,,False,,,,,,False,,,,,,N/A,N/A,N/A,N/A,N/A,N/A,N/A,N/A,N/A,N/A,N/A,N/A,N/A,N/A,N/A,N/A,N/A,N/A,N/A,N/A,N/A,N/A,N/A
US.NVDA260904P130000,NVDA 260904 130.00P,2026-08-07 09:45:42,0.11,0.11,0.11,0.11,0.1261,1.0,11.0,0.0,False,N/A,100,0.01,US.NVDA,0.14,0.08,27.0,180.0,,,,,,,,0.0,0.11,73.913,0.0,0.0,0.0,0.0,0.0,0.0,0,0.0,NORMAL,False,,,,,,,,,,,,,,,,,False,,N/A,,,,,,,,,,,,,,,,,,,N/A,,True,PUT,2026-09-04,130.0,100.0,175,85.581,42.003,-0.006180987,0.000340204,0.010461939,-0.016259696,-0.000859001,N/A,26,N/A,N/A,AMERICAN,100.0,N/A,False,,,,False,,,,False,,,,,,False,,,,,,N/A,N/A,N/A,N/A,N/A,N/A,N/A,N/A,N/A,N/A,N/A,N/A,N/A,N/A,N/A,N/A,N/A,N/A,N/A,N/A,N/A,N/A,N/A
US.NVDA260904C135000,NVDA 260904 135.00C,2026-08-07 09:30:00,84.4999,0.0,0.0,0.0,84.4999,0.0,0.0,0.0,False,N/A,100,0.05,US.NVDA,92.2,85.8,1.0,1.0,,,,,,,,0.0,0.0,0.0,0.0,0.0,0.0,0.0,0.0,0.0,0,0.0,NORMAL,False,,,,,,,,,,,,,,,,,False,,N/A,,,,,,,,,,,,,,,,,,,N/A,,True,CALL,2026-09-04,135.0,100.0,1,0.0,-1.991,0.0,0.0,0.0,0.0,0.0,N/A,26,N/A,N/A,AMERICAN,100.0,N/A,False,,,,False,,,,False,,,,,,False,,,,,,N/A,N/A,N/A,N/A,N/A,N/A,N/A,N/A,N/A,N/A,N/A,N/A,N/A,N/A,N/A,N/A,N/A,N/A,N/A,N/A,N/A,N/A,N/A
US.NVDA260904P135000,NVDA 260904 135.00P,2026-08-07 09:30:00,0.1417,0.0,0.0,0.0,0.1417,0.0,0.0,0.0,False,N/A,100,0.01,US.NVDA,0.15,0.08,24.0,237.0,,,,,,,,0.0,0.0,81.609,0.0,0.0,0.0,0.0,0.0,0.0,0,0.0,NORMAL,False,,,,,,,,,,,,,,,,,False,,N/A,,,,,,,,,,,,,,,,,,,N/A,,True,PUT,2026-09-04,135.0,100.0,232,80.626,39.784,-0.006817681,0.00039382,0.01140971,-0.016718377,-0.000950384,N/A,26,N/A,N/A,AMERICAN,100.0,N/A,False,,,,False,,,,False,,,,,,False,,,,,,N/A,N/A,N/A,N/A,N/A,N/A,N/A,N/A,N/A,N/A,N/A,N/A,N/A,N/A,N/A,N/A,N/A,N/A,N/A,N/A,N/A,N/A,N/A
US.NVDA260904C140000,NVDA 260904 140.00C,2026-08-07 12:36:42,83.0,85.26,85.26,83.0,79.5565,12.0,100812.0,0.0,False,N/A,100,0.05,US.NVDA,87.45,81.0,1.0,16.0,,,,,,,,2.841,84.01,88.235,0.0,0.0,0.0,0.0,0.0,0.0,0,0.0,NORMAL,False,,,,,,,,,,,,,,,,,False,,N/A,,,,,,,,,,,,,,,,,,,N/A,,True,CALL,2026-09-04,140.0,100.0,17,0.0,-0.428,0.0,0.0,0.0,0.0,0.0,N/A,26,N/A,N/A,AMERICAN,100.0,N/A,False,,,,False,,,,False,,,,,,False,,,,,,N/A,N/A,N/A,N/A,N/A,N/A,N/A,N/A,N/A,N/A,N/A,N/A,N/A,N/A,N/A,N/A,N/A,N/A,N/A,N/A,N/A,N/A,N/A
US.NVDA260904P140000,NVDA 260904 140.00P,2026-08-07 09:30:00,0.1837,0.0,0.0,0.0,0.1837,0.0,0.0,0.0,False,N/A,100,0.01,US.NVDA,0.18,0.1,106.0,212.0,,,,,,,,0.0,0.0,33.333,0.0,0.0,0.0,0.0,0.0,0.0,0,0.0,NORMAL,False,,,,,,,,,,,,,,,,,False,,N/A,,,,,,,,,,,,,,,,,,,N/A,,True,PUT,2026-09-04,140.0,100.0,82,77.315,37.57,-0.008480677,0.000497755,0.013826603,-0.019479887,-0.001203419,N/A,26,N/A,N/A,AMERICAN,100.0,N/A,False,,,,False,,,,False,,,,,,False,,,,,,N/A,N/A,N/A,N/A,N/A,N/A,N/A,N/A,N/A,N/A,N/A,N/A,N/A,N/A,N/A,N/A,N/A,N/A,N/A,N/A,N/A,N/A,N/A
US.NVDA260904C145000,NVDA 260904 145.00C,2026-08-07 09:30:00,74.6132,0.0,0.0,0.0,74.6132,0.0,0.0,0.0,False,N/A,100,0.05,US.NVDA,82.3,75.85,1.0,1.0,,,,,,,,0.0,0.0,0.0,0.0,0.0,0.0,0.0,0.0,0.0,0,0.0,NORMAL,False,,,,,,,,,,,,,,,,,False,,N/A,,,,,,,,,,,,,,,,,,,N/A,,True,CALL,2026-09-04,145.0,100.0,8,0.0,-1.94,0.0,0.0,0.0,0.0,0.0,N/A,26,N/A,N/A,AMERICAN,100.0,N/A,False,,,,False,,,,False,,,,,,False,,,,,,N/A,N/A,N/A,N/A,N/A,N/A,N/A,N/A,N/A,N/A,N/A,N/A,N/A,N/A,N/A,N/A,N/A,N/A,N/A,N/A,N/A,N/A,N/A
US.NVDA260904P145000,NVDA 260904 145.00P,2026-08-07 09:36:02,0.17,0.17,0.17,0.17,0.2259,1.0,17.0,0.0,False,N/A,100,0.01,US.NVDA,0.23,0.12,202.0,99.0,,,,,,,,0.0,0.17,-34.219,0.0,0.0,0.0,0.0,0.0,0.0,0,0.0,NORMAL,False,,,,,,,,,,,,,,,,,False,,N/A,,,,,,,,,,,,,,,,,,,N/A,,True,PUT,2026-09-04,145.0,100.0,759,74.339,35.332,-0.010764468,0.000637719,0.017030025,-0.023137919,-0.001554498,N/A,26,N/A,N/A,AMERICAN,100.0,N/A,False,,,,False,,,,False,,,,,,False,,,,,,N/A,N/A,N/A,N/A,N/A,N/A,N/A,N/A,N/A,N/A,N/A,N/A,N/A,N/A,N/A,N/A,N/A,N/A,N/A,N/A,N/A,N/A,N/A
US.NVDA260904C150000,NVDA 260904 150.00C,2026-08-07 15:45:40,73.58,72.5,75.31,72.5,69.6698,14.0,103192.0,0.0,False,N/A,100,0.05,US.NVDA,77.35,70.15,1.0,1.0,,,,,,,,4.033,73.70857142857,0.0,0.0,0.0,0.0,0.0,0.0,0.0,0,0.0,NORMAL,False,,,,,,,,,,,,,,,,,False,,N/A,,,,,,,,,,,,,,,,,,,N/A,,True,CALL,2026-09-04,150.0,100.0,159,0.0,-0.169,0.0,0.0,0.0,0.0,0.0,N/A,26,N/A,N/A,AMERICAN,100.0,N/A,False,,,,False,,,,False,,,,,,False,,,,,,N/A,N/A,N/A,N/A,N/A,N/A,N/A,N/A,N/A,N/A,N/A,N/A,N/A,N/A,N/A,N/A,N/A,N/A,N/A,N/A,N/A,N/A,N/A
US.NVDA260904P150000,NVDA 260904 150.00P,2026-08-07 15:47:09,0.21,0.3,0.3,0.19,0.268,39.0,823.0,0.0,False,N/A,100,0.01,US.NVDA,0.24,0.17,153.0,129.0,,,,,,,,41.045,0.21102564102,-8.511,0.0,0.0,0.0,0.0,0.0,0.0,0,0.0,NORMAL,False,,,,,,,,,,,,,,,,,False,,N/A,,,,,,,,,,,,,,,,,,,N/A,,True,PUT,2026-09-04,150.0,100.0,374,70.753,33.117,-0.013002127,0.000789383,0.020061205,-0.025994661,-0.001896352,N/A,26,N/A,N/A,AMERICAN,100.0,N/A,False,,,,False,,,,False,,,,,,False,,,,,,N/A,N/A,N/A,N/A,N/A,N/A,N/A,N/A,N/A,N/A,N/A,N/A,N/A,N/A,N/A,N/A,N/A,N/A,N/A,N/A,N/A,N/A,N/A
US.NVDA260904C155000,NVDA 260904 155.00C,2026-08-07 09:30:00,64.7265,0.0,0.0,0.0,64.7265,0.0,0.0,0.0,False,N/A,100,0.05,US.NVDA,72.4,65.95,1.0,10.0,,,,,,,,0.0,0.0,81.818,0.0,0.0,0.0,0.0,0.0,0.0,0,0.0,NORMAL,False,,,,,,,,,,,,,,,,,False,,N/A,,,,,,,,,,,,,,,,,,,N/A,,True,CALL,2026-09-04,155.0,100.0,90,0.0,-1.89,0.0,0.0,0.0,0.0,0.0,N/A,26,N/A,N/A,AMERICAN,100.0,N/A,False,,,,False,,,,False,,,,,,False,,,,,,N/A,N/A,N/A,N/A,N/A,N/A,N/A,N/A,N/A,N/A,N/A,N/A,N/A,N/A,N/A,N/A,N/A,N/A,N/A,N/A,N/A,N/A,N/A
US.NVDA260904P155000,NVDA 260904 155.00P,2026-08-07 14:37:45,0.25,0.25,0.26,0.23,0.3101,50.0,1249.0,0.0,False,N/A,100,0.01,US.NVDA,0.29,0.2,167.0,110.0,,,,,,,,9.674,0.2498,-20.578,0.0,0.0,0.0,0.0,0.0,0.0,0,0.0,NORMAL,False,,,,,,,,,,,,,,,,,False,,N/A,,,,,,,,,,,,,,,,,,,N/A,,True,PUT,2026-09-04,155.0,100.0,401,67.413,30.902,-0.015956883,0.000988291,0.023927623,-0.029606372,-0.002350636,N/A,26,N/A,N/A,AMERICAN,100.0,N/A,False,,,,False,,,,False,,,,,,False,,,,,,N/A,N/A,N/A,N/A,N/A,N/A,N/A,N/A,N/A,N/A,N/A,N/A,N/A,N/A,N/A,N/A,N/A,N/A,N/A,N/A,N/A,N/A,N/A
US.NVDA260904C160000,NVDA 260904 160.00C,2026-08-07 12:57:02,63.42,63.42,63.42,63.42,59.7832,2.0,12684.0,0.0,False,N/A,100,0.05,US.NVDA,67.4,61.2,1.0,10.0,,,,,,,,0.0,63.42,81.818,0.0,0.0,0.0,0.0,0.0,0.0,0,0.0,NORMAL,False,,,,,,,,,,,,,,,,,False,,N/A,,,,,,,,,,,,,,,,,,,N/A,,True,CALL,2026-09-04,160.0,100.0,37,0.0,-0.241,0.0,0.0,0.0,0.0,0.0,N/A,26,N/A,N/A,AMERICAN,100.0,N/A,False,,,,False,,,,False,,,,,,False,,,,,,N/A,N/A,N/A,N/A,N/A,N/A,N/A,N/A,N/A,N/A,N/A,N/A,N/A,N/A,N/A,N/A,N/A,N/A,N/A,N/A,N/A,N/A,N/A
US.NVDA260904P160000,NVDA 260904 160.00P,2026-08-07 15:58:29,0.27,0.3,0.34,0.27,0.3523,114.0,3442.0,0.0,False,N/A,100,0.01,US.NVDA,0.32,0.25,146.0,113.0,,,,,,,,19.869,0.30192982456,-12.741,0.0,0.0,0.0,0.0,0.0,0.0,0,0.0,NORMAL,False,,,,,,,,,,,,,,,,,False,,N/A,,,,,,,,,,,,,,,,,,,N/A,,True,PUT,2026-09-04,160.0,100.0,1027,63.826,28.679,-0.01921268,0.001223203,0.028036072,-0.032901961,-0.002849368,N/A,26,N/A,N/A,AMERICAN,100.0,N/A,False,,,,False,,,,False,,,,,,False,,,,,,N/A,N/A,N/A,N/A,N/A,N/A,N/A,N/A,N/A,N/A,N/A,N/A,N/A,N/A,N/A,N/A,N/A,N/A,N/A,N/A,N/A,N/A,N/A
US.NVDA260904C165000,NVDA 260904 165.00C,2026-08-07 13:52:43,58.56,58.56,58.57,58.52,54.8768,36.0,210752.0,0.0,False,N/A,100,0.05,US.NVDA,62.75,56.05,11.0,10.0,,,,,,,,0.091,58.54222222222,-4.762,0.0,0.0,0.0,0.0,0.0,0.0,0,0.0,NORMAL,False,,,,,,,,,,,,,,,,,False,,N/A,,,,,,,,,,,,,,,,,,,N/A,,True,CALL,2026-09-04,165.0,100.0,34,0.0,-0.178,0.0,0.0,0.0,0.0,0.0,N/A,26,N/A,N/A,AMERICAN,100.0,N/A,False,,,,False,,,,False,,,,,,False,,,,,,N/A,N/A,N/A,N/A,N/A,N/A,N/A,N/A,N/A,N/A,N/A,N/A,N/A,N/A,N/A,N/A,N/A,N/A,N/A,N/A,N/A,N/A,N/A
US.NVDA260904P165000,NVDA 260904 165.00P,2026-08-07 15:37:39,0.31,0.38,0.38,0.31,0.4315,146.0,5097.0,0.0,False,N/A,100,0.01,US.NVDA,0.38,0.31,72.0,10.0,,,,,,,,16.222,0.34910958904,-75.61,0.0,0.0,0.0,0.0,0.0,0.0,0,0.0,NORMAL,False,,,,,,,,,,,,,,,,,False,,N/A,,,,,,,,,,,,,,,,,,,N/A,,True,PUT,2026-09-04,165.0,100.0,954,60.66,26.464,-0.023849802,0.001545262,0.033656265,-0.037617971,-0.003565707,N/A,26,N/A,N/A,AMERICAN,100.0,N/A,False,,,,False,,,,False,,,,,,False,,,,,,N/A,N/A,N/A,N/A,N/A,N/A,N/A,N/A,N/A,N/A,N/A,N/A,N/A,N/A,N/A,N/A,N/A,N/A,N/A,N/A,N/A,N/A,N/A
US.NVDA260904C170000,NVDA 260904 170.00C,2026-08-07 15:58:44,55.0,55.5,55.5,53.61,49.9705,38.0,204110.0,0.0,False,N/A,100,0.05,US.NVDA,55.5,53.95,10.0,11.0,,,,,,,,3.782,53.71315789473,4.762,0.0,0.0,0.0,0.0,0.0,0.0,0,0.0,NORMAL,False,,,,,,,,,,,,,,,,,False,,N/A,,,,,,,,,,,,,,,,,,,N/A,,True,CALL,2026-09-04,170.0,100.0,10069,54.291,0.464,0.976689022,0.001694372,0.033019731,-0.050730632,0.117357462,N/A,26,N/A,N/A,AMERICAN,100.0,N/A,False,,,,False,,,,False,,,,,,False,,,,,,N/A,N/A,N/A,N/A,N/A,N/A,N/A,N/A,N/A,N/A,N/A,N/A,N/A,N/A,N/A,N/A,N/A,N/A,N/A,N/A,N/A,N/A,N/A
US.NVDA260904P170000,NVDA 260904 170.00P,2026-08-07 15:44:17,0.38,0.4,0.45,0.38,0.5108,739.0,30605.0,0.0,False,N/A,100,0.01,US.NVDA,0.42,0.35,170.0,137.0,,,,,,,,13.704,0.41414073070999996,-10.749,0.0,0.0,0.0,0.0,0.0,0.0,0,0.0,NORMAL,False,,,,,,,,,,,,,,,,,False,,N/A,,,,,,,,,,,,,,,,,,,N/A,,True,PUT,2026-09-04,170.0,100.0,14482,56.669,24.263,-0.027971004,0.001890148,0.038456166,-0.040195156,-0.004190625,N/A,26,N/A,N/A,AMERICAN,100.0,N/A,False,,,,False,,,,False,,,,,,False,,,,,,N/A,N/A,N/A,N/A,N/A,N/A,N/A,N/A,N/A,N/A,N/A,N/A,N/A,N/A,N/A,N/A,N/A,N/A,N/A,N/A,N/A,N/A,N/A
US.NVDA260904C175000,NVDA 260904 175.00C,2026-08-07 11:33:02,50.75,49.0,50.75,49.0,45.1488,9.0,44455.0,0.0,False,N/A,100,0.05,US.NVDA,52.65,48.75,10.0,10.0,,,,,,,,3.876,49.39444444444,0.0,0.0,0.0,0.0,0.0,0.0,0.0,0,0.0,NORMAL,False,,,,,,,,,,,,,,,,,False,,N/A,,,,,,,,,,,,,,,,,,,N/A,,True,CALL,2026-09-04,175.0,100.0,51,66.246,0.799,0.932694995,0.003282262,0.07803212,-0.114749972,0.11318739,N/A,26,N/A,N/A,AMERICAN,100.0,N/A,False,,,,False,,,,False,,,,,,False,,,,,,N/A,N/A,N/A,N/A,N/A,N/A,N/A,N/A,N/A,N/A,N/A,N/A,N/A,N/A,N/A,N/A,N/A,N/A,N/A,N/A,N/A,N/A,N/A
US.NVDA260904P175000,NVDA 260904 175.00P,2026-08-07 15:52:30,0.5,0.57,0.58,0.49,0.675,177.0,9512.0,0.0,False,N/A,100,0.01,US.NVDA,0.53,0.45,93.0,87.0,,,,,,,,13.333,0.53740112994,-3.333,0.0,0.0,0.0,0.0,0.0,0.0,0,0.0,NORMAL,False,,,,,,,,,,,,,,,,,False,,N/A,,,,,,,,,,,,,,,,,,,N/A,,True,PUT,2026-09-04,175.0,100.0,2791,53.999,22.084,-0.036086596,0.002448464,0.047459558,-0.047377273,-0.00545166,N/A,26,N/A,N/A,AMERICAN,100.0,N/A,False,,,,False,,,,False,,,,,,False,,,,,,N/A,N/A,N/A,N/A,N/A,N/A,N/A,N/A,N/A,N/A,N/A,N/A,N/A,N/A,N/A,N/A,N/A,N/A,N/A,N/A,N/A,N/A,N/A
US.NVDA260904C180000,NVDA 260904 180.00C,2026-08-07 15:36:32,43.86,42.34,45.72,42.34,40.3777,47.0,205136.0,0.0,False,N/A,100,0.05,US.NVDA,45.5,44.65,49.0,49.0,,,,,,,,8.371,43.645957446800004,0.0,0.0,0.0,0.0,0.0,0.0,0.0,0,0.0,NORMAL,False,,,,,,,,,,,,,,,,,False,,N/A,,,,,,,,,,,,,,,,,,,N/A,,True,CALL,2026-09-04,180.0,100.0,5055,51.32,-0.044,0.953559173,0.003162117,0.058237864,-0.074127542,0.120555727,N/A,26,N/A,N/A,AMERICAN,100.0,N/A,False,,,,False,,,,False,,,,,,False,,,,,,N/A,N/A,N/A,N/A,N/A,N/A,N/A,N/A,N/A,N/A,N/A,N/A,N/A,N/A,N/A,N/A,N/A,N/A,N/A,N/A,N/A,N/A,N/A
US.NVDA260904P180000,NVDA 260904 180.00P,2026-08-07 15:51:59,0.65,0.72,0.76,0.63,0.89,647.0,43803.0,0.0,False,N/A,100,0.01,US.NVDA,0.65,0.58,118.0,64.0,,,,,,,,14.607,0.6770170015399999,-29.67,0.0,0.0,0.0,0.0,0.0,0.0,0,0.0,NORMAL,False,,,,,,,,,,,,,,,,,False,,N/A,,,,,,,,,,,,,,,,,,,N/A,,True,PUT,2026-09-04,180.0,100.0,1326,51.175,19.918,-0.046118994,0.003152789,0.05790488,-0.054881054,-0.007008889,N/A,26,N/A,N/A,AMERICAN,100.0,N/A,False,,,,False,,,,False,,,,,,False,,,,,,N/A,N/A,N/A,N/A,N/A,N/A,N/A,N/A,N/A,N/A,N/A,N/A,N/A,N/A,N/A,N/A,N/A,N/A,N/A,N/A,N/A,N/A,N/A
US.NVDA260904C185000,NVDA 260904 185.00C,2026-08-07 15:35:04,39.02,40.0,40.0,38.3,35.7363,43.0,166475.0,0.0,False,N/A,100,0.05,US.NVDA,41.0,39.85,17.0,29.0,,,,,,,,4.757,38.71511627906,26.087,0.0,0.0,0.0,0.0,0.0,0.0,0,0.0,NORMAL,False,,,,,,,,,,,,,,,,,False,,N/A,,,,,,,,,,,,,,,,,,,N/A,,True,CALL,2026-09-04,185.0,100.0,247,50.852,0.026,0.932303832,0.004295103,0.078378415,-0.093341834,0.120476741,N/A,26,N/A,N/A,AMERICAN,100.0,N/A,False,,,,False,,,,False,,,,,,False,,,,,,N/A,N/A,N/A,N/A,N/A,N/A,N/A,N/A,N/A,N/A,N/A,N/A,N/A,N/A,N/A,N/A,N/A,N/A,N/A,N/A,N/A,N/A,N/A
US.NVDA260904P185000,NVDA 260904 185.00P,2026-08-07 15:56:04,0.82,1.03,1.03,0.8,1.235,302.0,26843.0,0.0,False,N/A,100,0.01,US.NVDA,0.83,0.77,11.0,7.0,,,,,,,,18.623,0.8888410596,-22.222,0.0,0.0,0.0,0.0,0.0,0.0,0,0.0,NORMAL,False,,,,,,,,,,,,,,,,,False,,N/A,,,,,,,,,,,,,,,,,,,N/A,,True,PUT,2026-09-04,185.0,100.0,1128,48.716,17.762,-0.060366617,0.004100914,0.071683799,-0.064791441,-0.009229915,N/A,26,N/A,N/A,AMERICAN,100.0,N/A,False,,,,False,,,,False,,,,,,False,,,,,,N/A,N/A,N/A,N/A,N/A,N/A,N/A,N/A,N/A,N/A,N/A,N/A,N/A,N/A,N/A,N/A,N/A,N/A,N/A,N/A,N/A,N/A,N/A
US.NVDA260904C190000,NVDA 260904 190.00C,2026-08-07 15:56:57,35.3,34.25,35.75,33.65,31.2293,25.0,85129.0,0.0,False,N/A,100,0.05,US.NVDA,36.3,35.3,45.0,27.0,,,,,,,,6.724,34.0516,-25.0,0.0,0.0,0.0,0.0,0.0,0.0,0,0.0,NORMAL,False,,,,,,,,,,,,,,,,,False,,N/A,,,,,,,,,,,,,,,,,,,N/A,,True,CALL,2026-09-04,190.0,100.0,730,49.266,0.598,0.908988141,0.00554788,0.098080706,-0.10971282,0.120049695,N/A,26,N/A,N/A,AMERICAN,100.0,N/A,False,,,,False,,,,False,,,,,,False,,,,,,N/A,N/A,N/A,N/A,N/A,N/A,N/A,N/A,N/A,N/A,N/A,N/A,N/A,N/A,N/A,N/A,N/A,N/A,N/A,N/A,N/A,N/A,N/A
US.NVDA260904P190000,NVDA 260904 190.00P,2026-08-07 15:58:49,1.09,1.43,1.43,1.08,1.715,541.0,65680.0,0.0,False,N/A,100,0.01,US.NVDA,1.12,1.05,68.0,60.0,,,,,,,,20.408,1.21404805914,-6.25,0.0,0.0,0.0,0.0,0.0,0.0,0,0.0,NORMAL,False,,,,,,,,,,,,,,,,,False,,N/A,,,,,,,,,,,,,,,,,,,N/A,,True,PUT,2026-09-04,190.0,100.0,67075,46.742,15.65,-0.080975122,0.005358479,0.089848496,-0.078047585,-0.012457326,N/A,26,N/A,N/A,AMERICAN,100.0,N/A,False,,,,False,,,,False,,,,,,False,,,,,,N/A,N/A,N/A,N/A,N/A,N/A,N/A,N/A,N/A,N/A,N/A,N/A,N/A,N/A,N/A,N/A,N/A,N/A,N/A,N/A,N/A,N/A,N/A
US.NVDA260904C195000,NVDA 260904 195.00C,2026-08-07 15:41:07,30.12,29.25,31.38,28.7,26.9464,37.0,112034.0,0.0,False,N/A,100,0.05,US.NVDA,31.55,30.6,27.0,18.0,,,,,,,,9.946,30.27945945945,-20.0,0.0,0.0,0.0,0.0,0.0,0.0,0,0.0,NORMAL,False,,,,,,,,,,,,,,,,,False,,N/A,,,,,,,,,,,,,,,,,,,N/A,,True,CALL,2026-09-04,195.0,100.0,832,45.822,0.517,0.887506192,0.006960534,0.114450693,-0.117835821,0.119988044,N/A,26,N/A,N/A,AMERICAN,100.0,N/A,False,,,,False,,,,False,,,,,,False,,,,,,N/A,N/A,N/A,N/A,N/A,N/A,N/A,N/A,N/A,N/A,N/A,N/A,N/A,N/A,N/A,N/A,N/A,N/A,N/A,N/A,N/A,N/A,N/A
US.NVDA260904P195000,NVDA 260904 195.00P,2026-08-07 15:59:13,1.55,2.05,2.17,1.5,2.42,314.0,55589.0,0.0,False,N/A,100,0.01,US.NVDA,1.55,1.48,50.0,65.0,,,,,,,,27.686,1.77035031847,13.043,0.0,0.0,0.0,0.0,0.0,0.0,0,0.0,NORMAL,False,,,,,,,,,,,,,,,,,False,,N/A,,,,,,,,,,,,,,,,,,,N/A,,True,PUT,2026-09-04,195.0,100.0,5298,45.209,13.622,-0.109922648,0.00694141,0.112543994,-0.094669889,-0.017004964,N/A,26,N/A,N/A,AMERICAN,100.0,N/A,False,,,,False,,,,False,,,,,,False,,,,,,N/A,N/A,N/A,N/A,N/A,N/A,N/A,N/A,N/A,N/A,N/A,N/A,N/A,N/A,N/A,N/A,N/A,N/A,N/A,N/A,N/A,N/A,N/A
US.NVDA260904C200000,NVDA 260904 200.00C,2026-08-07 15:59:47,26.8,24.95,27.39,24.93,22.9375,580.0,1499965.0,0.0,False,N/A,100,0.05,US.NVDA,27.05,26.35,60.0,68.0,,,,,,,,10.725,25.86146551724,6.25,0.0,0.0,0.0,0.0,0.0,0.0,0,0.0,NORMAL,False,,,,,,,,,,,,,,,,,False,,N/A,,,,,,,,,,,,,,,,,,,N/A,,True,CALL,2026-09-04,200.0,100.0,1489,44.43,1.268,0.849568154,0.008776356,0.1399256,-0.136405196,0.117038879,N/A,26,N/A,N/A,AMERICAN,100.0,N/A,False,,,,False,,,,False,,,,,,False,,,,,,N/A,N/A,N/A,N/A,N/A,N/A,N/A,N/A,N/A,N/A,N/A,N/A,N/A,N/A,N/A,N/A,N/A,N/A,N/A,N/A,N/A,N/A,N/A
US.NVDA260904P200000,NVDA 260904 200.00P,2026-08-07 15:59:17,2.13,2.87,2.95,2.13,3.4,1231.0,292820.0,0.0,False,N/A,100,0.01,US.NVDA,2.21,2.09,62.0,95.0,,,,,,,,24.118,2.37871649065,21.019,0.0,0.0,0.0,0.0,0.0,0.0,0,0.0,NORMAL,False,,,,,,,,,,,,,,,,,False,,N/A,,,,,,,,,,,,,,,,,,,N/A,,True,PUT,2026-09-04,200.0,100.0,6026,44.091,11.649,-0.149107174,0.00879736,0.13906238,-0.114129025,-0.023170838,N/A,26,N/A,N/A,AMERICAN,100.0,N/A,False,,,,False,,,,False,,,,,,False,,,,,,N/A,N/A,N/A,N/A,N/A,N/A,N/A,N/A,N/A,N/A,N/A,N/A,N/A,N/A,N/A,N/A,N/A,N/A,N/A,N/A,N/A,N/A,N/A
US.NVDA260904C205000,NVDA 260904 205.00C,2026-08-07 15:59:50,22.5,21.34,23.15,20.99,19.2721,118.0,260182.0,0.0,False,N/A,100,0.05,US.NVDA,23.0,22.4,61.0,53.0,,,,,,,,11.208,22.049322033889997,-7.018,0.0,0.0,0.0,0.0,0.0,0.0,0,0.0,NORMAL,False,,,,,,,,,,,,,,,,,False,,N/A,,,,,,,,,,,,,,,,,,,N/A,,True,CALL,2026-09-04,205.0,100.0,912,44.101,1.58,0.797325216,0.010681097,0.169039768,-0.159795712,0.11152904,N/A,26,N/A,N/A,AMERICAN,100.0,N/A,False,,,,False,,,,False,,,,,,False,,,,,,N/A,N/A,N/A,N/A,N/A,N/A,N/A,N/A,N/A,N/A,N/A,N/A,N/A,N/A,N/A,N/A,N/A,N/A,N/A,N/A,N/A,N/A,N/A
US.NVDA260904P205000,NVDA 260904 205.00P,2026-08-07 15:57:37,3.05,4.1,4.15,3.05,4.725,444.0,152858.0,0.0,False,N/A,100,0.05,US.NVDA,3.2,2.98,37.0,76.0,,,,,,,,23.28,3.44274774774,34.513,0.0,0.0,0.0,0.0,0.0,0.0,0,0.0,NORMAL,False,,,,,,,,,,,,,,,,,False,,N/A,,,,,,,,,,,,,,,,,,,N/A,,True,PUT,2026-09-04,205.0,100.0,1346,43.533,9.827,-0.200484368,0.01076134,0.167884274,-0.135959055,-0.031265339,N/A,26,N/A,N/A,AMERICAN,100.0,N/A,False,,,,False,,,,False,,,,,,False,,,,,,N/A,N/A,N/A,N/A,N/A,N/A,N/A,N/A,N/A,N/A,N/A,N/A,N/A,N/A,N/A,N/A,N/A,N/A,N/A,N/A,N/A,N/A,N/A
US.NVDA260904C210000,NVDA 260904 210.00C,2026-08-07 15:57:26,18.7,18.26,19.56,17.05,15.8801,657.0,1198276.0,0.0,False,N/A,100,0.05,US.NVDA,19.05,18.65,41.0,26.0,,,,,,,,15.806,18.23859969558,-22.388,0.0,0.0,0.0,0.0,0.0,0.0,0,0.0,NORMAL,False,,,,,,,,,,,,,,,,,False,,N/A,,,,,,,,,,,,,,,,,,,N/A,,True,CALL,2026-09-04,210.0,100.0,2578,43.008,2.116,0.73918705,0.01260951,0.19461758,-0.176809686,0.104967173,N/A,26,N/A,N/A,AMERICAN,100.0,N/A,False,,,,False,,,,False,,,,,,False,,,,,,N/A,N/A,N/A,N/A,N/A,N/A,N/A,N/A,N/A,N/A,N/A,N/A,N/A,N/A,N/A,N/A,N/A,N/A,N/A,N/A,N/A,N/A,N/A
US.NVDA260904P210000,NVDA 260904 210.00P,2026-08-07 15:58:22,4.3,5.4,5.43,4.28,6.325,503.0,238689.0,0.0,False,N/A,100,0.05,US.NVDA,4.35,4.2,10.0,63.0,,,,,,,,18.182,4.74530815109,72.603,0.0,0.0,0.0,0.0,0.0,0.0,0,0.0,NORMAL,False,,,,,,,,,,,,,,,,,False,,N/A,,,,,,,,,,,,,,,,,,,N/A,,True,PUT,2026-09-04,210.0,100.0,2259,42.751,8.153,-0.260385432,0.012694431,0.194368831,-0.154223618,-0.040622039,N/A,26,N/A,N/A,AMERICAN,100.0,N/A,False,,,,False,,,,False,,,,,,False,,,,,,N/A,N/A,N/A,N/A,N/A,N/A,N/A,N/A,N/A,N/A,N/A,N/A,N/A,N/A,N/A,N/A,N/A,N/A,N/A,N/A,N/A,N/A,N/A
US.NVDA260904C215000,NVDA 260904 215.00C,2026-08-07 15:59:42,15.65,14.5,16.15,13.75,12.8608,2300.0,3326482.0,0.0,False,N/A,100,0.05,US.NVDA,15.6,15.3,83.0,48.0,,,,,,,,18.661,14.46296521739,-26.718,0.0,0.0,0.0,0.0,0.0,0.0,0,0.0,NORMAL,False,,,,,,,,,,,,,,,,,False,,N/A,,,,,,,,,,,,,,,,,,,N/A,,True,CALL,2026-09-04,215.0,100.0,3693,42.589,2.987,0.669839845,0.014196678,0.216989972,-0.192632498,0.096287084,N/A,26,N/A,N/A,AMERICAN,100.0,N/A,False,,,,False,,,,False,,,,,,False,,,,,,N/A,N/A,N/A,N/A,N/A,N/A,N/A,N/A,N/A,N/A,N/A,N/A,N/A,N/A,N/A,N/A,N/A,N/A,N/A,N/A,N/A,N/A,N/A
US.NVDA260904P215000,NVDA 260904 215.00P,2026-08-07 15:59:53,5.8,7.45,7.45,5.8,8.3,975.0,607449.0,0.0,False,N/A,100,0.05,US.NVDA,6.0,5.75,51.0,63.0,,,,,,,,19.88,6.23024615384,10.526,0.0,0.0,0.0,0.0,0.0,0.0,0,0.0,NORMAL,False,,,,,,,,,,,,,,,,,False,,N/A,,,,,,,,,,,,,,,,,,,N/A,,True,PUT,2026-09-04,215.0,100.0,337,42.404,6.59,-0.330463634,0.01429796,0.216948385,-0.170087778,-0.051486002,N/A,26,N/A,N/A,AMERICAN,100.0,N/A,False,,,,False,,,,False,,,,,,False,,,,,,N/A,N/A,N/A,N/A,N/A,N/A,N/A,N/A,N/A,N/A,N/A,N/A,N/A,N/A,N/A,N/A,N/A,N/A,N/A,N/A,N/A,N/A,N/A
US.NVDA260904C220000,NVDA 260904 220.00C,2026-08-07 15:59:31,12.53,11.2,13.1,11.0,10.25,2562.0,3031630.0,0.0,False,N/A,100,0.05,US.NVDA,12.5,12.25,10.0,59.0,,,,,,,,20.488,11.83306010928,71.014,0.0,0.0,0.0,0.0,0.0,0.0,0,0.0,NORMAL,False,,,,,,,,,,,,,,,,,False,,N/A,,,,,,,,,,,,,,,,,,,N/A,,True,CALL,2026-09-04,220.0,100.0,3809,41.985,3.826,0.594627141,0.015412473,0.232241087,-0.201189528,0.086434531,N/A,26,N/A,N/A,AMERICAN,100.0,N/A,False,,,,False,,,,False,,,,,,False,,,,,,N/A,N/A,N/A,N/A,N/A,N/A,N/A,N/A,N/A,N/A,N/A,N/A,N/A,N/A,N/A,N/A,N/A,N/A,N/A,N/A,N/A,N/A,N/A
US.NVDA260904P220000,NVDA 260904 220.00P,2026-08-07 15:59:20,7.76,9.5,9.7,7.75,10.6861,433.0,367528.0,0.0,False,N/A,100,0.05,US.NVDA,7.85,7.7,3.0,42.0,,,,,,,,18.248,8.48794457274,86.667,0.0,0.0,0.0,0.0,0.0,0.0,0,0.0,NORMAL,False,,,,,,,,,,,,,,,,,False,,N/A,,,,,,,,,,,,,,,,,,,N/A,,True,PUT,2026-09-04,220.0,100.0,3950,41.741,5.233,-0.406211231,0.015567426,0.23218498,-0.178079911,-0.062938646,N/A,26,N/A,N/A,AMERICAN,100.0,N/A,False,,,,False,,,,False,,,,,,False,,,,,,N/A,N/A,N/A,N/A,N/A,N/A,N/A,N/A,N/A,N/A,N/A,N/A,N/A,N/A,N/A,N/A,N/A,N/A,N/A,N/A,N/A,N/A,N/A
US.NVDA260904C225000,NVDA 260904 225.00C,2026-08-07 15:58:28,9.8,9.35,10.41,8.45,8.05,3561.0,3258223.0,0.0,False,N/A,100,0.05,US.NVDA,9.95,9.65,126.0,44.0,,,,,,,,24.348,9.149741645599999,-48.235,0.0,0.0,0.0,0.0,0.0,0.0,0,0.0,NORMAL,False,,,,,,,,,,,,,,,,,False,,N/A,,,,,,,,,,,,,,,,,,,N/A,,True,CALL,2026-09-04,225.0,100.0,2830,41.865,4.84,0.515617186,0.015894249,0.238815261,-0.204402448,0.075615719,N/A,26,N/A,N/A,AMERICAN,100.0,N/A,False,,,,False,,,,False,,,,,,False,,,,,,N/A,N/A,N/A,N/A,N/A,N/A,N/A,N/A,N/A,N/A,N/A,N/A,N/A,N/A,N/A,N/A,N/A,N/A,N/A,N/A,N/A,N/A,N/A
US.NVDA260904P225000,NVDA 260904 225.00P,2026-08-07 15:56:45,10.3,11.06,11.5,10.05,13.4862,408.0,443695.0,0.0,False,N/A,100,0.05,US.NVDA,10.4,9.95,22.0,22.0,,,,,,,,10.752,10.87487745098,0.0,0.0,0.0,0.0,0.0,0.0,0.0,0,0.0,NORMAL,False,,,,,,,,,,,,,,,,,False,,N/A,,,,,,,,,,,,,,,,,,,N/A,,True,PUT,2026-09-04,225.0,100.0,331,41.55,4.134,-0.486135344,0.016107256,0.238604342,-0.180677145,-0.074696919,N/A,26,N/A,N/A,AMERICAN,100.0,N/A,False,,,,False,,,,False,,,,,,False,,,,,,N/A,N/A,N/A,N/A,N/A,N/A,N/A,N/A,N/A,N/A,N/A,N/A,N/A,N/A,N/A,N/A,N/A,N/A,N/A,N/A,N/A,N/A,N/A
US.NVDA260904C230000,NVDA 260904 230.00C,2026-08-07 15:59:43,7.6,7.05,8.07,6.53,6.1,1675.0,1222744.0,0.0,False,N/A,100,0.05,US.NVDA,7.65,7.45,24.0,20.0,,,,,,,,25.246,7.2999641791,-9.091,0.0,0.0,0.0,0.0,0.0,0.0,0,0.0,NORMAL,False,,,,,,,,,,,,,,,,,False,,N/A,,,,,,,,,,,,,,,,,,,N/A,,True,CALL,2026-09-04,230.0,100.0,13565,41.46,6.09,0.436548262,0.015858009,0.235965926,-0.198505475,0.064554899,N/A,26,N/A,N/A,AMERICAN,100.0,N/A,False,,,,False,,,,False,,,,,,False,,,,,,N/A,N/A,N/A,N/A,N/A,N/A,N/A,N/A,N/A,N/A,N/A,N/A,N/A,N/A,N/A,N/A,N/A,N/A,N/A,N/A,N/A,N/A,N/A
US.NVDA260904P230000,NVDA 260904 230.00P,2026-08-07 15:59:20,12.86,15.01,15.01,12.82,16.5408,43.0,59121.0,0.0,False,N/A,100,0.05,US.NVDA,13.15,12.75,7.0,18.0,,,,,,,,13.24,13.74906976744,44.0,0.0,0.0,0.0,0.0,0.0,0.0,0,0.0,NORMAL,False,,,,,,,,,,,,,,,,,False,,N/A,,,,,,,,,,,,,,,,,,,N/A,,True,PUT,2026-09-04,230.0,100.0,123,41.264,3.045,-0.566042287,0.016056119,0.235358934,-0.175030683,-0.085764137,N/A,26,N/A,N/A,AMERICAN,100.0,N/A,False,,,,False,,,,False,,,,,,False,,,,,,N/A,N/A,N/A,N/A,N/A,N/A,N/A,N/A,N/A,N/A,N/A,N/A,N/A,N/A,N/A,N/A,N/A,N/A,N/A,N/A,N/A,N/A,N/A
US.NVDA260904C235000,NVDA 260904 235.00C,2026-08-07 15:59:50,5.7,5.5,6.2,4.85,4.65,889.0,490957.0,0.0,False,N/A,100,0.05,US.NVDA,5.75,5.6,23.0,55.0,,,,,,,,29.032,5.522575928,41.026,0.0,0.0,0.0,0.0,0.0,0.0,0,0.0,NORMAL,False,,,,,,,,,,,,,,,,,False,,N/A,,,,,,,,,,,,,,,,,,,N/A,,True,CALL,2026-09-04,235.0,100.0,3591,41.03,7.474,0.359981727,0.015219829,0.224111822,-0.185293563,0.053626768,N/A,26,N/A,N/A,AMERICAN,100.0,N/A,False,,,,False,,,,False,,,,,,False,,,,,,N/A,N/A,N/A,N/A,N/A,N/A,N/A,N/A,N/A,N/A,N/A,N/A,N/A,N/A,N/A,N/A,N/A,N/A,N/A,N/A,N/A,N/A,N/A
US.NVDA260904P235000,NVDA 260904 235.00P,2026-08-07 15:46:08,16.8,17.2,18.12,16.02,20.099,52.0,88301.0,0.0,False,N/A,100,0.05,US.NVDA,16.35,15.85,6.0,11.0,,,,,,,,10.448,16.98096153846,29.412,0.0,0.0,0.0,0.0,0.0,0.0,0,0.0,NORMAL,False,,,,,,,,,,,,,,,,,False,,N/A,,,,,,,,,,,,,,,,,,,N/A,,True,PUT,2026-09-04,235.0,100.0,88,40.939,2.571,-0.643242751,0.015420832,0.22291081,-0.162052349,-0.095370932,N/A,26,N/A,N/A,AMERICAN,100.0,N/A,False,,,,False,,,,False,,,,,,False,,,,,,N/A,N/A,N/A,N/A,N/A,N/A,N/A,N/A,N/A,N/A,N/A,N/A,N/A,N/A,N/A,N/A,N/A,N/A,N/A,N/A,N/A,N/A,N/A
US.NVDA260904C240000,NVDA 260904 240.00C,2026-08-07 15:59:21,4.3,4.0,4.6,3.55,3.45,2010.0,806141.0,0.0,False,N/A,100,0.05,US.NVDA,4.3,4.15,30.0,27.0,,,,,,,,30.435,4.01065174129,-5.263,0.0,0.0,0.0,0.0,0.0,0.0,0,0.0,NORMAL,False,,,,,,,,,,,,,,,,,False,,N/A,,,,,,,,,,,,,,,,,,,N/A,,True,CALL,2026-09-04,240.0,100.0,5679,40.925,9.081,0.290468817,0.013971945,0.205202986,-0.168088921,0.043524871,N/A,26,N/A,N/A,AMERICAN,100.0,N/A,False,,,,False,,,,False,,,,,,False,,,,,,N/A,N/A,N/A,N/A,N/A,N/A,N/A,N/A,N/A,N/A,N/A,N/A,N/A,N/A,N/A,N/A,N/A,N/A,N/A,N/A,N/A,N/A,N/A
US.NVDA260904P240000,NVDA 260904 240.00P,2026-08-07 09:30:00,23.9126,0.0,0.0,0.0,23.9126,0.0,0.0,0.0,False,N/A,100,0.05,US.NVDA,20.2,19.25,6.0,5.0,,,,,,,,0.0,0.0,-9.091,0.0,0.0,0.0,0.0,0.0,0.0,0,0.0,NORMAL,False,,,,,,,,,,,,,,,,,False,,N/A,,,,,,,,,,,,,,,,,,,N/A,,True,PUT,2026-09-04,240.0,100.0,16,41.179,3.514,-0.711864137,0.014143203,0.203749315,-0.146468103,-0.102656335,N/A,26,N/A,N/A,AMERICAN,100.0,N/A,False,,,,False,,,,False,,,,,,False,,,,,,N/A,N/A,N/A,N/A,N/A,N/A,N/A,N/A,N/A,N/A,N/A,N/A,N/A,N/A,N/A,N/A,N/A,N/A,N/A,N/A,N/A,N/A,N/A
US.NVDA260904C245000,NVDA 260904 245.00C,2026-08-07 15:59:25,3.1,2.98,3.4,2.61,2.48,2134.0,632652.0,0.0,False,N/A,100,0.05,US.NVDA,3.15,3.0,76.0,59.0,,,,,,,,31.855,2.9646298031800002,-12.593,0.0,0.0,0.0,0.0,0.0,0.0,0,0.0,NORMAL,False,,,,,,,,,,,,,,,,,False,,N/A,,,,,,,,,,,,,,,,,,,N/A,,True,CALL,2026-09-04,245.0,100.0,2206,40.775,10.778,0.228591124,0.012387632,0.181256566,-0.146963934,0.03443184,N/A,26,N/A,N/A,AMERICAN,100.0,N/A,False,,,,False,,,,False,,,,,,False,,,,,,N/A,N/A,N/A,N/A,N/A,N/A,N/A,N/A,N/A,N/A,N/A,N/A,N/A,N/A,N/A,N/A,N/A,N/A,N/A,N/A,N/A,N/A,N/A
US.NVDA260904P245000,NVDA 260904 245.00P,2026-08-07 15:46:31,24.4,24.03,24.4,23.67,27.963,17.0,41370.0,0.0,False,N/A,100,0.05,US.NVDA,24.1,23.1,11.0,5.0,,,,,,,,2.611,24.33529411764,-37.5,0.0,0.0,0.0,0.0,0.0,0.0,0,0.0,NORMAL,False,,,,,,,,,,,,,,,,,False,,N/A,,,,,,,,,,,,,,,,,,,N/A,,True,PUT,2026-09-04,245.0,100.0,56,41.156,1.5,-0.773953827,0.012644566,0.179194175,-0.125902287,-0.106990123,N/A,26,N/A,N/A,AMERICAN,100.0,N/A,False,,,,False,,,,False,,,,,,False,,,,,,N/A,N/A,N/A,N/A,N/A,N/A,N/A,N/A,N/A,N/A,N/A,N/A,N/A,N/A,N/A,N/A,N/A,N/A,N/A,N/A,N/A,N/A,N/A
US.NVDA260904C250000,NVDA 260904 250.00C,2026-08-07 15:59:38,2.24,2.27,2.48,1.85,1.865,1533.0,327203.0,0.0,False,N/A,100,0.01,US.NVDA,2.25,2.12,35.0,100.0,,,,,,,,33.78,2.1343966079500003,48.148,0.0,0.0,0.0,0.0,0.0,0.0,0,0.0,NORMAL,False,,,,,,,,,,,,,,,,,False,,N/A,,,,,,,,,,,,,,,,,,,N/A,,True,CALL,2026-09-04,250.0,100.0,2747,40.584,12.627,0.175253906,0.010611958,0.154539164,-0.123899394,0.026521363,N/A,26,N/A,N/A,AMERICAN,100.0,N/A,False,,,,False,,,,False,,,,,,False,,,,,,N/A,N/A,N/A,N/A,N/A,N/A,N/A,N/A,N/A,N/A,N/A,N/A,N/A,N/A,N/A,N/A,N/A,N/A,N/A,N/A,N/A,N/A,N/A
US.NVDA260904P250000,NVDA 260904 250.00P,2026-08-07 15:08:22,28.98,28.98,28.98,28.98,32.3692,4.0,11592.0,0.0,False,N/A,100,0.05,US.NVDA,28.25,27.15,10.0,5.0,,,,,,,,0.0,28.98,-33.333,0.0,0.0,0.0,0.0,0.0,0.0,0,0.0,NORMAL,False,,,,,,,,,,,,,,,,,False,,N/A,,,,,,,,,,,,,,,,,,,N/A,,True,PUT,2026-09-04,250.0,100.0,5,40.866,1.312,-0.829513537,0.011014488,0.150578739,-0.101975173,-0.107395328,N/A,26,N/A,N/A,AMERICAN,100.0,N/A,False,,,,False,,,,False,,,,,,False,,,,,,N/A,N/A,N/A,N/A,N/A,N/A,N/A,N/A,N/A,N/A,N/A,N/A,N/A,N/A,N/A,N/A,N/A,N/A,N/A,N/A,N/A,N/A,N/A
US.NVDA260904C255000,NVDA 260904 255.00C,2026-08-07 15:53:59,1.51,1.58,1.77,1.36,1.38,253.0,36929.0,0.0,False,N/A,100,0.01,US.NVDA,1.65,1.55,48.0,29.0,,,,,,,,29.71,1.45964426877,-24.675,0.0,0.0,0.0,0.0,0.0,0.0,0,0.0,NORMAL,False,,,,,,,,,,,,,,,,,False,,N/A,,,,,,,,,,,,,,,,,,,N/A,,True,CALL,2026-09-04,255.0,100.0,875,41.027,14.533,0.135059729,0.008836275,0.1300821,-0.104747202,0.020498804,N/A,26,N/A,N/A,AMERICAN,100.0,N/A,False,,,,False,,,,False,,,,,,False,,,,,,N/A,N/A,N/A,N/A,N/A,N/A,N/A,N/A,N/A,N/A,N/A,N/A,N/A,N/A,N/A,N/A,N/A,N/A,N/A,N/A,N/A,N/A,N/A
US.NVDA260904P255000,NVDA 260904 255.00P,2026-08-07 09:30:00,36.9123,0.0,0.0,0.0,36.9123,0.0,0.0,0.0,False,N/A,100,0.05,US.NVDA,32.8,31.55,9.0,5.0,,,,,,,,0.0,0.0,-28.571,0.0,0.0,0.0,0.0,0.0,0.0,0,0.0,NORMAL,False,,,,,,,,,,,,,,,,,False,,N/A,,,,,,,,,,,,,,,,,,,N/A,,True,PUT,2026-09-04,255.0,100.0,50,41.689,2.621,-0.868895936,0.009371179,0.125872849,-0.084623548,-0.105012135,N/A,26,N/A,N/A,AMERICAN,100.0,N/A,False,,,,False,,,,False,,,,,,False,,,,,,N/A,N/A,N/A,N/A,N/A,N/A,N/A,N/A,N/A,N/A,N/A,N/A,N/A,N/A,N/A,N/A,N/A,N/A,N/A,N/A,N/A,N/A,N/A
US.NVDA260904C260000,NVDA 260904 260.00C,2026-08-07 15:58:24,1.14,1.08,1.32,0.97,1.01,688.0,78530.0,0.0,False,N/A,100,0.01,US.NVDA,1.2,1.09,102.0,65.0,,,,,,,,34.653,1.1414244186,-22.156,0.0,0.0,0.0,0.0,0.0,0.0,0,0.0,NORMAL,False,,,,,,,,,,,,,,,,,False,,N/A,,,,,,,,,,,,,,,,,,,N/A,,True,CALL,2026-09-04,260.0,100.0,844,41.291,16.601,0.101895628,0.007192324,0.106563996,-0.085801173,0.015509787,N/A,26,N/A,N/A,AMERICAN,100.0,N/A,False,,,,False,,,,False,,,,,,False,,,,,,N/A,N/A,N/A,N/A,N/A,N/A,N/A,N/A,N/A,N/A,N/A,N/A,N/A,N/A,N/A,N/A,N/A,N/A,N/A,N/A,N/A,N/A,N/A
US.NVDA260904P260000,NVDA 260904 260.00P,2026-08-07 15:11:37,37.94,37.85,37.94,36.27,41.5746,9.0,33560.0,0.0,False,N/A,100,0.05,US.NVDA,37.35,35.8,5.0,7.0,,,,,,,,4.017,37.28888888888,16.667,0.0,0.0,0.0,0.0,0.0,0.0,0,0.0,NORMAL,False,,,,,,,,,,,,,,,,,False,,N/A,,,,,,,,,,,,,,,,,,,N/A,,True,PUT,2026-09-04,260.0,100.0,92,40.3,0.848,-0.915896109,0.007789596,0.090182997,-0.055272577,-0.092275147,N/A,26,N/A,N/A,AMERICAN,100.0,N/A,False,,,,False,,,,False,,,,,,False,,,,,,N/A,N/A,N/A,N/A,N/A,N/A,N/A,N/A,N/A,N/A,N/A,N/A,N/A,N/A,N/A,N/A,N/A,N/A,N/A,N/A,N/A,N/A,N/A
US.NVDA260904C265000,NVDA 260904 265.00C,2026-08-07 15:57:24,0.76,0.76,0.96,0.7,0.76,237.0,20138.0,0.0,False,N/A,100,0.01,US.NVDA,0.87,0.78,67.0,121.0,,,,,,,,34.211,0.84970464135,28.723,0.0,0.0,0.0,0.0,0.0,0.0,0,0.0,NORMAL,False,,,,,,,,,,,,,,,,,False,,N/A,,,,,,,,,,,,,,,,,,,N/A,,True,CALL,2026-09-04,265.0,100.0,873,41.709,18.664,0.076689468,0.00576195,0.086239399,-0.069688311,0.011699431,N/A,26,N/A,N/A,AMERICAN,100.0,N/A,False,,,,False,,,,False,,,,,,False,,,,,,N/A,N/A,N/A,N/A,N/A,N/A,N/A,N/A,N/A,N/A,N/A,N/A,N/A,N/A,N/A,N/A,N/A,N/A,N/A,N/A,N/A,N/A,N/A
US.NVDA260904P265000,NVDA 260904 265.00P,2026-08-07 09:30:00,46.3589,0.0,0.0,0.0,46.3589,0.0,0.0,0.0,False,N/A,100,0.05,US.NVDA,42.15,40.85,5.0,5.0,,,,,,,,0.0,0.0,0.0,0.0,0.0,0.0,0.0,0.0,0.0,0,0.0,NORMAL,False,,,,,,,,,,,,,,,,,False,,N/A,,,,,,,,,,,,,,,,,,,N/A,,True,PUT,2026-09-04,265.0,100.0,20,43.221,2.374,-0.927337529,0.006695506,0.080480896,-0.052448974,-0.090186388,N/A,26,N/A,N/A,AMERICAN,100.0,N/A,False,,,,False,,,,False,,,,,,False,,,,,,N/A,N/A,N/A,N/A,N/A,N/A,N/A,N/A,N/A,N/A,N/A,N/A,N/A,N/A,N/A,N/A,N/A,N/A,N/A,N/A,N/A,N/A,N/A
US.NVDA260904C270000,NVDA 260904 270.00C,2026-08-07 15:58:46,0.63,0.69,0.72,0.52,0.59,199.0,12398.0,0.0,False,N/A,100,0.01,US.NVDA,0.66,0.59,89.0,66.0,,,,,,,,33.898,0.62301507537,-14.839,0.0,0.0,0.0,0.0,0.0,0.0,0,0.0,NORMAL,False,,,,,,,,,,,,,,,,,False,,N/A,,,,,,,,,,,,,,,,,,,N/A,,True,CALL,2026-09-04,270.0,100.0,1989,42.604,20.838,0.059452194,0.004633815,0.070846527,-0.058129657,0.009080225,N/A,26,N/A,N/A,AMERICAN,100.0,N/A,False,,,,False,,,,False,,,,,,False,,,,,,N/A,N/A,N/A,N/A,N/A,N/A,N/A,N/A,N/A,N/A,N/A,N/A,N/A,N/A,N/A,N/A,N/A,N/A,N/A,N/A,N/A,N/A,N/A
US.NVDA260904P270000,NVDA 260904 270.00P,2026-08-07 11:59:26,46.5,48.1,48.1,45.7,51.222,42.0,196020.0,0.0,False,N/A,100,0.05,US.NVDA,46.9,45.75,2.0,2.0,,,,,,,,4.685,46.67142857142,0.0,0.0,0.0,0.0,0.0,0.0,0.0,0,0.0,NORMAL,False,,,,,,,,,,,,,,,,,False,,N/A,,,,,,,,,,,,,,,,,,,N/A,,True,PUT,2026-09-04,270.0,100.0,1,44.357,0.205,-0.946309704,0.005714042,0.06282432,-0.040595153,-0.079795117,N/A,26,N/A,N/A,AMERICAN,100.0,N/A,False,,,,False,,,,False,,,,,,False,,,,,,N/A,N/A,N/A,N/A,N/A,N/A,N/A,N/A,N/A,N/A,N/A,N/A,N/A,N/A,N/A,N/A,N/A,N/A,N/A,N/A,N/A,N/A,N/A
US.NVDA260904C275000,NVDA 260904 275.00C,2026-08-07 14:19:45,0.42,0.55,0.55,0.42,0.475,76.0,3901.0,0.0,False,N/A,100,0.01,US.NVDA,0.5,0.41,55.0,172.0,,,,,,,,27.368,0.51328947368,51.542,0.0,0.0,0.0,0.0,0.0,0.0,0,0.0,NORMAL,False,,,,,,,,,,,,,,,,,False,,N/A,,,,,,,,,,,,,,,,,,,N/A,,True,CALL,2026-09-04,275.0,100.0,230,43.123,22.977,0.044725327,0.003650987,0.056506881,-0.046636582,0.00684185,N/A,26,N/A,N/A,AMERICAN,100.0,N/A,False,,,,False,,,,False,,,,,,False,,,,,,N/A,N/A,N/A,N/A,N/A,N/A,N/A,N/A,N/A,N/A,N/A,N/A,N/A,N/A,N/A,N/A,N/A,N/A,N/A,N/A,N/A,N/A,N/A
US.NVDA260904P275000,NVDA 260904 275.00P,2026-08-07 09:30:00,56.1378,0.0,0.0,0.0,56.1378,0.0,0.0,0.0,False,N/A,100,0.05,US.NVDA,54.8,48.4,1.0,1.0,,,,,,,,0.0,0.0,0.0,0.0,0.0,0.0,0.0,0.0,0.0,0,0.0,NORMAL,False,,,,,,,,,,,,,,,,,False,,N/A,,,,,,,,,,,,,,,,,,,N/A,,True,PUT,2026-09-04,275.0,100.0,25,51.683,2.275,-0.928786729,0.005355668,0.07962547,-0.063365153,-0.097351579,N/A,26,N/A,N/A,AMERICAN,100.0,N/A,False,,,,False,,,,False,,,,,,False,,,,,,N/A,N/A,N/A,N/A,N/A,N/A,N/A,N/A,N/A,N/A,N/A,N/A,N/A,N/A,N/A,N/A,N/A,N/A,N/A,N/A,N/A,N/A,N/A
US.NVDA260904C280000,NVDA 260904 280.00C,2026-08-07 15:33:56,0.35,0.43,0.43,0.35,0.375,34.0,1390.0,0.0,False,N/A,100,0.01,US.NVDA,0.4,0.32,55.0,80.0,,,,,,,,21.333,0.40882352941,18.519,0.0,0.0,0.0,0.0,0.0,0.0,0,0.0,NORMAL,False,,,,,,,,,,,,,,,,,False,,N/A,,,,,,,,,,,,,,,,,,,N/A,,True,CALL,2026-09-04,280.0,100.0,242,44.269,25.178,0.035657627,0.00295837,0.04700956,-0.039619739,0.005456697,N/A,26,N/A,N/A,AMERICAN,100.0,N/A,False,,,,False,,,,False,,,,,,False,,,,,,N/A,N/A,N/A,N/A,N/A,N/A,N/A,N/A,N/A,N/A,N/A,N/A,N/A,N/A,N/A,N/A,N/A,N/A,N/A,N/A,N/A,N/A,N/A
US.NVDA260904P280000,NVDA 260904 280.00P,2026-08-07 09:30:00,61.074,0.0,0.0,0.0,61.074,0.0,0.0,0.0,False,N/A,100,0.05,US.NVDA,60.6,53.2,1.0,1.0,,,,,,,,0.0,0.0,0.0,0.0,0.0,0.0,0.0,0.0,0.0,0,0.0,NORMAL,False,,,,,,,,,,,,,,,,,False,,N/A,,,,,,,,,,,,,,,,,,,N/A,,True,PUT,2026-09-04,280.0,100.0,0,58.706,2.247,-0.915532556,0.005049797,0.091331122,-0.085475703,-0.108845406,N/A,26,N/A,N/A,AMERICAN,100.0,N/A,False,,,,False,,,,False,,,,,,False,,,,,,N/A,N/A,N/A,N/A,N/A,N/A,N/A,N/A,N/A,N/A,N/A,N/A,N/A,N/A,N/A,N/A,N/A,N/A,N/A,N/A,N/A,N/A,N/A
US.NVDA260904C285000,NVDA 260904 285.00C,2026-08-07 11:24:37,0.33,0.44,0.44,0.33,0.305,2.0,77.0,0.0,False,N/A,100,0.01,US.NVDA,0.36,0.23,129.0,154.0,,,,,,,,36.066,0.385,8.834,0.0,0.0,0.0,0.0,0.0,0.0,0,0.0,NORMAL,False,,,,,,,,,,,,,,,,,False,,N/A,,,,,,,,,,,,,,,,,,,N/A,,True,CALL,2026-09-04,285.0,100.0,61,45.591,27.402,0.029191575,0.002435341,0.039858679,-0.034433214,0.004466996,N/A,26,N/A,N/A,AMERICAN,100.0,N/A,False,,,,False,,,,False,,,,,,False,,,,,,N/A,N/A,N/A,N/A,N/A,N/A,N/A,N/A,N/A,N/A,N/A,N/A,N/A,N/A,N/A,N/A,N/A,N/A,N/A,N/A,N/A,N/A,N/A
US.NVDA260904P285000,NVDA 260904 285.00P,2026-08-07 09:30:00,66.0372,0.0,0.0,0.0,66.0372,0.0,0.0,0.0,False,N/A,100,0.05,US.NVDA,65.55,58.15,1.0,1.0,,,,,,,,0.0,0.0,0.0,0.0,0.0,0.0,0.0,0.0,0.0,0,0.0,NORMAL,False,,,,,,,,,,,,,,,,,False,,N/A,,,,,,,,,,,,,,,,,,,N/A,,True,PUT,2026-09-04,285.0,100.0,0,61.609,2.231,-0.921607419,0.004594826,0.08625831,-0.084430405,-0.108912014,N/A,26,N/A,N/A,AMERICAN,100.0,N/A,False,,,,False,,,,False,,,,,,False,,,,,,N/A,N/A,N/A,N/A,N/A,N/A,N/A,N/A,N/A,N/A,N/A,N/A,N/A,N/A,N/A,N/A,N/A,N/A,N/A,N/A,N/A,N/A,N/A
US.NVDA260904C290000,NVDA 260904 290.00C,2026-08-07 13:44:58,0.22,0.28,0.32,0.22,0.2636,9.0,230.0,0.0,False,N/A,100,0.01,US.NVDA,0.26,0.19,10.0,146.0,,,,,,,,37.936,0.25555555555000004,87.179,0.0,0.0,0.0,0.0,0.0,0.0,0,0.0,NORMAL,False,,,,,,,,,,,,,,,,,False,,N/A,,,,,,,,,,,,,,,,,,,N/A,,True,CALL,2026-09-04,290.0,100.0,143,46.314,29.585,0.022656814,0.001939163,0.032246406,-0.028143853,0.003469864,N/A,26,N/A,N/A,AMERICAN,100.0,N/A,False,,,,False,,,,False,,,,,,False,,,,,,N/A,N/A,N/A,N/A,N/A,N/A,N/A,N/A,N/A,N/A,N/A,N/A,N/A,N/A,N/A,N/A,N/A,N/A,N/A,N/A,N/A,N/A,N/A
US.NVDA260904P290000,NVDA 260904 290.00P,2026-08-07 09:30:00,71.0221,0.0,0.0,0.0,71.0221,0.0,0.0,0.0,False,N/A,100,0.05,US.NVDA,70.55,63.4,1.0,1.0,,,,,,,,0.0,0.0,0.0,0.0,0.0,0.0,0.0,0.0,0.0,0,0.0,NORMAL,False,,,,,,,,,,,,,,,,,False,,N/A,,,,,,,,,,,,,,,,,,,N/A,,True,PUT,2026-09-04,290.0,100.0,0,66.414,2.224,-0.918788742,0.004306757,0.088784261,-0.094768147,-0.113779931,N/A,26,N/A,N/A,AMERICAN,100.0,N/A,False,,,,False,,,,False,,,,,,False,,,,,,N/A,N/A,N/A,N/A,N/A,N/A,N/A,N/A,N/A,N/A,N/A,N/A,N/A,N/A,N/A,N/A,N/A,N/A,N/A,N/A,N/A,N/A,N/A
US.NVDA260904C295000,NVDA 260904 295.00C,2026-08-07 11:47:11,0.28,0.28,0.28,0.28,0.2339,1.0,28.0,0.0,False,N/A,100,0.01,US.NVDA,0.25,0.16,141.0,147.0,,,,,,,,0.0,0.28,2.083,0.0,0.0,0.0,0.0,0.0,0.0,0,0.0,NORMAL,False,,,,,,,,,,,,,,,,,False,,N/A,,,,,,,,,,,,,,,,,,,N/A,,True,CALL,2026-09-04,295.0,100.0,35,48.209,31.844,0.020151427,0.001687204,0.029206239,-0.026450818,0.003082672,N/A,26,N/A,N/A,AMERICAN,100.0,N/A,False,,,,False,,,,False,,,,,,False,,,,,,N/A,N/A,N/A,N/A,N/A,N/A,N/A,N/A,N/A,N/A,N/A,N/A,N/A,N/A,N/A,N/A,N/A,N/A,N/A,N/A,N/A,N/A,N/A
US.NVDA260904P295000,NVDA 260904 295.00P,2026-08-07 09:30:00,76.0129,0.0,0.0,0.0,76.0129,0.0,0.0,0.0,False,N/A,100,0.05,US.NVDA,75.55,68.15,1.0,1.0,,,,,,,,0.0,0.0,0.0,0.0,0.0,0.0,0.0,0.0,0.0,0,0.0,NORMAL,False,,,,,,,,,,,,,,,,,False,,N/A,,,,,,,,,,,,,,,,,,,N/A,,True,PUT,2026-09-04,295.0,100.0,0,68.228,2.22,-0.927387878,0.003931786,0.08137232,-0.088346942,-0.111675934,N/A,26,N/A,N/A,AMERICAN,100.0,N/A,False,,,,False,,,,False,,,,,,False,,,,,,N/A,N/A,N/A,N/A,N/A,N/A,N/A,N/A,N/A,N/A,N/A,N/A,N/A,N/A,N/A,N/A,N/A,N/A,N/A,N/A,N/A,N/A,N/A
US.NVDA260904C300000,NVDA 260904 300.00C,2026-08-07 15:32:05,0.18,0.19,0.21,0.16,0.2041,343.0,6505.0,0.0,False,N/A,100,0.01,US.NVDA,0.2,0.13,188.0,99.0,,,,,,,,24.498,0.18965014577000003,-31.01,0.0,0.0,0.0,0.0,0.0,0.0,0,0.0,NORMAL,False,,,,,,,,,,,,,,,,,False,,N/A,,,,,,,,,,,,,,,,,,,N/A,,True,CALL,2026-09-04,300.0,100.0,714,49.155,34.032,0.016320319,0.001382532,0.024405482,-0.022433113,0.002497344,N/A,26,N/A,N/A,AMERICAN,100.0,N/A,False,,,,False,,,,False,,,,,,False,,,,,,N/A,N/A,N/A,N/A,N/A,N/A,N/A,N/A,N/A,N/A,N/A,N/A,N/A,N/A,N/A,N/A,N/A,N/A,N/A,N/A,N/A,N/A,N/A
US.NVDA260904P300000,NVDA 260904 300.00P,2026-08-07 09:30:00,81.01,0.0,0.0,0.0,81.01,0.0,0.0,0.0,False,N/A,100,0.05,US.NVDA,80.65,73.15,1.0,1.0,,,,,,,,0.0,0.0,0.0,0.0,0.0,0.0,0.0,0.0,0.0,0,0.0,NORMAL,False,,,,,,,,,,,,,,,,,False,,N/A,,,,,,,,,,,,,,,,,,,N/A,,True,PUT,2026-09-04,300.0,100.0,0,72.026,2.219,-0.927537374,0.003696765,0.081317435,-0.093663176,-0.114547482,N/A,26,N/A,N/A,AMERICAN,100.0,N/A,False,,,,False,,,,False,,,,,,False,,,,,,N/A,N/A,N/A,N/A,N/A,N/A,N/A,N/A,N/A,N/A,N/A,N/A,N/A,N/A,N/A,N/A,N/A,N/A,N/A,N/A,N/A,N/A,N/A
US.NVDA260904C305000,NVDA 260904 305.00C,2026-08-07 09:30:00,0.1744,0.0,0.0,0.0,0.1744,0.0,0.0,0.0,False,N/A,100,0.01,US.NVDA,0.2,0.11,164.0,131.0,,,,,,,,0.0,0.0,-11.186,0.0,0.0,0.0,0.0,0.0,0.0,0,0.0,NORMAL,False,,,,,,,,,,,,,,,,,False,,N/A,,,,,,,,,,,,,,,,,,,N/A,,True,CALL,2026-09-04,305.0,100.0,37,51.078,36.262,0.014928515,0.001232517,0.022609006,-0.021542194,0.002281453,N/A,26,N/A,N/A,AMERICAN,100.0,N/A,False,,,,False,,,,False,,,,,,False,,,,,,N/A,N/A,N/A,N/A,N/A,N/A,N/A,N/A,N/A,N/A,N/A,N/A,N/A,N/A,N/A,N/A,N/A,N/A,N/A,N/A,N/A,N/A,N/A
US.NVDA260904P305000,NVDA 260904 305.00P,2026-08-07 09:30:00,86.01,0.0,0.0,0.0,86.01,0.0,0.0,0.0,False,N/A,100,0.05,US.NVDA,85.65,78.2,1.0,1.0,,,,,,,,0.0,0.0,0.0,0.0,0.0,0.0,0.0,0.0,0.0,0,0.0,NORMAL,False,,,,,,,,,,,,,,,,,False,,N/A,,,,,,,,,,,,,,,,,,,N/A,,True,PUT,2026-09-04,305.0,100.0,0,75.448,2.219,-0.928680021,0.003480664,0.080364963,-0.097204026,-0.116636604,N/A,26,N/A,N/A,AMERICAN,100.0,N/A,False,,,,False,,,,False,,,,,,False,,,,,,N/A,N/A,N/A,N/A,N/A,N/A,N/A,N/A,N/A,N/A,N/A,N/A,N/A,N/A,N/A,N/A,N/A,N/A,N/A,N/A,N/A,N/A,N/A
US.NVDA260904C310000,NVDA 260904 310.00C,2026-08-07 12:02:27,0.14,0.15,0.15,0.14,0.1593,60.0,870.0,0.0,False,N/A,100,0.01,US.NVDA,0.19,0.09,172.0,125.0,,,,,,,,6.277,0.145,-15.825,0.0,0.0,0.0,0.0,0.0,0.0,0,0.0,NORMAL,False,,,,,,,,,,,,,,,,,False,,N/A,,,,,,,,,,,,,,,,,,,N/A,,True,CALL,2026-09-04,310.0,100.0,13,52.655,38.48,0.013269592,0.001080189,0.0204276,-0.020007479,0.002026335,N/A,26,N/A,N/A,AMERICAN,100.0,N/A,False,,,,False,,,,False,,,,,,False,,,,,,N/A,N/A,N/A,N/A,N/A,N/A,N/A,N/A,N/A,N/A,N/A,N/A,N/A,N/A,N/A,N/A,N/A,N/A,N/A,N/A,N/A,N/A,N/A
US.NVDA260904P310000,NVDA 260904 310.00P,2026-08-07 09:30:00,91.01,0.0,0.0,0.0,91.01,0.0,0.0,0.0,False,N/A,100,0.05,US.NVDA,90.55,83.15,1.0,1.0,,,,,,,,0.0,0.0,0.0,0.0,0.0,0.0,0.0,0.0,0.0,0,0.0,NORMAL,False,,,,,,,,,,,,,,,,,False,,N/A,,,,,,,,,,,,,,,,,,,N/A,,True,PUT,2026-09-04,310.0,100.0,0,77.516,2.219,-0.933923977,0.003240177,0.075667554,-0.09345995,-0.115592682,N/A,26,N/A,N/A,AMERICAN,100.0,N/A,False,,,,False,,,,False,,,,,,False,,,,,,N/A,N/A,N/A,N/A,N/A,N/A,N/A,N/A,N/A,N/A,N/A,N/A,N/A,N/A,N/A,N/A,N/A,N/A,N/A,N/A,N/A,N/A,N/A
US.NVDA260904C315000,NVDA 260904 315.00C,2026-08-07 13:51:24,0.12,0.12,0.12,0.12,0.1442,2.0,24.0,0.0,False,N/A,100,0.01,US.NVDA,0.18,0.05,126.0,156.0,,,,,,,,0.0,0.12,10.638,0.0,0.0,0.0,0.0,0.0,0.0,0,0.0,NORMAL,False,,,,,,,,,,,,,,,,,False,,N/A,,,,,,,,,,,,,,,,,,,N/A,,True,CALL,2026-09-04,315.0,100.0,40,53.518,40.703,0.01095475,0.000900028,0.017301875,-0.017153519,0.001673261,N/A,26,N/A,N/A,AMERICAN,100.0,N/A,False,,,,False,,,,False,,,,,,False,,,,,,N/A,N/A,N/A,N/A,N/A,N/A,N/A,N/A,N/A,N/A,N/A,N/A,N/A,N/A,N/A,N/A,N/A,N/A,N/A,N/A,N/A,N/A,N/A
US.NVDA260904P315000,NVDA 260904 315.00P,2026-08-07 09:30:00,96.01,0.0,0.0,0.0,96.01,0.0,0.0,0.0,False,N/A,100,0.05,US.NVDA,95.65,88.1,2.0,1.0,,,,,,,,0.0,0.0,-33.333,0.0,0.0,0.0,0.0,0.0,0.0,0,0.0,NORMAL,False,,,,,,,,,,,,,,,,,False,,N/A,,,,,,,,,,,,,,,,,,,N/A,,True,PUT,2026-09-04,315.0,100.0,0,80.797,2.219,-0.934638787,0.0030762,0.07506447,-0.096873234,-0.117689075,N/A,26,N/A,N/A,AMERICAN,100.0,N/A,False,,,,False,,,,False,,,,,,False,,,,,,N/A,N/A,N/A,N/A,N/A,N/A,N/A,N/A,N/A,N/A,N/A,N/A,N/A,N/A,N/A,N/A,N/A,N/A,N/A,N/A,N/A,N/A,N/A
US.NVDA260904C320000,NVDA 260904 320.00C,2026-08-07 09:30:00,0.1292,0.0,0.0,0.0,0.1292,0.0,0.0,0.0,False,N/A,100,0.01,US.NVDA,0.17,0.06,169.0,90.0,,,,,,,,0.0,0.0,-30.502,0.0,0.0,0.0,0.0,0.0,0.0,0,0.0,NORMAL,False,,,,,,,,,,,,,,,,,False,,N/A,,,,,,,,,,,,,,,,,,,N/A,,True,CALL,2026-09-04,320.0,100.0,4,55.642,42.94,0.010592023,0.000840666,0.01680153,-0.01729693,0.00161513,N/A,26,N/A,N/A,AMERICAN,100.0,N/A,False,,,,False,,,,False,,,,,,False,,,,,,N/A,N/A,N/A,N/A,N/A,N/A,N/A,N/A,N/A,N/A,N/A,N/A,N/A,N/A,N/A,N/A,N/A,N/A,N/A,N/A,N/A,N/A,N/A
US.NVDA260904P320000,NVDA 260904 320.00P,2026-08-07 09:30:00,101.01,0.0,0.0,0.0,101.01,0.0,0.0,0.0,False,N/A,100,0.05,US.NVDA,99.65,93.35,1.0,1.0,,,,,,,,0.0,0.0,0.0,0.0,0.0,0.0,0.0,0.0,0.0,0,0.0,NORMAL,False,,,,,,,,,,,,,,,,,False,,N/A,,,,,,,,,,,,,,,,,,,N/A,,True,PUT,2026-09-04,320.0,100.0,0,77.934,2.219,-0.953648688,0.00269582,0.056605989,-0.067516669,-0.101707675,N/A,26,N/A,N/A,AMERICAN,100.0,N/A,False,,,,False,,,,False,,,,,,False,,,,,,N/A,N/A,N/A,N/A,N/A,N/A,N/A,N/A,N/A,N/A,N/A,N/A,N/A,N/A,N/A,N/A,N/A,N/A,N/A,N/A,N/A,N/A,N/A
US.NVDA260904C325000,NVDA 260904 325.00C,2026-08-07 09:30:00,0.1141,0.0,0.0,0.0,0.1141,0.0,0.0,0.0,False,N/A,100,0.01,US.NVDA,0.15,0.04,163.0,109.0,,,,,,,,0.0,0.0,-19.853,0.0,0.0,0.0,0.0,0.0,0.0,0,0.0,NORMAL,False,,,,,,,,,,,,,,,,,False,,N/A,,,,,,,,,,,,,,,,,,,N/A,,True,CALL,2026-09-04,325.0,100.0,18,56.413,45.166,0.008800923,0.000705251,0.014292298,-0.01485971,0.001342409,N/A,26,N/A,N/A,AMERICAN,100.0,N/A,False,,,,False,,,,False,,,,,,False,,,,,,N/A,N/A,N/A,N/A,N/A,N/A,N/A,N/A,N/A,N/A,N/A,N/A,N/A,N/A,N/A,N/A,N/A,N/A,N/A,N/A,N/A,N/A,N/A
US.NVDA260904P325000,NVDA 260904 325.00P,2026-08-07 09:30:00,106.01,0.0,0.0,0.0,106.01,0.0,0.0,0.0,False,N/A,100,0.05,US.NVDA,104.65,98.25,1.0,1.0,,,,,,,,0.0,0.0,0.0,0.0,0.0,0.0,0.0,0.0,0.0,0,0.0,NORMAL,False,,,,,,,,,,,,,,,,,False,,N/A,,,,,,,,,,,,,,,,,,,N/A,,True,PUT,2026-09-04,325.0,100.0,0,79.719,2.219,-0.957451039,0.00252613,0.052699057,-0.063785999,-0.099221041,N/A,26,N/A,N/A,AMERICAN,100.0,N/A,False,,,,False,,,,False,,,,,,False,,,,,,N/A,N/A,N/A,N/A,N/A,N/A,N/A,N/A,N/A,N/A,N/A,N/A,N/A,N/A,N/A,N/A,N/A,N/A,N/A,N/A,N/A,N/A,N/A
US.NVDA260904C330000,NVDA 260904 330.00C,2026-08-07 13:13:24,0.15,0.15,0.15,0.15,0.099,1.0,15.0,0.0,False,N/A,100,0.01,US.NVDA,0.15,0.03,128.0,115.0,,,,,,,,0.0,0.15,-5.35,0.0,0.0,0.0,0.0,0.0,0.0,0,0.0,NORMAL,False,,,,,,,,,,,,,,,,,False,,N/A,,,,,,,,,,,,,,,,,,,N/A,,True,CALL,2026-09-04,330.0,100.0,55,58.047,47.414,0.008173386,0.000642317,0.013394122,-0.014302563,0.001245421,N/A,26,N/A,N/A,AMERICAN,100.0,N/A,False,,,,False,,,,False,,,,,,False,,,,,,N/A,N/A,N/A,N/A,N/A,N/A,N/A,N/A,N/A,N/A,N/A,N/A,N/A,N/A,N/A,N/A,N/A,N/A,N/A,N/A,N/A,N/A,N/A
US.NVDA260904P330000,NVDA 260904 330.00P,2026-08-07 09:30:00,111.01,0.0,0.0,0.0,111.01,0.0,0.0,0.0,False,N/A,100,0.05,US.NVDA,109.65,103.1,1.0,1.0,,,,,,,,0.0,0.0,0.0,0.0,0.0,0.0,0.0,0.0,0.0,0,0.0,NORMAL,False,,,,,,,,,,,,,,,,,False,,N/A,,,,,,,,,,,,,,,,,,,N/A,,True,PUT,2026-09-04,330.0,100.0,0,80.837,2.219,-0.962630687,0.002351779,0.047195811,-0.05711106,-0.094043786,N/A,26,N/A,N/A,AMERICAN,100.0,N/A,False,,,,False,,,,False,,,,,,False,,,,,,N/A,N/A,N/A,N/A,N/A,N/A,N/A,N/A,N/A,N/A,N/A,N/A,N/A,N/A,N/A,N/A,N/A,N/A,N/A,N/A,N/A,N/A,N/A
US.NVDA260904C335000,NVDA 260904 335.00C,2026-08-07 09:55:36,0.08,0.08,0.08,0.08,0.0839,1.0,8.0,0.0,False,N/A,100,0.01,US.NVDA,0.1,0.03,77.0,140.0,,,,,,,,0.0,0.08,29.032,0.0,0.0,0.0,0.0,0.0,0.0,0,0.0,NORMAL,False,,,,,,,,,,,,,,,,,False,,N/A,,,,,,,,,,,,,,,,,,,N/A,,True,CALL,2026-09-04,335.0,100.0,10,57.853,49.616,0.006091531,0.000497202,0.01033627,-0.010936873,0.000929685,N/A,26,N/A,N/A,AMERICAN,100.0,N/A,False,,,,False,,,,False,,,,,,False,,,,,,N/A,N/A,N/A,N/A,N/A,N/A,N/A,N/A,N/A,N/A,N/A,N/A,N/A,N/A,N/A,N/A,N/A,N/A,N/A,N/A,N/A,N/A,N/A
US.NVDA260904P335000,NVDA 260904 335.00P,2026-08-07 09:30:00,116.01,0.0,0.0,0.0,116.01,0.0,0.0,0.0,False,N/A,100,0.05,US.NVDA,115.65,108.3,2.0,1.0,,,,,,,,0.0,0.0,-33.333,0.0,0.0,0.0,0.0,0.0,0.0,0,0.0,NORMAL,False,,,,,,,,,,,,,,,,,False,,N/A,,,,,,,,,,,,,,,,,,,N/A,,True,PUT,2026-09-04,335.0,100.0,0,93.361,2.219,-0.936644348,0.002580346,0.073374447,-0.110308838,-0.125943761,N/A,26,N/A,N/A,AMERICAN,100.0,N/A,False,,,,False,,,,False,,,,,,False,,,,,,N/A,N/A,N/A,N/A,N/A,N/A,N/A,N/A,N/A,N/A,N/A,N/A,N/A,N/A,N/A,N/A,N/A,N/A,N/A,N/A,N/A,N/A,N/A
US.NVDA260904C340000,NVDA 260904 340.00C,2026-08-07 09:30:00,0.0689,0.0,0.0,0.0,0.0689,0.0,0.0,0.0,False,N/A,100,0.01,US.NVDA,0.13,0.02,184.0,129.0,,,,,,,,0.0,0.0,-17.572,0.0,0.0,0.0,0.0,0.0,0.0,0,0.0,NORMAL,False,,,,,,,,,,,,,,,,,False,,N/A,,,,,,,,,,,,,,,,,,,N/A,,True,CALL,2026-09-04,340.0,100.0,7,60.655,51.843,0.006662073,0.00051334,0.011186647,-0.012424454,0.001013959,N/A,26,N/A,N/A,AMERICAN,100.0,N/A,False,,,,False,,,,False,,,,,,False,,,,,,N/A,N/A,N/A,N/A,N/A,N/A,N/A,N/A,N/A,N/A,N/A,N/A,N/A,N/A,N/A,N/A,N/A,N/A,N/A,N/A,N/A,N/A,N/A
US.NVDA260904P340000,NVDA 260904 340.00P,2026-08-07 09:30:00,121.01,0.0,0.0,0.0,121.01,0.0,0.0,0.0,False,N/A,100,0.05,US.NVDA,119.65,113.1,1.0,1.0,,,,,,,,0.0,0.0,0.0,0.0,0.0,0.0,0.0,0.0,0.0,0,0.0,NORMAL,False,,,,,,,,,,,,,,,,,False,,N/A,,,,,,,,,,,,,,,,,,,N/A,,True,PUT,2026-09-04,340.0,100.0,0,85.893,2.219,-0.964218325,0.002150277,0.045543212,-0.058584643,-0.095599202,N/A,26,N/A,N/A,AMERICAN,100.0,N/A,False,,,,False,,,,False,,,,,,False,,,,,,N/A,N/A,N/A,N/A,N/A,N/A,N/A,N/A,N/A,N/A,N/A,N/A,N/A,N/A,N/A,N/A,N/A,N/A,N/A,N/A,N/A,N/A,N/A
US.NVDA260904C345000,NVDA 260904 345.00C,2026-08-07 09:30:00,0.0538,0.0,0.0,0.0,0.0538,0.0,0.0,0.0,False,N/A,100,0.01,US.NVDA,0.13,0.02,41.0,49.0,,,,,,,,0.0,0.0,8.889,0.0,0.0,0.0,0.0,0.0,0.0,0,0.0,NORMAL,False,,,,,,,,,,,,,,,,,False,,N/A,,,,,,,,,,,,,,,,,,,N/A,,True,CALL,2026-09-04,345.0,100.0,118,62.502,54.069,0.006490402,0.000486802,0.010930983,-0.012498946,0.000986447,N/A,26,N/A,N/A,AMERICAN,100.0,N/A,False,,,,False,,,,False,,,,,,False,,,,,,N/A,N/A,N/A,N/A,N/A,N/A,N/A,N/A,N/A,N/A,N/A,N/A,N/A,N/A,N/A,N/A,N/A,N/A,N/A,N/A,N/A,N/A,N/A
US.NVDA260904P345000,NVDA 260904 345.00P,2026-08-07 09:30:00,126.01,0.0,0.0,0.0,126.01,0.0,0.0,0.0,False,N/A,100,0.05,US.NVDA,124.65,118.1,1.0,1.0,,,,,,,,0.0,0.0,0.0,0.0,0.0,0.0,0.0,0.0,0.0,0,0.0,NORMAL,False,,,,,,,,,,,,,,,,,False,,N/A,,,,,,,,,,,,,,,,,,,N/A,,True,PUT,2026-09-04,345.0,100.0,0,88.349,2.219,-0.964924477,0.002063367,0.044801429,-0.059286099,-0.09636595,N/A,26,N/A,N/A,AMERICAN,100.0,N/A,False,,,,False,,,,False,,,,,,False,,,,,,N/A,N/A,N/A,N/A,N/A,N/A,N/A,N/A,N/A,N/A,N/A,N/A,N/A,N/A,N/A,N/A,N/A,N/A,N/A,N/A,N/A,N/A,N/A
US.NVDA260904C350000,NVDA 260904 350.00C,2026-08-07 09:30:00,0.041,0.0,0.0,0.0,0.041,0.0,0.0,0.0,False,N/A,100,0.01,US.NVDA,0.12,0.01,165.0,120.0,,,,,,,,0.0,0.0,-15.789,0.0,0.0,0.0,0.0,0.0,0.0,0,0.0,NORMAL,False,,,,,,,,,,,,,,,,,False,,N/A,,,,,,,,,,,,,,,,,,,N/A,,True,CALL,2026-09-04,350.0,100.0,13,63.33,56.296,0.005629153,0.000423489,0.009636051,-0.011130986,0.000855583,N/A,26,N/A,N/A,AMERICAN,100.0,N/A,False,,,,False,,,,False,,,,,,False,,,,,,N/A,N/A,N/A,N/A,N/A,N/A,N/A,N/A,N/A,N/A,N/A,N/A,N/A,N/A,N/A,N/A,N/A,N/A,N/A,N/A,N/A,N/A,N/A
US.NVDA260904P350000,NVDA 260904 350.00P,2026-08-07 09:30:00,131.01,0.0,0.0,0.0,131.01,0.0,0.0,0.0,False,N/A,100,0.05,US.NVDA,129.65,123.1,1.0,1.0,,,,,,,,0.0,0.0,0.0,0.0,0.0,0.0,0.0,0.0,0.0,0,0.0,NORMAL,False,,,,,,,,,,,,,,,,,False,,N/A,,,,,,,,,,,,,,,,,,,N/A,,True,PUT,2026-09-04,350.0,100.0,0,90.759,2.219,-0.965580854,0.001984115,0.044108083,-0.05996583,-0.09712537,N/A,26,N/A,N/A,AMERICAN,100.0,N/A,False,,,,False,,,,False,,,,,,False,,,,,,N/A,N/A,N/A,N/A,N/A,N/A,N/A,N/A,N/A,N/A,N/A,N/A,N/A,N/A,N/A,N/A,N/A,N/A,N/A,N/A,N/A,N/A,N/A
US.NVDA260904C360000,NVDA 260904 360.00C,2026-08-07 15:24:00,0.04,0.04,0.04,0.04,0.0236,1.0,4.0,0.0,False,N/A,100,0.01,US.NVDA,0.11,0.01,180.0,134.0,,,,,,,,0.0,0.04,-14.65,0.0,0.0,0.0,0.0,0.0,0.0,0,0.0,NORMAL,False,,,,,,,,,,,,,,,,,False,,N/A,,,,,,,,,,,,,,,,,,,N/A,,True,CALL,2026-09-04,360.0,100.0,10,66.258,60.76,0.005028712,0.000366141,0.008716376,-0.010505029,0.000762937,N/A,26,N/A,N/A,AMERICAN,100.0,N/A,False,,,,False,,,,False,,,,,,False,,,,,,N/A,N/A,N/A,N/A,N/A,N/A,N/A,N/A,N/A,N/A,N/A,N/A,N/A,N/A,N/A,N/A,N/A,N/A,N/A,N/A,N/A,N/A,N/A
US.NVDA260904P360000,NVDA 260904 360.00P,2026-08-07 09:30:00,141.01,0.0,0.0,0.0,141.01,0.0,0.0,0.0,False,N/A,100,0.05,US.NVDA,139.7,133.1,1.0,1.0,,,,,,,,0.0,0.0,0.0,0.0,0.0,0.0,0.0,0.0,0.0,0,0.0,NORMAL,False,,,,,,,,,,,,,,,,,False,,N/A,,,,,,,,,,,,,,,,,,,N/A,,True,PUT,2026-09-04,360.0,100.0,0,96.023,2.219,-0.965470984,0.001860682,0.044292029,-0.064033656,-0.100934529,N/A,26,N/A,N/A,AMERICAN,100.0,N/A,False,,,,False,,,,False,,,,,,False,,,,,,N/A,N/A,N/A,N/A,N/A,N/A,N/A,N/A,N/A,N/A,N/A,N/A,N/A,N/A,N/A,N/A,N/A,N/A,N/A,N/A,N/A,N/A,N/A
US.NVDA260904C370000,NVDA 260904 370.00C,2026-08-07 09:30:00,0.0135,0.0,0.0,0.0,0.0135,0.0,0.0,0.0,False,N/A,100,0.01,US.NVDA,0.11,0.01,45.0,23.0,,,,,,,,0.0,0.0,-32.353,0.0,0.0,0.0,0.0,0.0,0.0,0,0.0,NORMAL,False,,,,,,,,,,,,,,,,,False,,N/A,,,,,,,,,,,,,,,,,,,N/A,,True,CALL,2026-09-04,370.0,100.0,3,69.601,65.213,0.00481761,0.000335486,0.008389052,-0.010605518,0.000729106,N/A,26,N/A,N/A,AMERICAN,100.0,N/A,False,,,,False,,,,False,,,,,,False,,,,,,N/A,N/A,N/A,N/A,N/A,N/A,N/A,N/A,N/A,N/A,N/A,N/A,N/A,N/A,N/A,N/A,N/A,N/A,N/A,N/A,N/A,N/A,N/A
US.NVDA260904P370000,NVDA 260904 370.00P,2026-08-07 09:30:00,151.01,0.0,0.0,0.0,151.01,0.0,0.0,0.0,False,N/A,100,0.05,US.NVDA,149.7,143.35,1.0,1.0,,,,,,,,0.0,0.0,0.0,0.0,0.0,0.0,0.0,0.0,0.0,0,0.0,NORMAL,False,,,,,,,,,,,,,,,,,False,,N/A,,,,,,,,,,,,,,,,,,,N/A,,True,PUT,2026-09-04,370.0,100.0,0,103.265,2.219,-0.960754441,0.001810515,0.049497593,-0.07856373,-0.112398463,N/A,26,N/A,N/A,AMERICAN,100.0,N/A,False,,,,False,,,,False,,,,,,False,,,,,,N/A,N/A,N/A,N/A,N/A,N/A,N/A,N/A,N/A,N/A,N/A,N/A,N/A,N/A,N/A,N/A,N/A,N/A,N/A,N/A,N/A,N/A,N/A
US.NVDA260904C380000,NVDA 260904 380.00C,2026-08-07 09:30:00,0.0077,0.0,0.0,0.0,0.0077,0.0,0.0,0.0,False,N/A,100,0.01,US.NVDA,0.1,0.01,19.0,19.0,,,,,,,,0.0,0.0,0.0,0.0,0.0,0.0,0.0,0.0,0.0,0,0.0,NORMAL,False,,,,,,,,,,,,,,,,,False,,N/A,,,,,,,,,,,,,,,,,,,N/A,,True,CALL,2026-09-04,380.0,100.0,3,72.195,69.676,0.00430789,0.000292704,0.007592083,-0.009929644,0.000650999,N/A,26,N/A,N/A,AMERICAN,100.0,N/A,False,,,,False,,,,False,,,,,,False,,,,,,N/A,N/A,N/A,N/A,N/A,N/A,N/A,N/A,N/A,N/A,N/A,N/A,N/A,N/A,N/A,N/A,N/A,N/A,N/A,N/A,N/A,N/A,N/A
US.NVDA260904P380000,NVDA 260904 380.00P,2026-08-07 09:30:00,161.01,0.0,0.0,0.0,161.01,0.0,0.0,0.0,False,N/A,100,0.05,US.NVDA,160.65,153.1,2.0,1.0,,,,,,,,0.0,0.0,-33.333,0.0,0.0,0.0,0.0,0.0,0.0,0,0.0,NORMAL,False,,,,,,,,,,,,,,,,,False,,N/A,,,,,,,,,,,,,,,,,,,N/A,,True,PUT,2026-09-04,380.0,100.0,0,114.056,2.219,-0.948648202,0.001854022,0.062049276,-0.112886804,-0.132890297,N/A,26,N/A,N/A,AMERICAN,100.0,N/A,False,,,,False,,,,False,,,,,,False,,,,,,N/A,N/A,N/A,N/A,N/A,N/A,N/A,N/A,N/A,N/A,N/A,N/A,N/A,N/A,N/A,N/A,N/A,N/A,N/A,N/A,N/A,N/A,N/A
US.NVDA260904C390000,NVDA 260904 390.00C,2026-08-07 09:30:00,0.0043,0.0,0.0,0.0,0.0043,0.0,0.0,0.0,False,N/A,100,0.01,US.NVDA,0.09,0.01,17.0,10.0,,,,,,,,0.0,0.0,-25.926,0.0,0.0,0.0,0.0,0.0,0.0,0,0.0,NORMAL,False,,,,,,,,,,,,,,,,,False,,N/A,,,,,,,,,,,,,,,,,,,N/A,,True,CALL,2026-09-04,390.0,100.0,8,74.595,74.14,0.003835125,0.000255289,0.00684194,-0.009221695,0.000578814,N/A,26,N/A,N/A,AMERICAN,100.0,N/A,False,,,,False,,,,False,,,,,,False,,,,,,N/A,N/A,N/A,N/A,N/A,N/A,N/A,N/A,N/A,N/A,N/A,N/A,N/A,N/A,N/A,N/A,N/A,N/A,N/A,N/A,N/A,N/A,N/A
US.NVDA260904P390000,NVDA 260904 390.00P,2026-08-07 09:30:00,171.01,0.0,0.0,0.0,171.01,0.0,0.0,0.0,False,N/A,100,0.05,US.NVDA,169.65,163.1,1.0,1.0,,,,,,,,0.0,0.0,0.0,0.0,0.0,0.0,0.0,0.0,0.0,0,0.0,NORMAL,False,,,,,,,,,,,,,,,,,False,,N/A,,,,,,,,,,,,,,,,,,,N/A,,True,PUT,2026-09-04,390.0,100.0,0,108.599,2.219,-0.969533011,0.001537861,0.039849887,-0.064788551,-0.102976293,N/A,26,N/A,N/A,AMERICAN,100.0,N/A,False,,,,False,,,,False,,,,,,False,,,,,,N/A,N/A,N/A,N/A,N/A,N/A,N/A,N/A,N/A,N/A,N/A,N/A,N/A,N/A,N/A,N/A,N/A,N/A,N/A,N/A,N/A,N/A,N/A
US.NVDA260904C400000,NVDA 260904 400.00C,2026-08-07 09:30:00,0.0024,0.0,0.0,0.0,0.0024,0.0,0.0,0.0,False,N/A,100,0.01,US.NVDA,0.05,0.0,2.0,0.0,,,,,,,,0.0,0.0,-100.0,0.0,0.0,0.0,0.0,0.0,0.0,0,0.0,NORMAL,False,,,,,,,,,,,,,,,,,False,,N/A,,,,,,,,,,,,,,,,,,,N/A,,True,CALL,2026-09-04,400.0,100.0,42,60.923,78.604,0.000269433,2.7419e-05,0.000602754,-0.000630286,4.1461e-05,N/A,26,N/A,N/A,AMERICAN,100.0,N/A,False,,,,False,,,,False,,,,,,False,,,,,,N/A,N/A,N/A,N/A,N/A,N/A,N/A,N/A,N/A,N/A,N/A,N/A,N/A,N/A,N/A,N/A,N/A,N/A,N/A,N/A,N/A,N/A,N/A
US.NVDA260904P400000,NVDA 260904 400.00P,2026-08-07 09:30:00,181.01,0.0,0.0,0.0,181.01,0.0,0.0,0.0,False,N/A,100,0.05,US.NVDA,179.7,173.2,1.0,1.0,,,,,,,,0.0,0.0,0.0,0.0,0.0,0.0,0.0,0.0,0.0,0,0.0,NORMAL,False,,,,,,,,,,,,,,,,,False,,N/A,,,,,,,,,,,,,,,,,,,N/A,,True,PUT,2026-09-04,400.0,100.0,0,114.54,2.219,-0.96686441,0.001498682,0.042905934,-0.074579596,-0.111488811,N/A,26,N/A,N/A,AMERICAN,100.0,N/A,False,,,,False,,,,False,,,,,,False,,,,,,N/A,N/A,N/A,N/A,N/A,N/A,N/A,N/A,N/A,N/A,N/A,N/A,N/A,N/A,N/A,N/A,N/A,N/A,N/A,N/A,N/A,N/A,N/A
